project_wocid;commit_sha1
luispedro_mahotas;001745635622c724ac6c4c7188411125677cddeb
luispedro_mahotas;0017fc16b9aa51a082e251cc3cabe3f732785c2c
luispedro_mahotas;004d1d857ee080a0cb453b50865e1db134212636
luispedro_mahotas;00933e9879dfc9c905489639a6fdef01ce838766
luispedro_mahotas;00b8c9748e3fc01d794847c67b30d49a7175833c
luispedro_mahotas;00c132755463690ca291c58c3435d491e8e1f0b0
luispedro_mahotas;0157eb66f775db6c0a7f25ae661057e521adf991
luispedro_mahotas;019e09f67c8407cedbe2f8d06445886ca90db348
luispedro_mahotas;01baef3728e995ae80bfc2ac84fe746a01a76687
luispedro_mahotas;023cba178f26554aef88e7903181dc1123ab5d93
luispedro_mahotas;026e3dc969b40e4bb3eedb18d254ddbaec8bd26a
luispedro_mahotas;029196e07317a50a0584158028a7cc527464be14
luispedro_mahotas;02afaec8fd740dc862e6905a50838f1738db7fe5
luispedro_mahotas;02e0d3867305526eef528a773a34e5c5f3bf5bbc
luispedro_mahotas;02fe6a1b35c4cddd0e4519524dfcecc36e422154
luispedro_mahotas;031d24e0cfab5b372224fcb20457df23be376ac4
luispedro_mahotas;031ea658382e7aba5fcad49df9e116824a391be5
luispedro_mahotas;03323ae2ef87c478c46c8315b3a8bafa1278ca5c
luispedro_mahotas;0341ac55cd674088ec75ca1d441f88ba60a3e82b
luispedro_mahotas;0341f06c6346947590d204c08cab2dbf1b867eb9
luispedro_mahotas;0365f7239956986d288db1f9e5b2ea4720765c4d
luispedro_mahotas;039d34ecc0b64d78631c3fddcedb7fced4841ad7
luispedro_mahotas;03c398c859f3eea6d7d4eb8ba7c393b352a45c88
luispedro_mahotas;03d772dfb45b8828d0e6ccc94e577f252ec5abad
luispedro_mahotas;040287b23c57ba00150e6ecc56f352de52a11f0b
luispedro_mahotas;0428aed8b29f907fb0fce54b701712063f1655a7
luispedro_mahotas;044023e7e15c3d9680404e27b41b736a836b03a8
luispedro_mahotas;0472324876c2257682784508757453454d63d0d6
luispedro_mahotas;04bb1c5099b7600ffeccb96edd8e7f7e435f4044
luispedro_mahotas;04c6d71f11d1b606638db00ecc3ac94ff29429f6
luispedro_mahotas;04f3cc03f63f27384fcd118edac499bb83dfd12b
luispedro_mahotas;04fd8d0065799350ce7fad4d65aadc26dc2574a8
luispedro_mahotas;05190b7a2e8b7d5693193eb633a0f79a53a457b8
luispedro_mahotas;0525a76bd9a60ccdfe9633825398dfb4636e78e6
luispedro_mahotas;055d238f10b37f9f94a4882c615d6ddf88349d36
luispedro_mahotas;056fee49ef2606a2ac896c141fe8b8945ea818c4
luispedro_mahotas;058bf5517de7474d016c9f28cf5e3f9d8a770f95
luispedro_mahotas;05b97ee0767d280e19abd632fc1d85b00f533829
luispedro_mahotas;05be29556abb9635c0c790738a223c117f703924
luispedro_mahotas;05d775f24af2e81db167a708b78e588871a4cb65
luispedro_mahotas;05e90d8c1b801f6f304ad2a3e7c748efdc545f0d
luispedro_mahotas;05eaebf6cbd3dbb9b9805bac081b42a8ae11d966
luispedro_mahotas;05ec3dde0686802f40f11dab4193f2ae7e74a2ec
luispedro_mahotas;06305da7fff700066be048a86f54cb0f515a0e25
luispedro_mahotas;064e743e6fe3f8dd6c2428c2041c6a46d0492356
luispedro_mahotas;065ae3e858881964b03692db0f79d910a044b4f5
luispedro_mahotas;068c5513eb2f6ae8c786c2b316d64c35c0d003b8
luispedro_mahotas;06b0cd8bd06c5b5b745332ce6e73da98e534dd3b
luispedro_mahotas;06c7b79599f2e52e1b345436a74cd987a7f31bd7
luispedro_mahotas;06d26f6336e5c140edcc5d1e0320ab017996b903
luispedro_mahotas;0701b706ba595f70a3698a4e413a0f3dd42d4332
luispedro_mahotas;070332dacd4108df12b999d3d720596de8b59ac9
luispedro_mahotas;0704d1b547fce6ccea5bba7141d6bc0f3415dbeb
luispedro_mahotas;071f2c7d3ead759dfe953c1fdec13e88f5df9bfc
luispedro_mahotas;072d558b7b146327fd73ea793ed3410eb2f308c0
luispedro_mahotas;072f93ce317d1f1b38523d1cb71b15b053e6f1a4
luispedro_mahotas;0739452e22e9d00446ffd77cbcd4ed94f4830fc5
luispedro_mahotas;0763ff496a31611ac215a0beff82a47a9c30f7d2
luispedro_mahotas;07a1205a3445b67453434415f3e070b946abc049
luispedro_mahotas;084b43c17fe09cdc2d751bc889bf4a39a7e87026
luispedro_mahotas;087346f3cc52c3cb4585f799e11985a12bcb9d97
luispedro_mahotas;087a11daf6ca36167f3617d05419e94497631172
luispedro_mahotas;0899bd446dac22c01862c492ef233c0060dd4e37
luispedro_mahotas;08cc4aa0cbd5dbd4c37580d52b822810c03b2c69
luispedro_mahotas;08eb81d916b0975d6d14131fdbc72cedd5018a75
luispedro_mahotas;09054d4b2846d2de0598cc0c7cc29325fd4acf75
luispedro_mahotas;090d7942c1e7bdf26ac006f2d846f966eea93090
luispedro_mahotas;092450ea1d9a93ad35825a56a285534faa189d57
luispedro_mahotas;09349c5bf9eb8ebc3fdc6173b42bcfd9dac25f45
luispedro_mahotas;09350c4bb58a20c126e48a67c799efc27a6205f8
luispedro_mahotas;09384033d181ecd3338a5dacaefbb43088ee1cb8
luispedro_mahotas;09414ab9b22233cba6a934836d73536589ec9630
luispedro_mahotas;096682a15df9a476e8123465cef1cda4f49860a7
luispedro_mahotas;098107c854ccf67ff70a526d871460ff083865aa
luispedro_mahotas;09b294083ea3c7c6a91ed945bbdada17f3b6b27f
luispedro_mahotas;09cc48f434a51d6fe87b0d6177438420e16b2944
luispedro_mahotas;09e6d42691d73cefff0ae9e4198f702ae143c49f
luispedro_mahotas;0a00590c5bec3688ac15741dd9b4976cf70a8190
luispedro_mahotas;0a69a736238dd89638f6f936c4c5241d2b22ecbc
luispedro_mahotas;0a912247945e411a93c37e2378c0371d487e2763
luispedro_mahotas;0ab81f30ea90db0b87a310c70cf9c720672de5b7
luispedro_mahotas;0abf25333b924af35d4d0d41de0e09d91e9e0d61
luispedro_mahotas;0b264a6d9f48f06e7ad0dba83c5442c3a76d427e
luispedro_mahotas;0b2d593041b715046b03ad4bd95ac540c10c6380
luispedro_mahotas;0b51220c22c56a723c0b1f298707ee1222441e9d
luispedro_mahotas;0c030db8aaf8b30642ebd9f9339b52190a3d38f6
luispedro_mahotas;0c07dfc2a0a2e468edb1202965fad6791581def1
luispedro_mahotas;0c13509ed3df0fe3495e6fdd7b232e898796936e
luispedro_mahotas;0c3cc25d6a38c36b0865e7932e7153a6a027ac19
luispedro_mahotas;0c4aacdadfaca2a9ce49b3832d0180f811187d50
luispedro_mahotas;0c4ee8a81230b36e9fab0fd1e193bd1c628eecb1
luispedro_mahotas;0ca12647bd44e4db2c6b50e317c7e1204fcf5443
luispedro_mahotas;0cc9b3ce5b194b8e9896beeadfa69f921b31d1e9
luispedro_mahotas;0cdf0d80515c33eeeff81414412d3b3fffdf41c9
luispedro_mahotas;0cf5ead9d1a6899934dfa1361dd494e1c64e395f
luispedro_mahotas;0d044b59e7f5a820e6e526de35869d7cb14a9dc9
luispedro_mahotas;0d29d9ff8a7a2348e74b24346630655055adc61d
luispedro_mahotas;0d4d8d902665db44a833609b478e0be104ccb965
luispedro_mahotas;0d6485faf32f02f95f86158c6cc6ecabb752c710
luispedro_mahotas;0e511e270c898ddf118792beb56a73534c03bf7d
luispedro_mahotas;0e596d559e2f4e8330728d506f329aa141487a6d
luispedro_mahotas;0e7c5bdcd2460e47d2e06b68a88db60489fbd3f0
luispedro_mahotas;0e9698dcc249157c2cd2025f380da889d9c2defa
luispedro_mahotas;0e9c5a5a6a4e420b97fe94fe69d96a2f000e6cf4
luispedro_mahotas;0ee51615d9754a093a0ec6bc99749e239674d660
luispedro_mahotas;0f02de8161c829d3c73c5a8ba667ae4cf681557a
luispedro_mahotas;0f24e75dda7ef1cd1fd56bb093c28f75eb852ede
luispedro_mahotas;0f7bb8f028f839eb792fafe8596812ff443933c8
luispedro_mahotas;0f7c5ab3e7a8e2fe45a66bff898e23fb5171b55b
luispedro_mahotas;1037df5ee367d5cb7f9273d48dc6b24e56b0f01a
luispedro_mahotas;104b61c2fc10b4c429b1e819a6143a8fd345672f
luispedro_mahotas;106a349fdebea63df05577a97b0e599095d1fbd8
luispedro_mahotas;107fb185fa44a1a0f2bb898718d8da468b1c909b
luispedro_mahotas;10abe3380784b045b6339717a3c570a2635463e6
luispedro_mahotas;10d04d0db95bdbcc8a99d726107a40398550bafd
luispedro_mahotas;118cef1fb6e233eba3a77ec38f00d42fef30d5da
luispedro_mahotas;121d8020c2ffa4f4cbb155401a74b2a1e84a7da9
luispedro_mahotas;124edbf956e6522e50c471c5de7ce6558d38c195
luispedro_mahotas;128d0ee19c03d74e6e7e82d182beab67d5f698b4
luispedro_mahotas;129da404fc938d5e46d563cc6d90db9bff0b741c
luispedro_mahotas;12a8e4a213c5356f7317df826d1c5b1615b5c997
luispedro_mahotas;12ad8446b21a3549a8bb2de591eac619e4db9a7f
luispedro_mahotas;12e8b3a641766b66172ac937867223a579fa541e
luispedro_mahotas;12ed76a0efd442b1147881c67055dbe32983dd5d
luispedro_mahotas;12f8b5355a868bc0994cb8c7a9b600e55b03bc78
luispedro_mahotas;12fd20d12bc1b564882d87bccae8bbef02860d18
luispedro_mahotas;130da4e7c53fba05adefa452684f784b4420c88f
luispedro_mahotas;1327763546563f27f372b87d199c929fafdba7d3
luispedro_mahotas;133feb7a1efe220bed769b83c9806a40b7bd33da
luispedro_mahotas;1370d27b23c874facb2ac33c5a4a74ace4dced76
luispedro_mahotas;139b741943aadc7ee9979f08a1cded424a122248
luispedro_mahotas;13c9a8d5ee33b38b7cf68d3b91267f07ee736c94
luispedro_mahotas;142fb8ccbe5a82c4790521ad785895b31214bcf8
luispedro_mahotas;142fc182c9da4b232f8fc64dd694c85cf2597143
luispedro_mahotas;1473c0323db3cdf9ab817a24152cac2f40342005
luispedro_mahotas;1482b4d3004b1054c95cf4921bcbf948b7c05776
luispedro_mahotas;1487b634ef1f960d8d0dcaba2f6d3aec860e2abc
luispedro_mahotas;1505b8ff5dbb87734c31df471e0ad17ce7d79bc3
luispedro_mahotas;151dc3ce2ebf6bf339390ded83a64eefadd3d75d
luispedro_mahotas;1540c3386617cd27086c7a8d3d5c07d04f67bc37
luispedro_mahotas;15449e6a6274f8c6e7bbb50c30957bda42624934
luispedro_mahotas;1547e3227f1051fe056e38f4af96729f211d9bc5
luispedro_mahotas;15935c6a54baeec596151dd4ceed5177622a51a9
luispedro_mahotas;15fa5bd7ab6ff805bfa7530685e7a8fef00f28fd
luispedro_mahotas;161f9dd4bc6bebdff7ac84f8b00a2f897d061548
luispedro_mahotas;1630d403771d5a7802af77250f85a1cc64418f18
luispedro_mahotas;16486dee95abc5537eef398f3b9b775b965083a8
luispedro_mahotas;165368f0bba5005957bf7ef3ac9ad4c5c70366ca
luispedro_mahotas;1688d8684d03f6c395328eb8c267fa11c88a3482
luispedro_mahotas;169e61e61594251d1d3d80ccfbb22a2340a4d56e
luispedro_mahotas;16e1ff13ead820b3241a2ba5d712aafd34a2e6c9
luispedro_mahotas;16f7b68199d339838b5d5d44c7a50f85d92f6582
luispedro_mahotas;16fdb4c6b01fd4cd32621c9e8c89d7ccea45fc7e
luispedro_mahotas;170e0d0f7b6d7b0f4de8d596a94e0e935252dfa9
luispedro_mahotas;177c98632c3bed6341e6c1a826a555ed3e04746b
luispedro_mahotas;179c077f8fc557e4ed4efee679876c952534e69e
luispedro_mahotas;17c08116e7e61d0370e9184b4fa71434c8399a90
luispedro_mahotas;17eaf422fe719109a9c6f33106ebf354888fc859
luispedro_mahotas;17f5d87dd4edc9953513e6736d6c9f02d81cda14
luispedro_mahotas;1801e2be2eeceacf287dd3488b203abe445b72b9
luispedro_mahotas;1819add9da8e8093617d5a7ba1a4230e844a5d5e
luispedro_mahotas;1840b629fab325e7fb700f90cf2b662ff35e4205
luispedro_mahotas;185c7946e992594cca4ab1f18936278aef95a513
luispedro_mahotas;1872e86e1aaa0c5ce8a5bb7bd54ff714cad4187e
luispedro_mahotas;1882109572e9564aab98159951e12999e2af1613
luispedro_mahotas;188f2508c1887f93962c14e54875ad488215c5c4
luispedro_mahotas;190c656d3c49384a7bf5a87f099f922eecc5b979
luispedro_mahotas;19261b555cec742d34a412e8b0d92d86ffee0e81
luispedro_mahotas;199af97251a172fbe4e89628ad2f2a8b5f1fdcf9
luispedro_mahotas;19a3b499f4a6679139f7e7832f0542e409a53468
luispedro_mahotas;1a1b7f326b938d1ef86a58e509a0f02bd7e1321d
luispedro_mahotas;1a2175da6e9775c7fee5f6b81263f5cc51698668
luispedro_mahotas;1a77f042728e12a57da1c939dc50142684ec1576
luispedro_mahotas;1a91bac965bc173fe7b02d24d1599f6ce1a89ddb
luispedro_mahotas;1afbf19f939e1067966917e9696d3026a60d57c8
luispedro_mahotas;1b01d34c09fdc88590ae073fd28833a1744b85a6
luispedro_mahotas;1b4949f5ebd77e17fde861cb55d0f8865bd86dd6
luispedro_mahotas;1b8f382067814b7c9bfff3ffab9139dce7a770f4
luispedro_mahotas;1b9d4634db5690bdf29c3608e921a3b7ae25ec84
luispedro_mahotas;1ba0fa46f599d04c4ae6ac426d9944cbeb989ab7
luispedro_mahotas;1be28f912daeae4df5e610ed7952edd959ea6b43
luispedro_mahotas;1be395b1e64ce7cd63a43000e8fa880c46a972d7
luispedro_mahotas;1bff9a5c6b946b0b5d77c8f9b74e57a7889af0e3
luispedro_mahotas;1c2485f2c0ee07c9e600d75491e25058ae03209f
luispedro_mahotas;1c6d9995db298a66e82268868c23db4c4ca8126d
luispedro_mahotas;1c84c258c1e4167d4e6864abb3d399703894464d
luispedro_mahotas;1cbd2191ebdb2fa1dc9552d46a923ac418822a0c
luispedro_mahotas;1cc50e6e0142cfb759483d382efec7e13f7fc666
luispedro_mahotas;1cf5cefbf496dcbf6464ce893a88a7fa5c2aeab9
luispedro_mahotas;1d52d52ae5a1f76a00c40327c382677c5b7f3688
luispedro_mahotas;1dbf2ed86b0d16170ddb18bfbcdfee6c2c3e801c
luispedro_mahotas;1dd6ceab53d08abab052bf57bfed3ee092588b89
luispedro_mahotas;1e1f7766267d1054c04bf12a5802b38f7a510b2b
luispedro_mahotas;1e2b4a8d52a0441ed0b5893611c2c9ca80170978
luispedro_mahotas;1e46e28c62ef6a448393f861fe1f664241e33438
luispedro_mahotas;1e74491540edc75cfc3ffa0923efd9cdc0a9d740
luispedro_mahotas;1eb955f4655740e31e01b67abed494ae75617f7a
luispedro_mahotas;1efe91e3e5534409b3f6a89ae3886025c2c5d8e5
luispedro_mahotas;1f0e0c5a06801d614d27db2c194081df2baf6f5e
luispedro_mahotas;1f26ad28b1b00b9efdd3d64dc905a27a2dd3231d
luispedro_mahotas;1f77cdadbb9fe7aed6decf08dbcd8d14076654d2
luispedro_mahotas;1f85ece1050050d0325f5c217d3c17d238bd373c
luispedro_mahotas;1facfcbab11cd1510695928b2ca5e0fd69c1b552
luispedro_mahotas;1fca7ac4fa039a604225a33412d2a20cf1574dcc
luispedro_mahotas;1fe2495661a96605240c593ae00dcaec1306b77e
luispedro_mahotas;200909ecb1e05210342f61e098c70346a426fe6b
luispedro_mahotas;200ba6a6f62faa2b0f9dffb37310d38a47684e82
luispedro_mahotas;200debf0c494bde6963ee43c6a72d90f93b1163c
luispedro_mahotas;200ebd570e0cb92675b36d3193310ec4c0cce63a
luispedro_mahotas;20637ae0b03caa06afc3c49e89910322c77492a6
luispedro_mahotas;20887a4abf274fdba468cb75e235d1aa4e092e81
luispedro_mahotas;20bcb37fcea790963e518d30301166590cb53d54
luispedro_mahotas;20be10ae5aab46ccbb77fb0635cd660c04497b2a
luispedro_mahotas;211164bb84378a78f69d2316b51f7db318b6df8e
luispedro_mahotas;2112c3794fc2cfe039e1cf649164444a451e3fbe
luispedro_mahotas;212d3d3796f16cc7aa8d223499055b5a9cfcba1e
luispedro_mahotas;213aa707f942be40e8680accb131676ecbc82b56
luispedro_mahotas;2175425dff48c919db3bef7e44aa044cc03b39ef
luispedro_mahotas;21adf1d959b949d841590a25c8f1eb4cf2133ace
luispedro_mahotas;21c3171a3f302b9cd21b57c5c5b30968671eaeeb
luispedro_mahotas;21c7755fcd0f13bbeddf05bd02188ee8356b55b1
luispedro_mahotas;21ffedfef7a390c496a655265ff1eb2c86f5506c
luispedro_mahotas;221f2e9dce1ce5828f307909fd6da6cd9452f17c
luispedro_mahotas;222bc272215de36fbce973cc16b3b64d4c891415
luispedro_mahotas;2237c00456d4b11068bc16d02a41ff9704f7d41a
luispedro_mahotas;226422e825dc43810a396f738377e736682da496
luispedro_mahotas;226f8af33543746fd60113e20acbd6f02993df7c
luispedro_mahotas;22e5a3af569ee20ba886f0c7388c60383c26c684
luispedro_mahotas;22fececf3d3d75a6607b889f972663a1473bc37b
luispedro_mahotas;23c9093a7b7f7c8849bc47413ab5bbb2317a4fc5
luispedro_mahotas;24714221549e70814d285f5a32f7c8636fa55665
luispedro_mahotas;24ab9d9fc2c21e0ff053e065afbee6dc17a5e14e
luispedro_mahotas;24d4b336a14eafaa995d4b7279df29dc4d2640a9
luispedro_mahotas;24d8b8658ace32fb7e9b8b98be9ac15d41ea0aa7
luispedro_mahotas;25047e22cb03feea424e343fd1a289ec9dea8425
luispedro_mahotas;2536164026b99cf8dddbce3e4df9061be39a5f5a
luispedro_mahotas;25625203e2228b2153c655263d5f95b4d11fe576
luispedro_mahotas;2569f562eec44d39d3695993c55d4661cc116047
luispedro_mahotas;25c3e1c127e233adbbe4775416b4af5815ffc911
luispedro_mahotas;26a9fd18e5ad21fe6bd8afeef37b75178ed0fbb7
luispedro_mahotas;26c28dea293c1650afeafd60720de71f6be8e9ec
luispedro_mahotas;26e3568369ee039d85e98a7252209803ddd0a220
luispedro_mahotas;26f4f37541949b19e1b0214c658c2892015e9a3c
luispedro_mahotas;26fbe52d826a2d3ef791dcda154aaed7ee96413f
luispedro_mahotas;27100486a47eea7659880c4b2e7d16e4dae39bb3
luispedro_mahotas;27121e67c35c7b80b12b9d1bec806507a3033ac3
luispedro_mahotas;27358b3612c0ebb6614fa45a2076ee4d12d21000
luispedro_mahotas;2749535b4e8b9dd3c8ed46e3ac832bf682652c8f
luispedro_mahotas;27fea38ee947961d1007ae7505ceb73d25abfdba
luispedro_mahotas;280f248095177ef7c4446a0a0092cf6e38cef164
luispedro_mahotas;281fb4478858eca53b74f2a4e896a415fd9fb521
luispedro_mahotas;2854c91c0a3810600c4e93ab5bc55c2758d89334
luispedro_mahotas;28626413418249ce24e7bbb964c3416249826c12
luispedro_mahotas;2887228fc7facd880837524604a0835ad837cb95
luispedro_mahotas;28883e9975551abf4a57a34ebcc23ba879d11e0e
luispedro_mahotas;288d1edcbf51a19f2c2b159117aad2e9386f082a
luispedro_mahotas;2936eb3894e6932111eadf48908a4db66409fca2
luispedro_mahotas;295c5a7777c182ae637fe05e01369a4f45c70e4a
luispedro_mahotas;296e40de49036b3f0897691a286af1f5ca39c04b
luispedro_mahotas;2970f228ec3c7fbbf71582bceffa06ce2ca4a124
luispedro_mahotas;2974e98d650b8e87d8c658857331e94623ec0a9b
luispedro_mahotas;29a5fb4f8c0ef1b134789d4e4878a725dd9b32a0
luispedro_mahotas;29f514a70b202bde5360542972b37cd791ffa29c
luispedro_mahotas;2a3ce8b511dfb104de17d0a61ed4886f82c9923d
luispedro_mahotas;2a4e51b18e6bdfe4f736935ac0e9865cc4f6e675
luispedro_mahotas;2b37bce999505ad8ef0fa3ae958946a1e26c61ea
luispedro_mahotas;2b825da179af2b1222afeb33fda1582b9daf424f
luispedro_mahotas;2ba313e4791d02b589bdd7c22c552b4f97f5f768
luispedro_mahotas;2bbe05e25803463a65353ff7dfe6551dcc396ea9
luispedro_mahotas;2bc811126dce7e5c3378f0cee7cb096d53b604d8
luispedro_mahotas;2bc8e32296454cdd991bff42a16e37b35a00fdb4
luispedro_mahotas;2bf0cf345c595914c47dec5dfdfb5f022075e442
luispedro_mahotas;2c16af7d4ccd0de2aa5ed3ef4ed6d0ce86a52d21
luispedro_mahotas;2c423e18b2b2f101fda911b84b1e9907f0c37010
luispedro_mahotas;2c9171373af7ec6139e00d47fee2e0418b5ce685
luispedro_mahotas;2cd478e3fffe6efc9522908d8a13c05bb04e820e
luispedro_mahotas;2ce748d5e50c8263a01715b2fcde495fcf46afbd
luispedro_mahotas;2d500bb42e1bffe601917829bf9327fe5522888c
luispedro_mahotas;2d5d1e33fc208436dd304683e80caff01017e904
luispedro_mahotas;2d948373b50cf1e5cedce293f19b0bb932a8fdd1
luispedro_mahotas;2d98172c1ebcd8d79727b43e066691f1f475514e
luispedro_mahotas;2dca9772e5cc9b748e29a9d21a83d3921eb3b72b
luispedro_mahotas;2de4be40a85dc4248a227e6d8a1430f93157da0c
luispedro_mahotas;2e25463460ae5a99b086b74fb7656a0df5e5ef34
luispedro_mahotas;2e7a651cc8b7c469551e0f4755a345dd73ca1acb
luispedro_mahotas;2eac63fc6b485bae1794dbf7021f066a7942b56f
luispedro_mahotas;2ec2b7699427ce0f09f6ed6c4156a1c880b5101a
luispedro_mahotas;2ec77a876570253082a33d46b3353b7f0d407c0f
luispedro_mahotas;2ed75ed196fc65917ca6ae8aacd7749ee0ea2c58
luispedro_mahotas;2eecc17fce922d5c8fd0a5a587ec4f269fd6f3cd
luispedro_mahotas;2f057b53e49bd67368ed90df6e9ffda654d198a5
luispedro_mahotas;2f06820301e2308e793619fd6de7b25969d91696
luispedro_mahotas;2f081629fa70d1cd444ecdcd471b5f91d3d1077e
luispedro_mahotas;2f2074d12dc8f87394ffca96dd841490ca67f3ab
luispedro_mahotas;2f374baea50c75542ac44770c83fffc127680584
luispedro_mahotas;2f7c44820cf37c90cd339f4765bff6726738ec6e
luispedro_mahotas;2f7c7ed887876d4ee94fa8413f483f0bffea0d1c
luispedro_mahotas;2fc5b540b4c9cf76667a477d37183b4f70ce3fb9
luispedro_mahotas;2fc8ce58293044ce762830bb5fe945302ed459a1
luispedro_mahotas;2fca33a7ba78bf4473fe3f05a8a61f29c207097b
luispedro_mahotas;3035cc365d6a2d4a379212b158eb577cdd2bd39c
luispedro_mahotas;303f721832405b2d16143d5949028f9c500a549e
luispedro_mahotas;304d6202c9a0aaeb539a38e8d2f05e436c22720d
luispedro_mahotas;3059e7efd0718823e36381acdbfbf18b798fb174
luispedro_mahotas;30a87f42cc999f7b73f7e1c21b79e1ae5fa7b147
luispedro_mahotas;30a9f8048955e5b12c8b191db66f30e4b9bea40c
luispedro_mahotas;30ed414fea237ec94ccbda52cb2f88e57f7add59
luispedro_mahotas;31109ce6ec2904576e9b07166790ff40f0fdfade
luispedro_mahotas;318ccf4cdb5f30da569508db7c9ffdef791e07b0
luispedro_mahotas;3194387ef7ba6a700f941e759e8d1e1f2e3e8c51
luispedro_mahotas;319de2df5058212d03cbbea0e0de86c8d1c4da72
luispedro_mahotas;31bee3f3dd05f1d7ace76f91021062a410ab163e
luispedro_mahotas;320009b2d559672fe72491ecd5ceb2bc89c55c67
luispedro_mahotas;32398a2633f6fa0a6b0fe386af97a6016d4e18d9
luispedro_mahotas;324f18d17d2f311ca43489ae3eda93082d4b8f5b
luispedro_mahotas;3260e5604cc11338e9c709480ec6b08fe8ff883c
luispedro_mahotas;32845bd1539bf7d449e7669774dd474d8f551d92
luispedro_mahotas;328912260c8f537696533ab9006e66a60df7de15
luispedro_mahotas;32b26ba3b4fcac3324e2bfc19f3e3871f93a12b3
luispedro_mahotas;32e7bad6b914c90460ff2cd607908be97584a61d
luispedro_mahotas;3331e7aa18537f292f717d10c2a7d2ef268a4cc6
luispedro_mahotas;333fb10dc473beb1f1d292373d5a89801c3d0244
luispedro_mahotas;3351c214e7946a65b12e82b1b9992ca5dfb33781
luispedro_mahotas;33568593affaede0bd2f5322c2092832ce26be91
luispedro_mahotas;335c0af048005dde11c96ab17263ee33bc5ae2c6
luispedro_mahotas;3373d8c9eb643f4c4b658cf8b8d5c65bb62d88fb
luispedro_mahotas;338cdfd6d9164c3c47d7949097507f7ee45c20d7
luispedro_mahotas;3425eaeb418c44e87358c4eaf2b5132ef1122db1
luispedro_mahotas;34443188a10528563c5392f6bd64162560c879dc
luispedro_mahotas;34a500bf757284f69713a4422692864181d6cbc4
luispedro_mahotas;34cfb8134320de2a895d746d02e458ba24e100d2
luispedro_mahotas;34ec2008bfb05006b442621630abeeff6bac6f27
luispedro_mahotas;35413c3aa1654c2aaa22199d915167fa5b9315cb
luispedro_mahotas;3560d32fa8de3b56b21653018ebfa53041e95a93
luispedro_mahotas;357bf1bf8094abcf18cc18f5bb9d1db97b435c34
luispedro_mahotas;35ed705ac0464b248afaa825a2526350c6c425ae
luispedro_mahotas;3629866422cbb62eb23a586b74c799faf7e26fd2
luispedro_mahotas;36564db79449152f64133aed2d8c3d3f768884aa
luispedro_mahotas;36602a3866fe081372fea2ce3a60272f810fc69e
luispedro_mahotas;36864d25e7cfdd7f2d187b709dd3df7d2f93073f
luispedro_mahotas;36a23cebcec489b89bbfaa9ec5ed7dd60a746b1f
luispedro_mahotas;36a8fd052b6f9c02c1ed698a1b7e7cb2b3f8d08f
luispedro_mahotas;36af6e982e2ee9da3e120cf322a5b907b794a8b0
luispedro_mahotas;36c9921bc16e82fd6f8c07f7ec492c81490c6d90
luispedro_mahotas;36e330223e3b3f9ee0d46954327ad1f1eef04e14
luispedro_mahotas;37007c19f53ad5c7e610bd484578a2b1ca0a04f6
luispedro_mahotas;370d349f77a73b8a29cf64179956fecbf9f071ef
luispedro_mahotas;371082e125148b168eb9ab467c308651bfcb8b11
luispedro_mahotas;3742f1dfb62e42894fcb4bb3f0ace0d0f2a1dd57
luispedro_mahotas;3798a554e80eb043f1b73ae778848c20c6d7b443
luispedro_mahotas;37ed2623a35ed19832398aabf78dc8e0a32f921a
luispedro_mahotas;37edc5e93813aeb55d1a1a8b8e604a32a69dece7
luispedro_mahotas;381810f442f05a9da8da2b2fa847e796a1bfa815
luispedro_mahotas;382f2f1166203e08255cb7dd72ec9e8b365315ee
luispedro_mahotas;382fb2a94356b8b3ddab4caa0adc4461aade25b9
luispedro_mahotas;38341ad59fcaec5198e685dc585e8916fbf23b86
luispedro_mahotas;385f15c0a089d44d731bb5d906f23f0cbd8154e4
luispedro_mahotas;386595196e69f3c622a28deccdb54f75f13ff704
luispedro_mahotas;38720f21468bee972ec43012c310a3b184e55e87
luispedro_mahotas;387e0ffa293d13f6aae9da7170cb1bc7c7b03a24
luispedro_mahotas;38b220a71d089dc88b7f623bdfaabd5919ac3892
luispedro_mahotas;38dc4d2995788d58eced9de87ceb52a1014a5702
luispedro_mahotas;38dc90028b72cc0712c357f461cb19e0b04a1a8f
luispedro_mahotas;3944771999c1487b2edc44e8efdc1d03226eab71
luispedro_mahotas;39b50ba4c8486d1c93b88fe010799806e5148466
luispedro_mahotas;3a34ac8fbae17f8306c60a967662e2d80b60de16
luispedro_mahotas;3a371e02563e8a517e3553a401aab3a64f6bafef
luispedro_mahotas;3a3965dc2ddbde8a6c2fe257b21cd54df31fe21d
luispedro_mahotas;3a94a13e0a550097e92aeff340a24c022d6db164
luispedro_mahotas;3b2171f94372d366a843c42eb22f3f72120bb845
luispedro_mahotas;3b2ff2492ed192eb96697579fdfe6bdc1bf1a93a
luispedro_mahotas;3b3424a5eef1161db205b760c2b7da68ae4fc267
luispedro_mahotas;3ba2b746112c665f2ef000142f6a290b51d785a0
luispedro_mahotas;3bc3a3f163acbd6294f69b1964408cf74a531a0a
luispedro_mahotas;3bce9d6f843e0d06693ee3665033667ad0ff0543
luispedro_mahotas;3c10ad95c26d486c3f7d2de447ec7bb150deeacd
luispedro_mahotas;3c519c0d788e69707a7a3be4f973875a595c7201
luispedro_mahotas;3cb01a6391a01041425088c00c5a8c06ffa18d2b
luispedro_mahotas;3cb1a2aa4c5cfa07a85b5203a3b7136c20b39f61
luispedro_mahotas;3cfa081013a9cfc3d3a23da1a2a99f958bd51696
luispedro_mahotas;3d2b46666374bbc7ee05602977ac70be87b57990
luispedro_mahotas;3da63e14d8c7037331e7d97702e4599e8637ea43
luispedro_mahotas;3dea4b82996328c557c4ab12df46b3a9243ccee2
luispedro_mahotas;3e169128971b6b8b8369b235b99fe15a5a4f6456
luispedro_mahotas;3e8abb206ced3a32e0c7ebf9fdba8764db83d184
luispedro_mahotas;3e927b415ef0f33710fed2fedd2377c207956638
luispedro_mahotas;3ea9c3767061056749b320a679003f5bcd0ee2f1
luispedro_mahotas;3ee5900bf74851c81e612c0ad78b0b48331275f1
luispedro_mahotas;3f19181bd4aa6e8bca4a1775b38170779c5a02a5
luispedro_mahotas;3f714199ca91b7c413733a8482d79096771b4696
luispedro_mahotas;3f737a8150a11929a0a7dba0e922b37031b33ebc
luispedro_mahotas;3f8c21db467b5fef96d22f8a3e6ff2b3dd63beb2
luispedro_mahotas;4019468243391bb21e40ba18233840a76c397a71
luispedro_mahotas;4022392a314ee1acebe5bcf5e09736a69dd6a96f
luispedro_mahotas;402f0caa83802a5cd1180b2d142a86a625d57f57
luispedro_mahotas;40402f78f6eda0712923d6628082c2b335300950
luispedro_mahotas;4076333f8e51f0bffce633b6520d0cb2c4da9e8a
luispedro_mahotas;408a689126dad5f66bb7e4b018c7817860778110
luispedro_mahotas;40a7056f9ea295bc5ed1d9558c799c875dc4c5d2
luispedro_mahotas;40bcee5131dc22e94cf997d8254ded7d854eb051
luispedro_mahotas;4159b1c73fc01172938538388d6399aa742e2f5a
luispedro_mahotas;416d6c87f5aafe29c625022c0e3d824056750198
luispedro_mahotas;41967a78309fb162b4dfafa1a75ab8c0c3bf00ae
luispedro_mahotas;41f77d05fa92aa2b2ffe143136ffcd4d42de644f
luispedro_mahotas;420b53a8290979f57ccea2af1644d5be206cf7e4
luispedro_mahotas;420c276363a2b3e59f58790b6fa6be64ec0b59b0
luispedro_mahotas;4284340c24fac5415df427e5f8c2547733970bef
luispedro_mahotas;4288738a18bb8ca0832cbc94ef500a881bcac1f7
luispedro_mahotas;4290f1e89a0526e954047f7b3e5be24afffb94f7
luispedro_mahotas;4296fbb2e8f83b4022e83657ce38b0e488974373
luispedro_mahotas;42b380be302306b2bd2abadd782adc3024e074f3
luispedro_mahotas;42ce13d331265168c1d6ff2cf4c8d01aecf50dea
luispedro_mahotas;42e15e5b4f46a9297decb983029babb8f33d650c
luispedro_mahotas;433f3beede290d1570f61953f40c69532b8697ec
luispedro_mahotas;434f7357739f3962db80600d77decc352648c25c
luispedro_mahotas;437ac8b7eb82d6663df36ebfeb617b2acc9182d0
luispedro_mahotas;437cd52fea3d495437d10f394df928c66918a29f
luispedro_mahotas;4388df2b71a99f56da5d42d63fc9add393034bf9
luispedro_mahotas;43e87e3505b05d47e9e30199f49077ca1ad198c5
luispedro_mahotas;4400113c5ee9a7d0de71eaf1873795715602f328
luispedro_mahotas;441e69a163b43f70c9c9a5ba6dc935e98ae76f13
luispedro_mahotas;44549d83dd7cee89673d1a58ef8a3819473c62fc
luispedro_mahotas;4459a0e85e38fc94b6af28ac52ecad4dd217227f
luispedro_mahotas;44a7055ebf8bd4305068dd337c5d9f4afd6a67aa
luispedro_mahotas;44d7eaeee35aa9d7dc857cb13b7eed7cc7a61ef6
luispedro_mahotas;44de0fff8fa8e0c94c41e45bdbc1b9352013d10c
luispedro_mahotas;44debfc66cc5a5cd1045a3ac0ad1fc287b1903dc
luispedro_mahotas;44e6ac44857105bc68d3afa71140c9fce66f10b6
luispedro_mahotas;451ba2ba1059a47e97fc1273f1dcd0d8149465f1
luispedro_mahotas;451c5959bdc3ce4509603bf62f891e8f6f57beee
luispedro_mahotas;4534f03f12d70fd10f1727d77895ed720782768c
luispedro_mahotas;4582a745fdf99f66ae208395abf2fd1b88068512
luispedro_mahotas;462bde56e524997f54c680ac1676f20e9e17deb0
luispedro_mahotas;46939d3a5985f3ae5970cc256cf8c9beb298eb2d
luispedro_mahotas;46d3fc54e9ad1bdb49c5abbb00bce4dc614c124f
luispedro_mahotas;47027faba50546e9ab6b63660f34955ffb597a2c
luispedro_mahotas;472c598e8bce562602924374802f8f042a135733
luispedro_mahotas;477a8801784f686113802fd263b303794893409a
luispedro_mahotas;47fc1359e197fb3289b819a6bf621d4be0d5c6be
luispedro_mahotas;488aa157ca277c0c9a196d69e8be64ecb70da1fa
luispedro_mahotas;48fd85aa56d30159279804e253978918a81a5ab4
luispedro_mahotas;493127c2b2da301f6f56fd7f2416389865b74037
luispedro_mahotas;4965f1e0ca0d63f98ec93f961cabd1a43f0b63be
luispedro_mahotas;4967314132f183ea5b94374674f587a8e5027147
luispedro_mahotas;496dce4d94fe476b4fe99a9d7c580828543ab1e3
luispedro_mahotas;498db9d7f97ef3971ccbf008d8a102b99884b49b
luispedro_mahotas;49b079df60a3580ab555c8917939b52f90e37dca
luispedro_mahotas;49e19eb25a55d791562f2b6304dcd1cf05710d11
luispedro_mahotas;4a224dc513daad24868b1916e751052def36403f
luispedro_mahotas;4a413bc90c94ddae3c0b33d61808b50ba4a47d35
luispedro_mahotas;4a6da64055a1aae69a7cec47aa2a183ca50bf938
luispedro_mahotas;4aa2e591c5a854852f2f63fc23c0d43db92763b9
luispedro_mahotas;4ab9358a4ea7df4c497bbb448233bb9cde4e1db7
luispedro_mahotas;4ac685a8594fafe02daa853eddbaf01f92a9000b
luispedro_mahotas;4ad27c7a8122c33421fccf63d0f2c9299814125c
luispedro_mahotas;4ad667add8e4798af263b25d2bed98877e9749e8
luispedro_mahotas;4adcbb38b38051b37dc1f87a2b6de6eafec95741
luispedro_mahotas;4ae89ea1db7a7442cb27f74235ea9583f6f871a3
luispedro_mahotas;4af483b2c7f0c9a15f6718a1cccb295c6b57af48
luispedro_mahotas;4b61f1bffd0478069ff9ef7aaea26109f098396b
luispedro_mahotas;4b6bba65b36f61733e577d7019a1ea8fd9c0b087
luispedro_mahotas;4b7a6437f63cc28a627f3c449464629a4856a5a9
luispedro_mahotas;4b8e05bdc943d48376ec3acfc0c0de7daf1758c6
luispedro_mahotas;4ba0aa0f3a55c965c253ea2030331170803dc9ea
luispedro_mahotas;4ba0f02a1c4e3e24aad1b595c591a10b82215095
luispedro_mahotas;4bab2fc58563476f469a922f61d0fbeb010c2dc1
luispedro_mahotas;4bb237e793e7681bfd07b7cbe5d9e9cc2dd8f868
luispedro_mahotas;4bb4a980aac9d9aae407f9b3cf86436955c1729c
luispedro_mahotas;4bb9a8a1739dda3eef137818046c9adce4c626e7
luispedro_mahotas;4bdebeacafce0bcf9ded1d6db68f2403a4047177
luispedro_mahotas;4be29e296362ea03681bc475eaa782431c4e536b
luispedro_mahotas;4be75f767d670bb996c014efc5f9577a43d38661
luispedro_mahotas;4c198db7e6c8306018934b594df27491a41a3864
luispedro_mahotas;4c1fd96dbf4a8191f4a2155af5216317d81fd563
luispedro_mahotas;4c3220c3a1e51888c97b629a3833349185b453cd
luispedro_mahotas;4c3bc4a28938af1412e5cd90a6a7b49ccc96e76e
luispedro_mahotas;4c5364b30b07d56c55a4b7adcc205b9ccb167ba6
luispedro_mahotas;4c5fca9502eb2cb134fa8eb9c595a2bd61383aa4
luispedro_mahotas;4c873b30555a7c0d95986100663372631ca02272
luispedro_mahotas;4c912733ac395855b7caff97aa9f59a4459a46b2
luispedro_mahotas;4c9d9343865079907441f7f7f06233a081e530f8
luispedro_mahotas;4cc0ac361ac19799dcef57066dbc50f8320236f1
luispedro_mahotas;4ccb02b427cbd0084ec95628e1c5857af27c62a8
luispedro_mahotas;4cdd49b93afd1b4aa8184e808f3c9ce648ae6470
luispedro_mahotas;4ce40ae07c9f276aad3bd289ddbff85e54abac30
luispedro_mahotas;4cf4e53a446a794e6da1d374f9bc4d1dedfe36be
luispedro_mahotas;4d308f6b0ddce1429e07b71808babc3f9f192fca
luispedro_mahotas;4d6fbe459f497dba220daed7a66ea81bf5998093
luispedro_mahotas;4d83456694a38c2f4aa6e975d9094a13f48efedf
luispedro_mahotas;4dccd1956679face0a475e94c41b213453a1ec65
luispedro_mahotas;4dd0d7b299ce8767d2536abeeee89dc954fb524e
luispedro_mahotas;4de8a86deb82385a3ae8485eceeb9fb516f24293
luispedro_mahotas;4e0b8cc5bec4b349004454cc01fd559af1fcc1ad
luispedro_mahotas;4e4cb9d8f63b4f134e6e76426917123408c71f07
luispedro_mahotas;4e500cd1b07857a63600e87e401626d41811964c
luispedro_mahotas;4e51ba3eed579571951772ca44211513ee052d83
luispedro_mahotas;4e66e1361a0b6b77920ded84156bcf23304399e1
luispedro_mahotas;4e83ff38a690b9c7f40711be9922302b83f5bbac
luispedro_mahotas;4e92cccd921ee9f2b4050bcd9432c2b265734352
luispedro_mahotas;4ebc79e8d4235cf2f81316e778da4d74a70e5a08
luispedro_mahotas;4ecd5e31620d862a46872757d939d06ed5c0cd9a
luispedro_mahotas;4ef686c43d2402e0230a296f1b00413e0c44b32d
luispedro_mahotas;4f16da49aa8830d39a0e730a5d017321a23e8ea0
luispedro_mahotas;4f1dbb7a5a60439c73b8321a710edeb26e00f972
luispedro_mahotas;4f304195c9a1d403d4885fa27f27a1a417246852
luispedro_mahotas;4f3dd74dfe3314e1fa26b4d3b0f3c0c9c755b505
luispedro_mahotas;4f6e9e4838ec2773869e3387b24e20ba940b1ca7
luispedro_mahotas;4f7d17f2458bd457ba26a2001e3e552abaf97b55
luispedro_mahotas;4f958d9009ea1c96184c530a551d90f4224fa575
luispedro_mahotas;4fca30507871bbe37774b717555d60612a7a896b
luispedro_mahotas;4fdbdeba3b6922574d012ae0867ef846ce6e029b
luispedro_mahotas;4fddf3d1821a2fa73e986d42cb36ae3e64403f4a
luispedro_mahotas;50448c990088861b729a82a6de974333c49f49c0
luispedro_mahotas;504a46f90cf725836a81852ccb163c238f9eba44
luispedro_mahotas;509000e2c5d68fb64e0251f586eb45fdce680f07
luispedro_mahotas;50952389bd868b24e7de477af6b8f4085d72cefb
luispedro_mahotas;50b79e49052e06f23a7a4c598610da37de6353b8
luispedro_mahotas;510c2ae1e6b6d32d150ce3e5ef6412e050632997
luispedro_mahotas;5111f48ad8ad863a74aa2105c6a114a6c3d42890
luispedro_mahotas;5143d5eb52f2387e60c5c3ab457c896412886f92
luispedro_mahotas;5154eab9b4844b459990f30ab815cc05c28326e8
luispedro_mahotas;515779763f9412e3863f279e0862a74cd3672ac9
luispedro_mahotas;5163b2009aeec5400d3424032c2a891ab7f95156
luispedro_mahotas;51b8f50869145906a00e6793aceebddd0bab7f30
luispedro_mahotas;51bc7c8f9b7a81f44cfb9c7a3b2df59205362bd2
luispedro_mahotas;51cfcde49e44a7d407e7d84b55769bc73ef17d33
luispedro_mahotas;52188c6c5d27b78286b4598e76d058a00ed27286
luispedro_mahotas;52398d610270f21680efac76dfff5ff33d080e33
luispedro_mahotas;52fd6959983c6660cee4c79124bbe38b34d8c2f4
luispedro_mahotas;532d6f8f9c0abdeedc8f7c35141854fc494b721b
luispedro_mahotas;538605eac05cd8bc0e6e65a78abd4336841077a7
luispedro_mahotas;53b20bbdc4730b5e41e68b9a81d6584d227dc294
luispedro_mahotas;53b62cd9760f0adecc2e46b50ef5834600c59bd8
luispedro_mahotas;53d3f9374e9e4c8a6d90546ffbc3736580885673
luispedro_mahotas;53fc5851e61416726935bab91fff81a76919a3eb
luispedro_mahotas;540d5e5a68e8fd3a9150ff241e2a70f21c059d96
luispedro_mahotas;54382cbacead32b4a5f6da2c452bf9cf3097cd77
luispedro_mahotas;55434fccf50b0cf30b41d887a0f2d67cf78499c0
luispedro_mahotas;555dc1133f67138f496af81b45a0e5a8939c2cf0
luispedro_mahotas;5567dbd106f6c9dee75b830509241e316b78fc6d
luispedro_mahotas;5582612a57814f1db26d976c6302ef6679c604da
luispedro_mahotas;558a39b9771f12d5b43366b6b8af25713bbc5dc0
luispedro_mahotas;55963bfff4c8308eb235b9dfce754a742dca8599
luispedro_mahotas;55c2b521825b819c23854447af0a4029c0d9aba3
luispedro_mahotas;55f9d0dddbd3a54806fd90f7e8df976b378e2440
luispedro_mahotas;560764cfa9140cff214bcde8720e7abd69a0f7fb
luispedro_mahotas;5638e2666a7667d957805f6b05349f91980d2c0b
luispedro_mahotas;56395352c8be6cba0bee5c4dee51730527b8948d
luispedro_mahotas;5649adce6e8c52fb69e213644dceb6267cee0c80
luispedro_mahotas;56d46f3b74eb6a2ae512bd25a4360f62dbd6f767
luispedro_mahotas;57130e948a65580e5cc75d156d9f7baa7cf74e9b
luispedro_mahotas;572bc8520253398b95fd01dc1927ff0a076ff89f
luispedro_mahotas;5738f4821f1b5894fbd1013f1c87ab27551e7c49
luispedro_mahotas;577b1bc35eaf7377461652a0baf2c217a3c67d58
luispedro_mahotas;578a86611fb0ab6a5ec380ac219bc2af4cc686bc
luispedro_mahotas;5793160940ad88caf3a4113d76f498265d4b3d06
luispedro_mahotas;57a9c46d94351d2a1fed9ad1e2f8d536e83199e5
luispedro_mahotas;57e5245fa479d8ce6ecfb2dece69079e1c5b60fe
luispedro_mahotas;581a39d8b50b4245cb16d4fae112fa2327ea891a
luispedro_mahotas;582a9e47db87cae900a818a6432753a21727406e
luispedro_mahotas;5834320bc0c245b15de2d8cadbd07aa571d7ca6b
luispedro_mahotas;585b6985b2b6db662dd506f40cc5220742cbd00d
luispedro_mahotas;588ec42e930039cbc1ed1d92fa92f690e59e18bc
luispedro_mahotas;5895872c92ad483c276af7b425e2f17f9df6dc83
luispedro_mahotas;58aa0920f8a11ba344d93873575b4175f92c8d59
luispedro_mahotas;590ffa623add007299a382452a3211f8e78319e1
luispedro_mahotas;59420dcc122b84e5f560b580a5a9de9828aada29
luispedro_mahotas;598082ee44e5ff8e2f2f8d82bfe80105bfe19ff8
luispedro_mahotas;598922651c360835c32d8d02d4baf191364300ff
luispedro_mahotas;59a8f090e819da160c5e6b295834e97838799032
luispedro_mahotas;59bc8391b3c870c66a2a50ee41cf46c9ceb63979
luispedro_mahotas;59d9bef0f7120b7fb94cbeca7ea27cdfa15e6c5c
luispedro_mahotas;59dd4be68f959cee49d65f1de1f31583d3602645
luispedro_mahotas;59eeb6a9264defe4ed488f08089fac40c3b6f48e
luispedro_mahotas;5a11c59d8b5ac17255ab381c8f5b01ebd0df0e4a
luispedro_mahotas;5a2a1248ccb5f25d17d498a71ded976c1c2fffb4
luispedro_mahotas;5a317cd5578984f1d5aba36720cb5be350690d41
luispedro_mahotas;5a5c640517d60d972dc7f46369c13dc74f4a3adf
luispedro_mahotas;5a694e1b53808c82779bc88bb1f128055e0bf6d2
luispedro_mahotas;5a9771a5999e1232d2dcab9d7838f60786c39f8b
luispedro_mahotas;5a9965f58b056c6c8e36b5d764344e460ebff6b0
luispedro_mahotas;5ab49533bb84b131406797d778c26b689d63d8ce
luispedro_mahotas;5ac66cbceadb490a43707d20720888e68cc9d78b
luispedro_mahotas;5b3623745f12b7c22d86544d44011d91b668d9e0
luispedro_mahotas;5b4560f86a4ccf14c23ab056086bd6b3d22466ff
luispedro_mahotas;5b875b216181d4efa129713cb6467f0d5638e4d2
luispedro_mahotas;5b99bdcc3b1563dd1261d5f19d88ffeff4eaf12a
luispedro_mahotas;5bb22fc8a35c17de8bf471394149573cdd65e903
luispedro_mahotas;5c77df41340cfb3d10fbe91b4db24576c9a6d187
luispedro_mahotas;5c9d1475a77247c7586a5a158feb18b2bb978e2d
luispedro_mahotas;5ce2f8ff91d1d7a116ab065ade49a42c52d30900
luispedro_mahotas;5ce9b4daa04497a849b44d866839f5cdd8886b16
luispedro_mahotas;5d3590df33ac7191fed8008bd3733e60bfbe6a49
luispedro_mahotas;5d4552c899104f456dd0b9629890f86cc4fd3316
luispedro_mahotas;5d499630bde236d1207461dd18b6e8ab42bf9871
luispedro_mahotas;5d56d12c85fbf195e7674f67458a34eb17756d06
luispedro_mahotas;5e23880da7542f2d376901ac6fbe2829c1716d79
luispedro_mahotas;5e4f2d2228d9cc0347f349d2d2c05f4c16c8b52a
luispedro_mahotas;5e522f18e38315ed13b62549ae4d2f4b0e6c65ed
luispedro_mahotas;5e75706160182b882d9eb267a31a8594304d1a50
luispedro_mahotas;5e84bd654a6bf738ab5363529946d8eb1ecdfa66
luispedro_mahotas;5eb48be4c33c69f293a7dc25d18fcf43e5481dad
luispedro_mahotas;5ee6de6c76a2a37950a36555c78b22c6b4ea430e
luispedro_mahotas;5efc750938d6dd23036325436991cdd586c98b2c
luispedro_mahotas;5f2696a0e5950ba00b2e0cb92a054c7f47859521
luispedro_mahotas;5f3070f59c1d33f3a2b03c4cce3b8656e2c1d95b
luispedro_mahotas;5f3b9da73120f3e040a6888850fbe5a0ca7417ac
luispedro_mahotas;5f5f375143e67c0cc0b08af6e90d8984407e20cc
luispedro_mahotas;5f7731c52e0a101730713b950522bb70cb72f41d
luispedro_mahotas;5f95980654bbe57514487e14779f8eca8b07c44a
luispedro_mahotas;5f9d958c19e2cee735b0e1c7073de0f2cac0ebdc
luispedro_mahotas;5feae8302778964002e1ad593b4aed3e95de1914
luispedro_mahotas;5ffaee1ad1dcf4015ec55f6fe1f3cb74b15a3243
luispedro_mahotas;5fff11588fc4552f5d98fde70fe3a1745c582079
luispedro_mahotas;600ccf634b15896a56f3eb58b0902aca2711ebe9
luispedro_mahotas;600d9c8a84f5079dbeb44c783f9fa6f763634dfd
luispedro_mahotas;6055228ffc2d8d0da4e69aa81d24acffc9b2418a
luispedro_mahotas;6073bcf57bedf1ca56a56fe6cae5a93946449e14
luispedro_mahotas;6077e6b378f4975ea3e2d957f200aaa6f906c38c
luispedro_mahotas;607c4f1f2132a618efc7ce8c79c801c059f76665
luispedro_mahotas;60e46ccd56405b18d1e369e43b32cbdd950cf33a
luispedro_mahotas;616295e70915450632d43d023a98ffc1289c4a9b
luispedro_mahotas;616cbbc874b47b767be101647b982554d92b076a
luispedro_mahotas;61c0cc3e2b062871f4a6d4d1a212dc47f2a7d403
luispedro_mahotas;61d572aebb7b3ab36f42219c3521dd84212ae672
luispedro_mahotas;62117c86d854a1c269527856146cd527354ceb66
luispedro_mahotas;6287edb2dc3ab3b0bfd4d931654cadf5701e7e96
luispedro_mahotas;6291781c39f0a66f72a4185d1b394caa80ef1ed3
luispedro_mahotas;62afd48cebf4059947c35b7fc4abc94ea64a7521
luispedro_mahotas;62f52f5a7eb2f11bac6ea1e94c41cdd2671eca69
luispedro_mahotas;632f985d282916243e482728012ef898eb36cb51
luispedro_mahotas;635ad986dffeddb5473898eddec0a9e1f396fa4d
luispedro_mahotas;63df0add9c8b7b39b083112be8cb4b5bc5a0820a
luispedro_mahotas;63f0ae590daddb229b6937579f20742f9fc3003c
luispedro_mahotas;64515cec2960d445ea25578e9c0e7b0b6040c239
luispedro_mahotas;64624fb2b46a228fef1141e1ded84e52acccaf6e
luispedro_mahotas;647488897cc514a6b253d371161a3bcba85f6ff3
luispedro_mahotas;648d4d50901749951a7350637d57c574a527a6ba
luispedro_mahotas;64e2d33638386875e5faaacc94e7756de38afbf2
luispedro_mahotas;65085e4e5506adf04a8836378beea83cfd498b4a
luispedro_mahotas;6521419e44fd97e846d687b7f08aa3e19f3ad22a
luispedro_mahotas;652eacecfc32be63ace62624fc3315c4fe75d0cd
luispedro_mahotas;65339234c027ee3d917d75f62ac378d85cd41e60
luispedro_mahotas;656a083d694a5b2b2a3ac3a295fe4e89da412ed0
luispedro_mahotas;65a620443c1f2db4f80362f748035084a7eaaaf8
luispedro_mahotas;65af511079a627b02f727e0d4703d8d06b45e2a0
luispedro_mahotas;65cf9a105292433c6d2b2975aba08bedab99f340
luispedro_mahotas;65db31198552c2a409bcca68ab5ea542fe054b1f
luispedro_mahotas;65f69627369c1cf8bd161ef2d9314782e0e5d55b
luispedro_mahotas;660049ad4c2eaed7c00e0383e525105913627b71
luispedro_mahotas;663b267356aae901270b707b453cb213b6777662
luispedro_mahotas;66cba910e33fa2d94e8cb067a675fb34b4f5600a
luispedro_mahotas;674bb0886422f97b66d268f84e9edb1e4b1b460b
luispedro_mahotas;6752be885e8981535761bfa5adca2cbcac2ba1f8
luispedro_mahotas;676f9e215efadf7bc6cb25b8fbea3ef1eed404d7
luispedro_mahotas;67793a68cdb1149f2736d9b81bda9b7c0606607f
luispedro_mahotas;67812bc1cb017bac8a1343b91b2afb66bb846816
luispedro_mahotas;678724fd7d8f01b27a071b31d8628258cd899112
luispedro_mahotas;67a76fd65fbe3ebbe47074b53da2354c609a86d5
luispedro_mahotas;67babd32f4f8af73af3555b67478e2095f9c35df
luispedro_mahotas;67e29493d1fddde53d197eeaf77382ccade7b449
luispedro_mahotas;67e576820e4fa3a5fbd9e0bd7b2c2cdfd03cfe77
luispedro_mahotas;67e803337b5dc26059c8b8ad4c75422d7d0d1949
luispedro_mahotas;6819e7d600ee67ec728e9882d65f58b7969f60e3
luispedro_mahotas;6888853b4e98afa681a43406e935fd1829648444
luispedro_mahotas;68d524325e647c464b3abce0ee62e7991f0b97e6
luispedro_mahotas;698e1564c4dce5a2adb9a94b82f990c9e69056a5
luispedro_mahotas;69a4f26631480d17e15b787930335171ef2af555
luispedro_mahotas;69e0826d8db91ee6693f74325e25e8d0ea5b7545
luispedro_mahotas;69ed9ad8f48f148ad6e4d712c1b3c9c3a4166f63
luispedro_mahotas;6a15f48b764f4b2f3d96c80076490d290020fdc7
luispedro_mahotas;6a163be7367ed90bc9fceb6ac13e20bc1dcb187b
luispedro_mahotas;6a38540b8d4be0eef59795ad00bde42c1ebfc056
luispedro_mahotas;6a4e37490edbfb11f9e7dd0070aa902adfdab35a
luispedro_mahotas;6a4eaf31717d7c8dd4bb9e4b760deb1bea878b21
luispedro_mahotas;6a78f4c91fca61d14f06d2d318a6d1f60b72a262
luispedro_mahotas;6a83f1e12580aeae3720805bd7fedf7376464e24
luispedro_mahotas;6a9e43eaafe699381fa1b074dc81502a3e039620
luispedro_mahotas;6aa4be01807f9eac476636ac86bf79a09da426b5
luispedro_mahotas;6ab6d9713f40a18ebefb88d9af5471700245461c
luispedro_mahotas;6aeab8e6ff4189f104727c31625b41ffcb1d780e
luispedro_mahotas;6aeba1d9f7915c772afcdf4338b78d6e6b5c7f05
luispedro_mahotas;6b23e6b6bddbb66064b8c2ee4c846cabda88e334
luispedro_mahotas;6b2f6d3e45de2176d61677d861eb24c2586ee584
luispedro_mahotas;6bb87622bb13d21d5bf1e99f68e235ae97d99abd
luispedro_mahotas;6c025cd6e6c2cfa5c7a3c4884fff9dbbe2a9c5b8
luispedro_mahotas;6c50f714fc7fb4635ed84894de5c928c21c59ba8
luispedro_mahotas;6c8f6f36031c4885eba14e44f889489ef7ef478d
luispedro_mahotas;6ccb06df60d124c56183f2efef5f1f780ae9235b
luispedro_mahotas;6cd198be6cd6ca2b4c597dda27a149a8a8aabf3d
luispedro_mahotas;6d17c0d9a6ac40b84600941d0ac053ee3b7a31cb
luispedro_mahotas;6d727fc607910b5c5412e3b6742434d8bc09c992
luispedro_mahotas;6d9493d59e6da7c584a3244337639e4208d0082a
luispedro_mahotas;6daa2f8b45bb472e8f52e1791dc79ccebd17d5c8
luispedro_mahotas;6dc14d1168e4dfd1c37cdf65ac0e17c4a3cf17c9
luispedro_mahotas;6e43baab72b6716cbb6a1ede1699c1af7f72dd0b
luispedro_mahotas;6e85dcb6911d7cf817fd98c0e511a6a021cd243a
luispedro_mahotas;6ebd7769b31300ab5af9128c47c50b5746316c88
luispedro_mahotas;6f1e036883de0987a8ab7bb77c5a47aaaf743a89
luispedro_mahotas;6f2573134fac229503c7706d441156c1e4d1bb78
luispedro_mahotas;6f359752098439d0f361fed2fecb44c81e8ca1f7
luispedro_mahotas;6f3f522b329efa84277f231225803487e75983ee
luispedro_mahotas;6f5a21fa3299d2d48ab750eb494fd8005b2b8ba2
luispedro_mahotas;6f5e02965291662cd976786e1fa2b68e6e5eab0a
luispedro_mahotas;6f7b7b753f05ef17535d73e93b6c1748630e215d
luispedro_mahotas;6f9e8f7239735d8ea7ea26c6e8014dc8d9028c91
luispedro_mahotas;6fa0088df44cf241b155a766ee32794d8e5d433e
luispedro_mahotas;7002610a56732be2be3efa1370b7720d2b558335
luispedro_mahotas;705fbc2956f4e17f28a74d36b7f1af4e63ae3254
luispedro_mahotas;70640ccd321ced2c67d00ea32b47b00434f62d81
luispedro_mahotas;7098a24bdc6b975ae726c3fd166cd83e5a46be1e
luispedro_mahotas;70ab81a9a6175862d506519e99c2ace742695253
luispedro_mahotas;70ce9cbc8f035e5553b8dead6563c7f88280fad6
luispedro_mahotas;70e964ff5d2354fde325a1f825fbd40da3f6b87a
luispedro_mahotas;70f98ba113cb1133f00379bd0f28191308a2dc37
luispedro_mahotas;7125c56c2236f5b6158c7702175eb75aa461c3b2
luispedro_mahotas;7127319058bd3d6de19477115a615bc45c4c3281
luispedro_mahotas;71281127d1292606d2832f67f7eb58bee40955ac
luispedro_mahotas;715b8ca532bf6a3e3a64e1fc4f2b1a4d4c92b2b0
luispedro_mahotas;717a545e49e82becc711b034757406468a2c7e60
luispedro_mahotas;717bcdec4f7376bc54f8651b9f8829c9bad33fd2
luispedro_mahotas;7199c83f370144abccf53d6e6c8354c7ad23b5ac
luispedro_mahotas;71a049da49f889a3c36e6311fe453d27eceb5e71
luispedro_mahotas;71b2d15bd3fdd94b82bd1bed894e7b714f279e7d
luispedro_mahotas;71d305d50a39fc6e39dbf309c2d86dae5c8797e9
luispedro_mahotas;72919e47389e5eac14ec7515207ba35d59203694
luispedro_mahotas;73189faffc85f11f41ce05b6cf0e9d53cc783bd8
luispedro_mahotas;7321840e886cbaa3d36b4b779bfc458c09bef970
luispedro_mahotas;73392f79de46431842249b006de822c1c7f13c05
luispedro_mahotas;735a1beff988d7524a0492e190a38937acfe0326
luispedro_mahotas;7376fb76432579f58477b73a22f5cdc9aae1706a
luispedro_mahotas;73c33f583438bb47f749d324e9327d57e7b3f792
luispedro_mahotas;7444008754fcdddc6a980e8735ff2b3558ac67e5
luispedro_mahotas;745bbffc489b323486372e07ffb3930181dcd4b4
luispedro_mahotas;74931a4e40d90b2f0b47b2f3ab50e43880ad06cb
luispedro_mahotas;74ee4c44fc18e31180d281ac3a856daab2ffd691
luispedro_mahotas;75717e353ed6e05132052f1078c4f7f22245d185
luispedro_mahotas;75b16b0f0dbb79c458377be481bd43554548c4ba
luispedro_mahotas;768e393d32a1216a681af39a450420f73c168967
luispedro_mahotas;76cb65c0632512441b76624fb9c5e8b962d9c6f8
luispedro_mahotas;76efe95521ae98c009cfe0df0022206c7b087157
luispedro_mahotas;770107c865fdd4f8e6a18e57c706e3132b8368e5
luispedro_mahotas;77634f1cebd2b89e4ba65567e77800667a659583
luispedro_mahotas;77802b05b24930b90b9f4dad04aa13a8de97f273
luispedro_mahotas;77a0d82314a8219bc8965af30072ab8f3bfd01b5
luispedro_mahotas;77ceb88bbccfa52b22a780b5fb1898dc135d089d
luispedro_mahotas;77cf554dd276c567e99ec7802f924a7c103365cd
luispedro_mahotas;77e23683df045b0835a8576b4d48498bedb9c616
luispedro_mahotas;77f1b1540be068dffbc217d4e31031acdc00aacc
luispedro_mahotas;7815940202a2b17ac9970e0872236dbbd21b1819
luispedro_mahotas;7849205b42325d90a75a5793cbf376836442c544
luispedro_mahotas;7871e5ce743478b1e62be4696fbfbc67de875d3e
luispedro_mahotas;7899cb33e49fb2957275e3ef48c075aecc5675dc
luispedro_mahotas;789fb3f59032822dc5250302f80a358a3cc15446
luispedro_mahotas;78a8e4206e1b03c8a39a0172d9ae14c6f2655dd6
luispedro_mahotas;78e8e74d29aa525a8112106791047181d935e3c4
luispedro_mahotas;78f53ef9a06f4b7d8064f692ecfd05954d1b4b08
luispedro_mahotas;78f91f37e1158192082629a93a6ec36bbdc7a81d
luispedro_mahotas;794ae0ab6d9305e68cb9d5af8a64081fceedbd8b
luispedro_mahotas;794ed09ff972f61df614549f979faebb273141d3
luispedro_mahotas;796593999ff48d978471cee9e0a1a75d0e870057
luispedro_mahotas;798439bab35ac548964ef9e98e9940e24d976655
luispedro_mahotas;7985374c4547ac82b8c2c431a4b2fc180824959d
luispedro_mahotas;799f6eb66dc2c671ddcee2c158879d2420fe0916
luispedro_mahotas;79b5a8ebe18e88d14e6d2ebd0c74563ca77e0b03
luispedro_mahotas;79b7d14a1a83bf485223c0ea8adc32c638e6b141
luispedro_mahotas;79c830838e7291d69bd23fd6328d953f09f9b19b
luispedro_mahotas;79d4932818b318361b0a538f0cd4872060809321
luispedro_mahotas;7a1a6ab955b1644ecb7b52c0e83890425e4c0c93
luispedro_mahotas;7a61807708cd7c1ab620af1a3f0ba837875997e6
luispedro_mahotas;7a68fbdef517d5c57cba50472a9fe965c4765d90
luispedro_mahotas;7a8cd060ded33a8beec380b0b928db15b3709bf0
luispedro_mahotas;7aa8309eb127fd6da85a3144367a53fa62ea960c
luispedro_mahotas;7aca20e6b414e8bf868bb3c8d58b7e396ad737a4
luispedro_mahotas;7b01a20e4c3fab55cd19b506bfaacff22ea7460f
luispedro_mahotas;7b2328b70a6127337894a84153580312634370fe
luispedro_mahotas;7b4435c4bb501ae4ebe8cead737fd91e4abe935e
luispedro_mahotas;7b59f1dec424f197c6af488b80f036ea3b366c9c
luispedro_mahotas;7b81d4f1855ed892d1a6658c4df952ec39e969b0
luispedro_mahotas;7b8540da36553b79a6c734799fdbaab60bcc5838
luispedro_mahotas;7bb378eb46fbeb14ff400f815ee2dbc28fa42f6e
luispedro_mahotas;7bc116a991b22b29ec47da6922273e3d29909bb7
luispedro_mahotas;7bcbc30882f2fa0fbf7f327348b7fe92937c8978
luispedro_mahotas;7bf0c4f79da657eaf0175cbbcc9ba44f36bc509b
luispedro_mahotas;7c1366326f4ce62ef1293d0be85e76c31b02150f
luispedro_mahotas;7c4a5ab9250b96ce43e092d1feafb9a7a831c674
luispedro_mahotas;7cafb6d2417e9512c869d9d9014deb046fbc2c75
luispedro_mahotas;7cd40985bc7a7a6360557ba24455c157c18b2123
luispedro_mahotas;7ce92d02a24a0c10ea359a4d9c32a2ce592191e6
luispedro_mahotas;7cf0fea0a25c01c275292ea038efe33c81741906
luispedro_mahotas;7cfcbf5fadc042bbf21e64813de41b0b59375372
luispedro_mahotas;7d011e1019e4c817b3bdbb70e2d2da9029de87da
luispedro_mahotas;7d2ce5a4fce1a8430310a3b9e294689618b85f4e
luispedro_mahotas;7d3cd4a83cd222720d9451aa6eb978dc528bf152
luispedro_mahotas;7d5e27c40fc7d16e0b09bdb4dc0ca9cf8d524f24
luispedro_mahotas;7d8e4ecc18220d21bb65fdd72ffb7f1b1fd76ea0
luispedro_mahotas;7dbfb93709cee7de7eae00260124bf3c7223680f
luispedro_mahotas;7dd440f699f270d706a19e49313913cdde23dbff
luispedro_mahotas;7ddcd9c76622565562f16f735c2accc9a3c38067
luispedro_mahotas;7e22f21d3bf163d841bfee838e98ce20eb00e372
luispedro_mahotas;7e3bce542df08a4857194e2a4f58b56c91cee9dd
luispedro_mahotas;7e47a06baa4061e10076e7da517ceb90c4e0f666
luispedro_mahotas;7e4bbc0e6192df0e60c676d3e0692c0920379432
luispedro_mahotas;7e6a8589e636a90b68e174311ad21f4eb32c0715
luispedro_mahotas;7e99b342bc41b0b9b984cdda4f99009c7fc67cac
luispedro_mahotas;7ec078ab79f7007fc04d25b79e5e348f6b26522b
luispedro_mahotas;7ec45d77c687d3238a7e762acfc7219bbb250e55
luispedro_mahotas;7efe71f0d665827f1debbe5b035f8bf16409006c
luispedro_mahotas;7f093944aa6ba0ae562b3dc6ebb645efbf06a184
luispedro_mahotas;7f5d55e309efbd0eee135ff5af520e3ddea310fb
luispedro_mahotas;7f6c00befb4486c9640c97f68aee66dce8577f79
luispedro_mahotas;7f704f1d2d7d62f1a42e4dfcb6f6b69ba7830f0d
luispedro_mahotas;7f7a74140679a05bf6c1937ed758d3210d8f3dd7
luispedro_mahotas;7fb4c12861ba34d1d20d2351c332cafd09ddaf83
luispedro_mahotas;8037bfe902f2bfe8acd9fa3a6e4c15aa09987549
luispedro_mahotas;80569111ca28bb68c423df328d792df875647aa4
luispedro_mahotas;8078a5a36603ac7758c7f8b509a9c2e002eecf41
luispedro_mahotas;80da878a119369c5a23ec57041fd7532dd78de90
luispedro_mahotas;816ddf1b8da2974faa0928e893646e6643ce480c
luispedro_mahotas;81a4917e069d22ac8869ba81b280a17a70a1b613
luispedro_mahotas;81b4d7039115fe162ea4f411c3510a5c9c245006
luispedro_mahotas;81cbbefee8006ccf148272400a456ff404425e56
luispedro_mahotas;820bf7f6b562b817dbd531aa7df35305ea451313
luispedro_mahotas;8212d47a90e0f90ba0d264d062880ee866b4808f
luispedro_mahotas;82397cf4f058977a4eb37adb3354444facca1488
luispedro_mahotas;8266dd0b0b1fe05c8d7996b893ae987187cc3623
luispedro_mahotas;827632bfd3944d2437b393383088b1f3efa3410a
luispedro_mahotas;828d7ba258638fee14cedb0ceb305fa317eeee70
luispedro_mahotas;82a1641c15224f34d356c0c0033db537998390cc
luispedro_mahotas;82ba26692398157646333d39ce848fa202372c7a
luispedro_mahotas;834363b3127031b24969673c131190849b976253
luispedro_mahotas;834c2ecc30efbe30972789addb7b128a5c7c6875
luispedro_mahotas;834d140653e6148a948d8b73e04b4c89ddcba7ee
luispedro_mahotas;8385a44c5aa5fd4f615341a9557214db78a6c982
luispedro_mahotas;83b075360ddd5dc73501bd073a7bc8430ecc4421
luispedro_mahotas;83fad64ac742a62bec0dea52f0b3e3d558748486
luispedro_mahotas;841cce08e22c020e16e03452b3444e2c88717822
luispedro_mahotas;84258016c6de21cd86c058eda28a80acb78e330e
luispedro_mahotas;8432e4874f6ae96c58a56fc5b342284d94ff4084
luispedro_mahotas;84496dadab9e811adc37472cb5d9bc3d83ac47e0
luispedro_mahotas;847a468174ae67b0046e3145a51101e10b3f9f11
luispedro_mahotas;847d26984143ab80503fa620972afd279a72b15e
luispedro_mahotas;8494bc8490c80167c02e42bb689e9b07f5ec7429
luispedro_mahotas;84af7b342320aba8fd48aa7cce81c095c8a5af1b
luispedro_mahotas;84c1c5c2bce779b5f70c653a6e15d7f251179e66
luispedro_mahotas;84c6c839b37cde9e1c2d5378d4a91acdbd993268
luispedro_mahotas;84de751900f10ec5e23a24475251ac29531b2fb2
luispedro_mahotas;852e62f01cc9dffd75cd065584f71a2601c6d389
luispedro_mahotas;8568bcc4fdd705fad2a1eeadd2d06fa488bca1e2
luispedro_mahotas;857f7372af6d585c7dc37ae31a975aacf27139ac
luispedro_mahotas;85892f2916fd07b28af642597ac4989873d7a8a3
luispedro_mahotas;85bad76c15e2fa24f0f321fd2f4ee0c4fb6732f7
luispedro_mahotas;85bbf39864c5f461d6a4f080d09a9fb0177d9454
luispedro_mahotas;85da007608c56f2802e657a7777ef6f47dad4e14
luispedro_mahotas;861a5971a873c14d5f46c526bb4c6077b8c6c313
luispedro_mahotas;86357313fc8de4f2c62ee2f9456294335aa84bd5
luispedro_mahotas;86478f36bef70a43bc077c3294c1bd8370bd6ac5
luispedro_mahotas;86521d8c96dcb277f9f7fb11f80b5a265d151280
luispedro_mahotas;86652b151afd3988f489aa290f373d2d15a822fc
luispedro_mahotas;86c058c435e6af9f6b5c48b09d391893250a9815
luispedro_mahotas;86dc5695f0b76ef6d79e6dac731a4e351d043e01
luispedro_mahotas;87358864ab803c2fb99df7e4332dae607c0a0fb8
luispedro_mahotas;87655281b25ae928f6f5f242b470d2cc86775b52
luispedro_mahotas;877daf502ef7a68b884620cc7236f720524c216f
luispedro_mahotas;878ac99efd91d610faa5f9c2cb6ed0cc6707b937
luispedro_mahotas;87b56162c9d091cceaaf894299d67a887f3bc8aa
luispedro_mahotas;87dd49ebaeb2be0cd01dc43f2414008a58172816
luispedro_mahotas;881112ca192e09d803a38199118083c90be4b49c
luispedro_mahotas;88215ca8a5c1beb9ff1df4c3eb992a512358c512
luispedro_mahotas;8896de5087e658308f00529fae0e407b19bfb783
luispedro_mahotas;8903185a65faf95ce56ab95eb17e6a4aba00404f
luispedro_mahotas;892e16e1325866aa1820bfe08b543f7e72f59838
luispedro_mahotas;893a0a020a8b864dd5d18d7a70d9de9d23508f0d
luispedro_mahotas;8959df4466c1ac45e5bd0aa17b29d2b5f9b7cd85
luispedro_mahotas;8978c590fef387534cfd68d9fa322b8900da22db
luispedro_mahotas;899cdd49f3662cd7fa05383e172a0e1a45b09767
luispedro_mahotas;89c3e69ee6b50dc0a925b55536dee4acbc6a524a
luispedro_mahotas;89cd34ce68af0ff5efdeb7593c5c88f390caee05
luispedro_mahotas;89e5d42df566af1566ba3bc1c5f4d0afefde4835
luispedro_mahotas;8a0efb69c96de144ef2dbe0984a3e376dcad8480
luispedro_mahotas;8a1388c6e99811255190c8efbb722c250044715c
luispedro_mahotas;8a453c2fc03a0ec9e20136ae270215626fe926dc
luispedro_mahotas;8a6e717396123e412394d48de75ccaaa6a938263
luispedro_mahotas;8a90141c2dcaa0b9baab1070e0701c3d99f531d5
luispedro_mahotas;8ae0c5142760e7cd5c5f905ee98aad09ea62fb64
luispedro_mahotas;8af8aa88c401665e693b9687015fd1507dbd88dd
luispedro_mahotas;8b257d6e0bc18ba5a9385ca5e63d7860639b24d9
luispedro_mahotas;8b2da470389e2d07766e56fa2a300beb11330723
luispedro_mahotas;8b42d21444766afb38ac7ae10d5e2bb6a0aa673b
luispedro_mahotas;8b7386e9c6c03d58cfbb7992b18e6af359ed0ca9
luispedro_mahotas;8b7d18676f804afc5ce0a73aa483f2f023430bb4
luispedro_mahotas;8bd156511933d3693e154871fef30c5e6a6d7d39
luispedro_mahotas;8bdaee25713f962f0678ba5af288f29f35fbe819
luispedro_mahotas;8c116107549cf70e691ba7c00059d11f100cdfc1
luispedro_mahotas;8c13dd6b01bbf702b7a0c91c9a2f22ec312d79dc
luispedro_mahotas;8c1fa57b3e2ead15d8518141fc5f528c76b226f9
luispedro_mahotas;8c264752b0f8689bd6f6fdd29bde3ce0a20832b2
luispedro_mahotas;8c6ca2838ae8e94bf792356dce26cf802826f613
luispedro_mahotas;8c75fd91577f0853b427f8f295badfefade31822
luispedro_mahotas;8c8a6a9c02e5a7b2a4a585d775c3a62dcaa5045c
luispedro_mahotas;8cb398c7857dd2b6c2751d7e912700f9db4aa822
luispedro_mahotas;8cd00f08def1c3903e8c29a5d394193ff640be35
luispedro_mahotas;8cf464d79b5ef1b6a5d36e6982e7d31e2094c09c
luispedro_mahotas;8d0a11932a818b09de7b48f3ea7cc17d58abe740
luispedro_mahotas;8d0b74552b6f62a4535c018b35e9253b2e7fe4d4
luispedro_mahotas;8d0e788ecf1920edeb1f82668fac0094e0d287dd
luispedro_mahotas;8d2c51b00599b3b0ca6f89f07c65ecef385bf76a
luispedro_mahotas;8d2f39e5c1efdfb7d6c2cec597f36b18881f1610
luispedro_mahotas;8d47c94302f3cc3870333cc6530eeea6edf67476
luispedro_mahotas;8d4eb9fa9407c469f678fe1c00683db1bd8b4402
luispedro_mahotas;8d4f405f31ef670e885d837a82024792fd53ff2a
luispedro_mahotas;8d8c5fade2f488fb3cbc28ba1ba99d91d0b20644
luispedro_mahotas;8d98416c01a311327920bc8586850dd95ba9653a
luispedro_mahotas;8da6bcd4753c3c0d233b9ca7ca85bc323dfe9d32
luispedro_mahotas;8dd14f9134ee84f0ecb21ad01ba28abc718e56e4
luispedro_mahotas;8de0eba4f37389f27e6986eb161f8abdb0f1446b
luispedro_mahotas;8de88cdcee72f3fbf296849a27e1fc471693f8cd
luispedro_mahotas;8decc46d106531984a1a89c040481d276c5938d6
luispedro_mahotas;8dfd87dd87e0ac5c7b1b6e4c01c2f580525317f0
luispedro_mahotas;8e515f38884c6c16fbb3346a1dd0c3feb1d821c9
luispedro_mahotas;8e9d70295dcfc5f76aa2e52d79dbd42223297f68
luispedro_mahotas;8ea3c30f1edcaba15d8fc4a66ecfea659651dad2
luispedro_mahotas;8ecb51f3c61d36dd46832cdb98767dd99ab40a17
luispedro_mahotas;8f0709ebec147ff1e4ccb70356bd5f0850d84039
luispedro_mahotas;8f15721bc19e13471cb7940129aa9b4eb6a3b632
luispedro_mahotas;8f2330844b1573847cbe51247423efefaa18a38c
luispedro_mahotas;8f6d638de3d46a6740e9f9f1ebf7ef8a3a3c5e63
luispedro_mahotas;8f9ea0387f7d8d4238aa79363af4e028d13dbe86
luispedro_mahotas;8faa80a264d44f3ea81057f15a0d304c3aaaebd1
luispedro_mahotas;8fde2165f8c66e68fb3b11747a8ab241c59cac48
luispedro_mahotas;8ff74e8056259609844b64fcc4b5406593d16d54
luispedro_mahotas;901e929f5f833682a5ab372865a1a139b5cd13ff
luispedro_mahotas;905ea90b2b448502d84e965feb80d0652f7a1158
luispedro_mahotas;9091b8d3c1dc5ad8f984f0bc25515ed610bac2a3
luispedro_mahotas;909be87463b5eaa6507096dffed09b45c6d62f79
luispedro_mahotas;90a7e0186b4c35624d59835777c0d410c86d1e0d
luispedro_mahotas;90ab373fd376d3bbe4f835267d0ee14104e67e0a
luispedro_mahotas;90d8210aa93eae013c243af37569134b1ba848a7
luispedro_mahotas;90dd3758c142d02871d71d1f3f0a7af7f9295c67
luispedro_mahotas;90e2c6541ecbaf26b918ebf7ed219874ca789bc4
luispedro_mahotas;90e85fecfae746b14079888c78e67bdac4453613
luispedro_mahotas;91074ab0964e5a887c54d294a8a7f7e80bd57821
luispedro_mahotas;9137c39338d41086bbad7f888f4606404ab2089a
luispedro_mahotas;9145fa1108f944e32d82b06f2adfe7e6e25bef88
luispedro_mahotas;91ceca3485daee64e62229835e2ae40a1fb76482
luispedro_mahotas;91f302ef30c22be56751b7393bc325bc4b29bef3
luispedro_mahotas;923b4612ab76a4645251ef48c6f0f9bc4ef49fff
luispedro_mahotas;924269990a46192bc4005bd84ea6eaafbd658ba5
luispedro_mahotas;9271a5397703926723c79fa5d0dd73729090168e
luispedro_mahotas;92bf17b228b57574038c3e1a859c98de2927e64f
luispedro_mahotas;92ea4670a9f97613a2f7496cdb1071a587c0270f
luispedro_mahotas;92efa519f7fcc57932bec5422a220226f313c758
luispedro_mahotas;93663c2cc8c0c8bc3c6f28c27679707305948c80
luispedro_mahotas;93781ff9dab04584a03ab548fa0e197335926f07
luispedro_mahotas;93d46b73933a0db0267276fe27e52b41afe802b5
luispedro_mahotas;93e6a641fe839b42992a7ae433df0567a030e5c5
luispedro_mahotas;945f4926c6969779a195ab7723c019ccffddae88
luispedro_mahotas;94a547ee876c3c4f939d833cc8f198f09185798e
luispedro_mahotas;9508c2a4272b4901c788ed6a4eefd33ba385c736
luispedro_mahotas;95aa02e64db1d7dced7ec3d094b976ad71f02d19
luispedro_mahotas;95d5bd44cc96946755193222b73b4271208f27d7
luispedro_mahotas;95e256f9a5b79a0ed71815d28a8dd3cf9503b7d8
luispedro_mahotas;95fb34b6033f31c470de68a19b746ae825541fcc
luispedro_mahotas;96b74a5db26245da4513d1212aab1ab8f1e05c0f
luispedro_mahotas;96d4767502985c503ee5245d977a8eb79e530689
luispedro_mahotas;970edcd1b8f52660140cd9946cf70ed544484b38
luispedro_mahotas;973abf98d87184bb9e498464e0874389a776d5bf
luispedro_mahotas;974830945be5fe824e5bc8252786368462c47b0f
luispedro_mahotas;9758b7a2d876bc8a5d5cd983f18ab37865b02056
luispedro_mahotas;9759c0e2ecbf9b17b5a07d35a5bda9aafde767c7
luispedro_mahotas;97b8c36ff907d33c65b5a17ce4b7bbabf58c73f7
luispedro_mahotas;97ce34e46bb28bbe54e79b3a55ca3d4112c1c670
luispedro_mahotas;9807e57e119e5fec03901715e516912bdcda0884
luispedro_mahotas;9808f18dec461012d2cae185e47bed741f1f7c2d
luispedro_mahotas;982242a4169e36a24f13b8c477e92bb49cea0ff4
luispedro_mahotas;98234e033597bf800f5e94dec20fd5de9fd99c4e
luispedro_mahotas;98a53b62b4a95988c2437bed7686b5a01f7ef3d3
luispedro_mahotas;98c6a6c9ee9451a8df36db01a01462fa21b8b138
luispedro_mahotas;98eff550f1358f0ba1223f2553e60284959e6cdd
luispedro_mahotas;992c3d68712d29cd3b16dced719fa7f6d2e5e8f8
luispedro_mahotas;9981f2651089c593b48fc2c32813c01dd6ad03ec
luispedro_mahotas;99cbeaae28e2d636412619ecbdf614c2b3e125c5
luispedro_mahotas;99cd4cd59642fabaef3ffc9f1be877a1329afcb8
luispedro_mahotas;99e038a410b05a2acc66a1d5afc697a74eed4219
luispedro_mahotas;9a038468ce2a934354d79abd7c8f851758527b8f
luispedro_mahotas;9a15a40f040e79c11d92fca029240740db0f9e26
luispedro_mahotas;9a2a78f30bac243c05d94dce83f244a62d1d6a93
luispedro_mahotas;9a339027d5f19643089d560a76ae909157c9795b
luispedro_mahotas;9a4c6f6c6579bfd4b95f4a9ebcf104b648264d55
luispedro_mahotas;9a7723cbc0930b2240bf2b64932ddb4c61e3d356
luispedro_mahotas;9a7fef87f3717178028d5bd63328dcef5aad2c85
luispedro_mahotas;9ab77783d1663a33d184388c0aecacc0aa0f450c
luispedro_mahotas;9ac307b2d2beef338001ff67d91c082f26bc7815
luispedro_mahotas;9b06562757075a4871e67aa67f95eb28a072507b
luispedro_mahotas;9b1f651bcf928430324dee6a61d3586a103e7c2f
luispedro_mahotas;9b74d78231800e72c8a7fafed6563d9bf15c0767
luispedro_mahotas;9b7ca3aaf603024149715e5a9f3a02f5a722694b
luispedro_mahotas;9b9995ab63bd28840511125d761a785458ff390d
luispedro_mahotas;9bde954daf35ef2cc558b780e431ac31adca1ecc
luispedro_mahotas;9c0228547372087aacbd4b8b099ac9298dc7a061
luispedro_mahotas;9c33e2ab958da35cdc99daa0d016c552f2054163
luispedro_mahotas;9c493aba28a44f829268fe45b006902fdf8d32c1
luispedro_mahotas;9c62e7e5015c49081ddc51a09dd58c9e29b25f94
luispedro_mahotas;9c7b3a08290e2fa3834f5c7071a974add7c8cdfd
luispedro_mahotas;9c7cc5116bb9eb0a858367c332bbe4a10af1a6ad
luispedro_mahotas;9d38c9c8956e7a330ba36cae639da5566ea019e7
luispedro_mahotas;9d4ace7126469bda64c07ce6f01fb7bf042514a8
luispedro_mahotas;9d58d0e23e262c041837691294ef2dd7d1dc621c
luispedro_mahotas;9db8794a74354dfb7cb339c6c64a86bc15ced05e
luispedro_mahotas;9dba33b00e67ef6f1b9edd16226ae846e1c1fdb3
luispedro_mahotas;9dbee838a69ab74e577a72d3fd34045e87d76fec
luispedro_mahotas;9dd020d8be90f0a2735cb6cd3361406fc981ea26
luispedro_mahotas;9debb8c3a27aa4358f17b8b7fe63ee5486cb7b66
luispedro_mahotas;9e4c5e7ddfd13624b5083b4fc37b7357632b4d31
luispedro_mahotas;9e4e7c887aebc9131f56b9d983187a086cd94479
luispedro_mahotas;9e70f978308370e9dd316e5d6beadbeff1845efb
luispedro_mahotas;9e79a67de7dcdf7c9e495102072f5ac82444f0df
luispedro_mahotas;9e938824e4d3b77394455c77829c7f083f9e768b
luispedro_mahotas;9e9e937cf712489c00152698bcec52658d096e70
luispedro_mahotas;9efa0d9bf6d94734aae72fa7537286f8b67dbd3b
luispedro_mahotas;9f8ad2f6c5ab51a7500e1752bf86573c8da75877
luispedro_mahotas;9f96bfb89fcb6abc4f1821f8327ae6395789b685
luispedro_mahotas;9f9dfe17d1f9656626b00d995ffc00b7616d8d68
luispedro_mahotas;9ff85ccac29de5290633bc10760f7f63eded45a1
luispedro_mahotas;a030b511ef12e9d65d3528bd062cc6fb3d23782a
luispedro_mahotas;a060f3b0f4e10811bfa10d4a6bcc842eebf4d3fe
luispedro_mahotas;a075c7fc3491eb9c8321caf76721ac91c6d00001
luispedro_mahotas;a0781498e47ff196b7b2ddb42ba2717bc90ee654
luispedro_mahotas;a07fa85e25a647709e15c3c915ddc2f23cc0fa56
luispedro_mahotas;a097b4bcc83594e2f2d39b51741145fee61f43d8
luispedro_mahotas;a0acbc063c45f26c84995b0cbaece5fd826f6761
luispedro_mahotas;a0b69d75f2a99426d16c392363ae8051156c2167
luispedro_mahotas;a0d02374166c02110bfb704972d4d6f3b4407260
luispedro_mahotas;a11aa8e8ce8b1c01aad0570ccce5669a2108fff5
luispedro_mahotas;a13746c383c3aee573cb574a12caefb82f945140
luispedro_mahotas;a15de7ed3554b43828366edb9c818021e18b0dea
luispedro_mahotas;a1796b13a63c7d6a73259d731fde2668539fa078
luispedro_mahotas;a1a52f4b5577f4d824b89ce6e9b462a7effde869
luispedro_mahotas;a1cce0ad663e81ed6103088631253c3d8703ff41
luispedro_mahotas;a2078d50498e2d79ee57359e5a4b03c364aceb25
luispedro_mahotas;a21bc3871c12acf2a00ca654234fae6dbb99ced1
luispedro_mahotas;a245b629030ffa5fde733d0bb053455e2e4b6440
luispedro_mahotas;a2471739eb5ca26d076b11609f69c6cd50d80156
luispedro_mahotas;a28a6a22628ed43f50cee8dfb1f8d6dfef4400d1
luispedro_mahotas;a29274893a683baf3fe2408f745cbd2fba73c6b8
luispedro_mahotas;a2e1fb7c09244a4ea15c311ade7aa37119eb4f42
luispedro_mahotas;a314f1d98e30f69909db4c2f168523673fec84c4
luispedro_mahotas;a3153b487ea58b047f7ac4411aeecfdf8542a358
luispedro_mahotas;a3359751f381e30ecac645bc15adc5da0875c60b
luispedro_mahotas;a363ab86bebace5469e51f47f125758f12eff1b3
luispedro_mahotas;a3b834e1d4ab5e512774ef6161604a2fe514e290
luispedro_mahotas;a3ffe3077997d16d1173ccac5e624b72c85c224a
luispedro_mahotas;a403c37a9b5d365c1ff49218d74a18ff25ffff50
luispedro_mahotas;a40761ff8b43bcb35816bc0e103dfcbf0f9bfb8b
luispedro_mahotas;a41c18872aff659a41133dffe3499213200d8467
luispedro_mahotas;a4ba9680d51d32b5d2b97faf1df7c96e7529a7e9
luispedro_mahotas;a4f479c5837a0f0034f9c47419ac23266702e608
luispedro_mahotas;a4ff2d72a172568da18be0ca121568502654f48e
luispedro_mahotas;a571718fc09964eb4d4016f007a076f061188584
luispedro_mahotas;a5c49df925a3ce8ad512ff3d35fe56f4606d5078
luispedro_mahotas;a5f1b63694c6ee7cdc084f970b1ba3e45b98eb8f
luispedro_mahotas;a60050115f5c431864f064c6a73f91a5d17e4ac0
luispedro_mahotas;a608bc24a09be4103a30f4142f50e84753c6cca8
luispedro_mahotas;a6269f4017df69b3f6da03031eb62f8df4daef3f
luispedro_mahotas;a628a0ef6323d57ff2cb779bffdd14d53f364cb3
luispedro_mahotas;a664dc0b2598e4cb908a8593833cb662d43e9ce2
luispedro_mahotas;a666d18fc0f0dd4679a219191649deaf0acd6015
luispedro_mahotas;a669d1878f366329597706549a8a6a9a8da7f42b
luispedro_mahotas;a6753045d7fc9e7ae5a71846676fca95b00bce9c
luispedro_mahotas;a67c2d9b3c31839b197562d21b2b9b5cb2ea8c78
luispedro_mahotas;a6ac47fcca4a8c801da5181bf22c146af1862f41
luispedro_mahotas;a6ff0321dda2dd539e414e541673cee32fe89dd4
luispedro_mahotas;a70f91b1c1ae172cc641ce9ccf8a2b69593b15dc
luispedro_mahotas;a73a8f0ab69ca22e6761e4f834ec166a39bf7b49
luispedro_mahotas;a7773b2952d8800cecead00298b40b5a15a89003
luispedro_mahotas;a77a3e672a9232421d9438cb5e4c3fa20ba12beb
luispedro_mahotas;a7c041a795353d3a68c396fab326f42738f6b50f
luispedro_mahotas;a7e545cd5378671b8f9a44f215cd24b62254c630
luispedro_mahotas;a7e7d39a87bdffcc27b0d08a4ff1f03c7d837dcb
luispedro_mahotas;a8048441701ad7a0c47a5cf701d91bbd4516461b
luispedro_mahotas;a80c3446dcdfc0009dcba198d909753f35a71e2f
luispedro_mahotas;a8172d06bfd63c559f045488a060dd9975294189
luispedro_mahotas;a8404d5f71c1aab3cd509a3a2a31ecf35cc7bc17
luispedro_mahotas;a8599f12f714c30989432e531bcec9837651d97c
luispedro_mahotas;a87d75e08b7e90cfa30d3b5c07dd33e1c15e1201
luispedro_mahotas;a880e725cf787f48abe1c66c8ea0e21c3c6c01b2
luispedro_mahotas;a88b95db30e73abaa201a0079ddfc617ba4131fd
luispedro_mahotas;a90badddc61b7b290fc75c857fa567644a529912
luispedro_mahotas;a90de459362fed0df093517daa5d3c61d07a7045
luispedro_mahotas;a96505f13cffab7ec9521cac1abae7b7d27d2a0d
luispedro_mahotas;a9ca956857267accced12ea8fbbbbce8907236a5
luispedro_mahotas;a9cd77666033fd125b344610f9f11fd18744deb1
luispedro_mahotas;a9ec7b8f73fab18948270e2696888a000e0546a0
luispedro_mahotas;a9f3b47338afaa16da56eeef0ee6524581c803d4
luispedro_mahotas;aa1dfea6294c6ad849179846bca475a0bc3877c3
luispedro_mahotas;aa8674c6d0a1ab57be1d61f6fcf850277fe52355
luispedro_mahotas;aa926b7bc3c0b7077b4b2f82b29baf0c41bad736
luispedro_mahotas;ab2032722484459e23b095f824a75dccc19303cb
luispedro_mahotas;ab26d9fa310e7b8823a58c9eb042cf9f4d1a1e3b
luispedro_mahotas;ab3a61282b0aee983587c0d7a3fa986eb5055db1
luispedro_mahotas;ab77e91ecbdb94c2a3f640bc99eb8ea03f6763de
luispedro_mahotas;ab958e08cb03326f9db13bf5e1cd0f3344a283e9
luispedro_mahotas;ab96a83b685e4ed15cabd0f236133a3b6548959f
luispedro_mahotas;abb18f98b7f5dca62a1a72f7090a4c616c822342
luispedro_mahotas;abc3e3429bcb37a7adab8dd1767d585d0d521c5d
luispedro_mahotas;abd16e4b5ff67ddf8ffb3153ef553159c8918891
luispedro_mahotas;abeb059b0543978d7596693c76a88ab9bd4db9a4
luispedro_mahotas;abfe1a6bab3e03d3f820db642f611b73b333c38b
luispedro_mahotas;ac03bf58806b8d04c31dd046bdb89825f25a1c6b
luispedro_mahotas;ac1e5779d20a5413c1e8640f3dec7d6e347e4edf
luispedro_mahotas;ac3a8e385054108f1aac4609365689ba3cbc0b71
luispedro_mahotas;ac79044b5a52962533eb1e0d2b1ce500340d0a69
luispedro_mahotas;ac9deb47f2d5b2ccfed1070872de98e99f94c25b
luispedro_mahotas;ace8c05762c4b7f1d4c67f16b41b7073bc0abbc6
luispedro_mahotas;acfa210df7cd3374146d774c0d27743afd847886
luispedro_mahotas;ad410b6bd54d280a34ed4ca59ed0e77480b3ca24
luispedro_mahotas;ad4f847be008998881e8f00e3287d9569c146bbe
luispedro_mahotas;ad584e844bd9544edc055a2105a66a8d7c00da83
luispedro_mahotas;ad5cc8dd853dbe68cb67548573ed3686baccfde5
luispedro_mahotas;adbaa82fdb5dfc5106d656b894ae1f7288a40245
luispedro_mahotas;addf440e3596bfeb3633b341596b9f81e2889200
luispedro_mahotas;ae257047ef57040b355d256676ff561c7c537f93
luispedro_mahotas;ae2b6f6ccdc8dc28399b48978cecb755d89f6149
luispedro_mahotas;ae861790dd3f36c6b82b653eb5b142ec3e9a440a
luispedro_mahotas;af09b9f12d12607cbb18ab3d924b3e6b70315cec
luispedro_mahotas;af7f362c9d5a65891d94d7fb280ea7f64e57f6ee
luispedro_mahotas;afd604de1273997f87c7c41dc50961b1ea8defaf
luispedro_mahotas;b0208fc3bf221c75b72821f9bedc37df9e06becf
luispedro_mahotas;b035a0fe7c56f0d92d21f2f6b5a7d9b66a82b3dc
luispedro_mahotas;b0437f06dc01beb0321931d88ae44847fa476eda
luispedro_mahotas;b074be8ecc387497a86a5543f03092b40f69ac28
luispedro_mahotas;b09009bfbfc46f37d89a416554b0a095a749d056
luispedro_mahotas;b10d431847938c7b7427797541d9fb279cfbe0f1
luispedro_mahotas;b10df3ee2aef8bbea4bfdb1489bae435cb4a8cf5
luispedro_mahotas;b13e51d097e01d872e18173149e7a5e7f68952bf
luispedro_mahotas;b16891facc5ce3040009254b542044e6439ca445
luispedro_mahotas;b173ed264a4c91529332d2d29ef9eea631800a0c
luispedro_mahotas;b17a6083a20b59e8842e2497f84b9e85ca420941
luispedro_mahotas;b1acb7ccaf975de66598456dc965ea668fc1c730
luispedro_mahotas;b1dd7d61db5ede48a706a5e57ee6cdd16786c004
luispedro_mahotas;b25fa0f188494ec91abce56d8d74e708825bda3e
luispedro_mahotas;b2622a6d98ca2f4911df62a49602a31ee4b6c3b4
luispedro_mahotas;b28431f6afb405a56b6eaa616bba118af8474941
luispedro_mahotas;b2b1bb32d5c0eded38f3ae50585275c77cb3fcce
luispedro_mahotas;b2bc2c1887e1dbff8062ae4589b9ecd4bd0ad1cc
luispedro_mahotas;b3058d56dc0e9a424a2d995e9081709cd0dfc8d1
luispedro_mahotas;b32f39e731ccfa0f7fbbde4c57222a9c8062e313
luispedro_mahotas;b3354eb96d7cf21f62699117bc573dcbc2f9663f
luispedro_mahotas;b3746e9b8b2f0b34463802ebf4ab2a811143af23
luispedro_mahotas;b384ce6ad0970f95703223728319320e5978fad1
luispedro_mahotas;b3dd8c27b404a2fa851da50bce4b1e719bed889d
luispedro_mahotas;b40fe7446fd68335ec87c595857975d57dd37a78
luispedro_mahotas;b426bc7f25233436e8768dcd2fbd0ffab9ffe4e1
luispedro_mahotas;b430a500fd19a6bd6a96f9ed0a10fc1fc51a8ec1
luispedro_mahotas;b4653eaeec6a11306dd701803493de96588e2e01
luispedro_mahotas;b4d87d945949b5a4be9e7e25e154d759645e67f7
luispedro_mahotas;b4f89537dcb74e9a4eb9950f6d8ca2c4978a3118
luispedro_mahotas;b542799204127f1110eb52360e63e707a8e3a1ab
luispedro_mahotas;b55b841ac193f80d5d62d2fc801d882a631969fb
luispedro_mahotas;b564dc7c17d1b6d5241be5cc52a78eb73c0c4cdf
luispedro_mahotas;b5c3097ab28bdef584af84ffd76b2d2b4b509f54
luispedro_mahotas;b620363361a12cfd15d2c2bdd53931fc8140c12a
luispedro_mahotas;b624d19ede49ead4642dcf0f23496843488c1b93
luispedro_mahotas;b67966789829c4e9917ae2e5f40b19d01f35767c
luispedro_mahotas;b6ffae66cd6ec9407aebe4e7f0e97aff8e92417d
luispedro_mahotas;b743c80ceecfe489bf78dd90062e4623b865fb10
luispedro_mahotas;b7451a54e14b0741fb879b9714406be0664a5f7e
luispedro_mahotas;b774287ea1c49b5ac7e154e3bb6f2f5a70d59d91
luispedro_mahotas;b78ac6c058b71f16355c86b1c2ed2e73dab4d278
luispedro_mahotas;b85648aac8fc478fe129632ca58e1950a40d9ca4
luispedro_mahotas;b8833de5c637d564a4a4eb7d17cae9585049a4e5
luispedro_mahotas;b88dba01ddaef334791f5657d8af56cf03f2f506
luispedro_mahotas;b89327d7284ea4ee88ac8ff3fec276b16b450352
luispedro_mahotas;b8b840e298dc09cd5e137c06bd177d11dd971456
luispedro_mahotas;b900610fa79e28a359d30252d9e3fd7b706d4a21
luispedro_mahotas;b9692bd5fe190bfa9b174114f25bb2bff3000ebf
luispedro_mahotas;b98e602ac5c5efe1493fef92e9c3b0f59f88efd4
luispedro_mahotas;ba045e0dd9454662319c367cdc6535f87f826beb
luispedro_mahotas;ba6fb994fd18d36c0257439b6b0a921234c58657
luispedro_mahotas;ba8808b121e4bd9d504d6ce6adc723d2271c90fb
luispedro_mahotas;baa65e76709577407612baa1c41f4c535a521651
luispedro_mahotas;baadd6a877948fe6cf66672c469e3bd85f880607
luispedro_mahotas;bab01c9b01aa4dcf4f60c2efae2e506b66b15420
luispedro_mahotas;babedbecff8ad6d0a9b61dbd8e61b33d04b32f6c
luispedro_mahotas;bac05f44636c97a80c9322774753fea543bf3737
luispedro_mahotas;bad3547a308eeb91be39e5b35ed1d47a054f162e
luispedro_mahotas;bb84c0e039d3c162310550bad3a1cc3ca21b354b
luispedro_mahotas;bbbe2bfb660567d4a7375a7614d9f84b6b9ead51
luispedro_mahotas;bc7981c07bd0eef7c70466b4e49ce5cb9f334c22
luispedro_mahotas;bcaf384246c6b9f7c8d008c286ff5bbf2de87c31
luispedro_mahotas;bcfe39bc60c669bfb972d6652c695d9e72046a21
luispedro_mahotas;bd7a959dab87ce49f963d19b8870471c6ce3a287
luispedro_mahotas;bda5f3f26e3bb2d9da27c31f7bbb770b28ceab8f
luispedro_mahotas;bda86e51bf91a8ec72521398c92a08c7a4e322e4
luispedro_mahotas;bdab648832ef6bd7ff4d380b008601344393a1eb
luispedro_mahotas;bdad4f93ad26f9c197b42646b6f8822cf6f3df1c
luispedro_mahotas;bdb2bce6b507ac82144d1c275697042a08753e9a
luispedro_mahotas;bdbf1a560306e6f1db09ac38c34c835518344e0f
luispedro_mahotas;bddda6ed9e313b9ef39035843f52a0b49ee83287
luispedro_mahotas;be6931a73b393ba916e00a810f27523165633e81
luispedro_mahotas;be702006431a2f54fe65b8490fa2f9e077caea02
luispedro_mahotas;be7c5093fe179c395e55f41ab702ea3b2ef07dcb
luispedro_mahotas;be81b7bde64f0141576667815794ef584e80619f
luispedro_mahotas;be9c56d808172e953eb9213d95eb74ee79565db8
luispedro_mahotas;beafca8641f1bca9f324053354a55cc3cc592dea
luispedro_mahotas;bec4c3dde7f758a07c3f49397c46c3b0271e5b18
luispedro_mahotas;bee09a7296fb9fa1823f072147d74ca5356202c3
luispedro_mahotas;bf154729b02647b3d1835d7d92df43d54e3092a9
luispedro_mahotas;bf50aed084ac14e44a5e7b146e263b3e0e8516cc
luispedro_mahotas;bf56fd2a96e332d68d6c31505e6b3228b8bb7822
luispedro_mahotas;bf7fa21800cd398639e118d9253e7ac97f1b3597
luispedro_mahotas;bf949f3d1b997e5058c4d5b4cd414a6861aedcd4
luispedro_mahotas;bfccd3cc3681c6b4bf0952eedcffa6fd742fd95f
luispedro_mahotas;bfde1fa5637de8166d40a52906cb7c4fc61ccf42
luispedro_mahotas;bfe0034f4a09d65c2036b98c2e91ca99ee8ddfd4
luispedro_mahotas;bfed60a3d5316783b87601ab4f9e282f02519452
luispedro_mahotas;c0232356af7ac6d26ae4b2574cf0925e34872a9a
luispedro_mahotas;c04b8a5143a8b53cc2bdf789921938edec3c31a9
luispedro_mahotas;c05d1984d7b91ee9f791d39cffeaa4e450654c65
luispedro_mahotas;c0c708ca1d856dd2aa9896af4bdaad71f702bae6
luispedro_mahotas;c0c7682b7396c24e6e10fe53a328490332c469c6
luispedro_mahotas;c0e25b45d9ff1b0016ffe26e4069e36c25998ec9
luispedro_mahotas;c1ce64592feebfaa145ff1b7e3afae7cbdf94346
luispedro_mahotas;c2287590e93a4705adab201c2298277cf664e25e
luispedro_mahotas;c25b01bd2f40818eddd88280dc00f681b4557fc2
luispedro_mahotas;c27a2bfa3660f33a9c8a391173716afbe8d747c2
luispedro_mahotas;c289948761a3c2beea3d54b61e8f714707154044
luispedro_mahotas;c2c0c2ca63f49c7a1783a048c1a1307d7abfc30f
luispedro_mahotas;c2d5841de2c186b6a8f157c11bdb05acf632969b
luispedro_mahotas;c2dcac80b81d0358f2d488db491258912a7c8261
luispedro_mahotas;c35698f6626be28ca8fdff1669e896d2ddffda5c
luispedro_mahotas;c36230bdcd1f24b382de13f181db7bf2cda53b1e
luispedro_mahotas;c373443004a07c860002a6878cfda92d92809d04
luispedro_mahotas;c375cd9031bad078c9f248224df1e4e873398c4c
luispedro_mahotas;c3af22f10d8c3442120b67ca7be8e5768345ecf4
luispedro_mahotas;c3bfd8b572d7efba941a157a6a79e8cbdab920a3
luispedro_mahotas;c3cc11854a2dbedc04b5b36b8d8377b5c424cbd2
luispedro_mahotas;c4242e4450c57a53a0af208322d00c2a026cc6e4
luispedro_mahotas;c4318ccfc5ce44cd77180cb4ed37bc0e25543e41
luispedro_mahotas;c48e5b385b852898b6ef31dcdae2a14203fe104b
luispedro_mahotas;c4aef1c04e458ee26c058d2a95803a7cc6e3897b
luispedro_mahotas;c4c5892f122cdf061437a67bd381e50f9a32effe
luispedro_mahotas;c4c9a76deb4b4b3e9f9ba411afa99975297c89e9
luispedro_mahotas;c5493b2e4309cfd6ca5f02c3c50684e94166f886
luispedro_mahotas;c5699a1ee83b2abd8035488243f853fa5ae3e1eb
luispedro_mahotas;c5a7eb290cc170184c8a970109fa382b307a6b6b
luispedro_mahotas;c5eb28bb36f8060993e58ff7553d8891cd35aa09
luispedro_mahotas;c6254c701d7a3e635a7c376076a65a430fd7d1c2
luispedro_mahotas;c6785ae5a3048bc5599a51bf64e752f38623c396
luispedro_mahotas;c69abc4fd6b9a776345ea20c84bd057e0b853948
luispedro_mahotas;c6d361bae4851ea22d2bebdfb554b22d0bacc155
luispedro_mahotas;c75ae6fcaa8a82e813b1aaecfa3136af07ad2bbd
luispedro_mahotas;c7af17f55158de52ef2ce946fc37c367a05e03a0
luispedro_mahotas;c8006cbb60ea932631f4b0330fccbe2650759a79
luispedro_mahotas;c80d429263296cd62cf3b927b2a603115fa73e8c
luispedro_mahotas;c825378f88f5d7a8cdf1883106a4b2c8259014c1
luispedro_mahotas;c82f7d3e5edce36e72b2724f8bee0a94cb502640
luispedro_mahotas;c831bf755791ecd39334f1836d3dc1bc0ebd4bdc
luispedro_mahotas;c8a3443522882ff2000ec14f208c6c21a2f691c2
luispedro_mahotas;c904c888aa01a98d36d0ffcbd22bf3ce80548932
luispedro_mahotas;c9e401f9982cfecd8ae7512d83d38e93b997d0f5
luispedro_mahotas;c9fdcf1ee60e47443d7614bd678ee3b484fb2529
luispedro_mahotas;ca15f2b46f8a92a4fac3f35441a1f7c7ea6ce5ff
luispedro_mahotas;ca9ea711a0e7c6639c28b37107f29a5dc742186c
luispedro_mahotas;caa0efbdfd6c78ce5864f0df8e2bda7dac75d81b
luispedro_mahotas;caf1e19201d109bdec41623b0f3cfe4a9ae3c7c0
luispedro_mahotas;caf3f1ae2d795a5bb40860ce446da2d1a8a8a8a7
luispedro_mahotas;cb61692d45d840c1f76966e48c08140a27e3f70e
luispedro_mahotas;cb7a970489af3c1399752cb0c17dc0d2dcf2b1de
luispedro_mahotas;cbd62a158634ad546d181797e0bfd69d526c8203
luispedro_mahotas;cbf49f066d8d170d7c980ff3a9a90c2c1e166527
luispedro_mahotas;cc97e286bd6d9fbcc584d7e26d7ac1d8e059bff9
luispedro_mahotas;ccc198caebea7a443a7e2b7f9d934e335c3e1fe9
luispedro_mahotas;cd7649b03e9de319b97424527f53e167fe246530
luispedro_mahotas;ce1ccf9e703624ef9c3ee9113035ea5c1e5cb2aa
luispedro_mahotas;ce3453b205194987c453ee0bba8b7bc0fa7a0100
luispedro_mahotas;ce5e5263041eb2189ac8f1fb733ab24298fee4ba
luispedro_mahotas;ce98dfe1a19bb4c9bf37dbabfa8521879685b254
luispedro_mahotas;ceba46e3de7815ba103250e59c395b48e0cbb392
luispedro_mahotas;cecf8859882f042ee0af4b04a5423badf1c02a13
luispedro_mahotas;cefa6ccb8fc2983ed6ace6aebe88942e23e6b250
luispedro_mahotas;cf0ce6e50084ed5efe18d5c59e74399a46a8946a
luispedro_mahotas;cf3463fb203af0dbf771b40d9e26cf2aa5019324
luispedro_mahotas;cf410fff0c8f53b47dcc621d10e3e6479d5b9bc5
luispedro_mahotas;cf9bc17fc3663430419c1471da4043f016e6a3dc
luispedro_mahotas;cfb72d7adffd0c815946b85f2682b1df233cf83e
luispedro_mahotas;d015ed875cc28fefeb69c227d6f61977be87f4fd
luispedro_mahotas;d01a02800548beaa03be49a4964812e45808ad2e
luispedro_mahotas;d05a47b9fd64097294a001c5cccf6bae78642fe1
luispedro_mahotas;d09577b8a909720f03b6f9972f2b9738df8bfc97
luispedro_mahotas;d09e875aa20c6e7e83b194ae2ba51255ca3a56cb
luispedro_mahotas;d0f2a7b217b239f9585b726b3d350ad5cbc42601
luispedro_mahotas;d0ffce3bb113de7ed0523988508472a41f33bdb0
luispedro_mahotas;d1709d6b399645384d904558a4d3a51adfbdc8f9
luispedro_mahotas;d1738242f89b9911b72756fd3556b4791177f03d
luispedro_mahotas;d17de8422d2d7d686caa11f7a4cb67377da289f5
luispedro_mahotas;d21d7926175ec1e72dcd56a1e0510c83c63f7a98
luispedro_mahotas;d2219e13bc585620587aaf54d16d446b70bb86ce
luispedro_mahotas;d28e046cf4595e81a85863938d27f2efb665f8d8
luispedro_mahotas;d2d1dc8e02ab4fd62df725aee58dc1830c309bec
luispedro_mahotas;d2e34a3998ac5b6a503332729a2633b0fa3d4936
luispedro_mahotas;d30b9afee7af4ce97f9ac0878d0a7dbefbcdeaaa
luispedro_mahotas;d30dc5dda87edf26bc0a61647353f3dffeec9c47
luispedro_mahotas;d3147629dc479ed6ea3ac5b7c2ba50b12132a4ec
luispedro_mahotas;d32536ec4d75849ac0413b313743a3906e5ba8c6
luispedro_mahotas;d358889bb9425f5573eb6d454e20da51fcab8cc5
luispedro_mahotas;d3952f09efaec23df73b323ab22c0bc3c3ae3a76
luispedro_mahotas;d3c28964da23f3b79d549cd25624118f7d568df2
luispedro_mahotas;d3e1a0327bbd287f805f92cffcb6e1c584ed61cc
luispedro_mahotas;d4263d502639cc8fed3de58d35e3e284a56ac2ed
luispedro_mahotas;d443c4fde6c04a3897019f110e215d89e2f0f77e
luispedro_mahotas;d467713455640a64c019adeba17a5c2d3c362ec3
luispedro_mahotas;d4889acb0def51c5d60f13ae076fe677066ecd02
luispedro_mahotas;d4d2cbec136a5639300af17301e4fe2159cc9cdf
luispedro_mahotas;d4f58d5f077e4ba3e95e6a76be80cdc047b78ad4
luispedro_mahotas;d4fb7352e77b46c44acc137b7ce073b8e6b02a75
luispedro_mahotas;d54ab656247e93b68b488aa434248e60fa6311c7
luispedro_mahotas;d55c199e42bd39fdfc286c7d02a5d420cc883495
luispedro_mahotas;d574645f86412e77092c1b87648db44af3a39b58
luispedro_mahotas;d596456b171df3eb4c324b689ab31a89cdf0b87d
luispedro_mahotas;d5a4e60816d8879a6b1a370796a8fdaee634a147
luispedro_mahotas;d5a5e4afbe347df1504e9005d57864db98027019
luispedro_mahotas;d5aa6ee0fac20a395b754620557b24d9981d2a5d
luispedro_mahotas;d5ad99edaf45afd0c3693432a4e2a8afd9658d24
luispedro_mahotas;d5bab79da127a95052f75c07f57e6a9575c51775
luispedro_mahotas;d5c0d2be94d95ada0b60be22814e8f4bb228d8e2
luispedro_mahotas;d5e3f793b65606c5797d9b66ee0894a825b03d96
luispedro_mahotas;d60091b926d38dbbfac8707c7e87b321d65cbe6c
luispedro_mahotas;d6730bc9ea29e725accabcf5145b540b16e502af
luispedro_mahotas;d69ab2c35f864cdec1f0527532ba6a28317d875f
luispedro_mahotas;d6b7426e15d6373b03ed883d37aaf8c89f0dd790
luispedro_mahotas;d6d14ce12537a09312fdeea913b35c4a0862b918
luispedro_mahotas;d6dca0af9942ac5c08ba6d2189f93fcaf56f39ec
luispedro_mahotas;d71618991530a216bc9c06c6fa8238219cd28c4d
luispedro_mahotas;d76ed3be447105e2176e00d3bddbfe4f0bb8876f
luispedro_mahotas;d77395eed161bb6e9b2fef3f1ce58caf077d9ab4
luispedro_mahotas;d7dc4de4e7ae468c3e514b5fa95872d2104df5e1
luispedro_mahotas;d81177b355587d7f51a20f6aee9ffc397414e1ef
luispedro_mahotas;d84ab6318c6fc9ce4416f2f8f52663449d05e2f0
luispedro_mahotas;d87172b1f05431d90416937f46a7bdd0c70a8b49
luispedro_mahotas;d89110e69ef179e2eef72c148c07e45bfde342da
luispedro_mahotas;d8c6b84a3170faa9f1260df93e5c0ce645b2ef2d
luispedro_mahotas;d8dcda20d0793b125731daad4b70122833ec26ae
luispedro_mahotas;d8ee3810766be12f324828a3d1338a3f550722d8
luispedro_mahotas;d9283fef876a7e3d6c8764e3c48d98590828cb93
luispedro_mahotas;da066183eedae88bf861bc4c74cf586ae21e98c3
luispedro_mahotas;da1b65770c2f111b2e65950096dc2a0011d15050
luispedro_mahotas;da36474d422df203149a8e0a1e21c46ad4d9dc23
luispedro_mahotas;da5c0bfc6e09ab2ebdc7b29b92a2b19ca548b073
luispedro_mahotas;da962b8d162ff8de0bca7f40496f5bb195c46f8f
luispedro_mahotas;dab4aca70c557a0677e9dc745b18e120e0db62e4
luispedro_mahotas;dac443c52361e0821e28b81eeffd5aa9e15960a8
luispedro_mahotas;dac5e69befa3776fa8035c95cc26404be983e6e7
luispedro_mahotas;dac7e88566651f22c245b1defca9110fdcd8d427
luispedro_mahotas;daed5defbf5821a6aff358e9d2d250c7560cb873
luispedro_mahotas;db8c2f102f9ca444a3afb1f68f0d21084a76555e
luispedro_mahotas;db8f2f14d4f4b897e76158e5411f02bac95eeafd
luispedro_mahotas;db91a032f995f4ce94470190d3c3da711dd98847
luispedro_mahotas;db93913b6a38232ebba33c51f66a3f1c0243e2c2
luispedro_mahotas;db9effe4622b1227a356cb9f5aaf21f42d099300
luispedro_mahotas;dbe14b2d93796561cd5f93ec3ca9fb48d8100bf7
luispedro_mahotas;dc0696d7d48586992ea3cab12ad5ff5aa5f059a2
luispedro_mahotas;dc39d994c44e97fece173603a6dbcaac8bc679a8
luispedro_mahotas;dc81fe28010b9a22752e768a934c6cb285c250ae
luispedro_mahotas;dca9bfd48016229595ef24e642ea10d33d1462e6
luispedro_mahotas;dd03f0ed60cd8fba4a3f1f33a7e9ce53887949fb
luispedro_mahotas;dd2cdb679e5f21c89cf693ed224a2343c83b7a2e
luispedro_mahotas;dd31597beaf2e8be0aa708a7905b9e9510f88fa5
luispedro_mahotas;dd39b77448b5db299dcfcb66575722826d325372
luispedro_mahotas;dddfc676d559ef6884d4f9c68a8bffb884beff6e
luispedro_mahotas;ddf53df83a042681ebf553a819766c5c654d0ab1
luispedro_mahotas;de310d24d8943863785fb3a66f3ae20fc9b44664
luispedro_mahotas;de7023d4ca018d6d01fe8e1c66b20a1db8a0ef78
luispedro_mahotas;de7e2ea3d3d7dd377548c5ec5eb3802cd31e7677
luispedro_mahotas;dea2a038a659b1d45c2f2c63f6e45b1e1d5bf042
luispedro_mahotas;dea83a609913e9686948a69e9c5455b18aa4c9d1
luispedro_mahotas;dee65399a33b338e1ad45596fc228d2260ed2ff7
luispedro_mahotas;defb3f44331f25113ee50c2e26d46670dff72fbd
luispedro_mahotas;e004a83aad833edeace0cc1cf20b18bd083b46a6
luispedro_mahotas;e040a383b6ce9b90da078586aa3c4f6c3228b462
luispedro_mahotas;e04df914838a7032868738a8e36a6a3d42b7aecd
luispedro_mahotas;e065bde25429b720f6a634c357c77dfe0f5e9335
luispedro_mahotas;e1604085d7c3e9bbc3a6a802b33c4494f6485f6b
luispedro_mahotas;e19a262ce9f9b7ced61f0a375d959f87523cb582
luispedro_mahotas;e1ce0b48b96811fb92424515f98d620333bc2d7b
luispedro_mahotas;e1cfa6b928ecf5480bef7b43ba975f2452852743
luispedro_mahotas;e275c777b541d7bfb5969dcc2ec3ac517e95c27d
luispedro_mahotas;e288a83ea5a90321e805f31091b24c290da678c9
luispedro_mahotas;e330072f98246ebc60428a595ed932e5605f2087
luispedro_mahotas;e3387a80ff660fba8be2ada8f05720da8049517f
luispedro_mahotas;e35f7d8f1dcfed4ba64cbded7dc82753cb981e38
luispedro_mahotas;e3b3e7a6655c239769574e93aff13c40c9f72ecb
luispedro_mahotas;e3c338d7ba168f19def6a583ecbd990275379ccb
luispedro_mahotas;e3c6e255a38807c3e1a142ad210c1aecd6bb85be
luispedro_mahotas;e43af70c867757b2e23c72e373502edd99a5472d
luispedro_mahotas;e4f8f18eb6497f3a1c69de4b4595799ca52b6790
luispedro_mahotas;e5480f6295cb6a5633d1201c5168bfeb4c8ba439
luispedro_mahotas;e55af2c7fff6ef1a0842c0513e2ca0ed563afa85
luispedro_mahotas;e5a1b350d196fa288fdf86e3246a0427d19c164d
luispedro_mahotas;e5a5c7c343f234f436174df73064f25c79b771f2
luispedro_mahotas;e5ac0fa53d730587606a58978e1a4b427f5c4fe9
luispedro_mahotas;e5cb3e09c39c77b33c7f33fe4b48c061dab12106
luispedro_mahotas;e5e977ffb2095012f26d8eb2a848eeaaa0c8307b
luispedro_mahotas;e5fcacbf44d1c5754b2b2c4a6877cf4b264964e6
luispedro_mahotas;e660fa5ab1986fbef32565e5e44c2fdaf4dd8b38
luispedro_mahotas;e6a3f98c67a840e45507430a924f1c4dbcc3fff6
luispedro_mahotas;e6b1f521bf1aa9b7ff3a90d067de8bb81da2464b
luispedro_mahotas;e6ce1cfb4cfe2a32cb14a38403a8b44c27c16ef7
luispedro_mahotas;e6fa704c5641144fbbac3069fa197f49bde79c94
luispedro_mahotas;e711584cd36bbac5b526973ee13048df374e56af
luispedro_mahotas;e781b65cd688fc85a2fe403714579671d4d56bad
luispedro_mahotas;e7ad41f9d281d8bdb7ea96b4854ff2f27f1b4f21
luispedro_mahotas;e8074de435af56a2b75c10ffb912412c2b75e31f
luispedro_mahotas;e8091960011e57df13b3adf000e36e3b6db78ab1
luispedro_mahotas;e8c34706c5d7454c08a92dcc4a2d789e699a8430
luispedro_mahotas;e92f17f66100e11191c8f4f20c7c40988c2d9a9c
luispedro_mahotas;e974a50f36266b6ff627bfa92496d7902b41fd5b
luispedro_mahotas;e988f3320b269577eb83371a60aca3db4b1c92b7
luispedro_mahotas;e990276e8dd39698ac05c014a8c37c3e9ad1c1af
luispedro_mahotas;e9b01353ed8b42857602b440e5ab39bb0ad1549f
luispedro_mahotas;e9fa8c8b866ef3d6e03676fda65cdd961a05e6b1
luispedro_mahotas;ea1e9c8d9d8f69d31bc8514e83e527aba0bf6727
luispedro_mahotas;ea2d9ed5f5cdb9ca5c694b2cb6b3e0f0e152148d
luispedro_mahotas;ea5d5a0ca4935662eaf62feda3b0330380c24bb6
luispedro_mahotas;ea871eb17034604be10ff1b5e6733fe123ea445a
luispedro_mahotas;ea8b1ff82fb6cc044b6ee8fef1c4721b4c6e2400
luispedro_mahotas;eadcd0e19a81667aefaa4ef6fbe28338decef867
luispedro_mahotas;eae5a0cb5d83c7ea06bc97aa23ef4ed092887ac0
luispedro_mahotas;eae7510ebf710bbe67fe7023882a8490202f4d0b
luispedro_mahotas;eb58e7df274afac4f48c0c23e6f6b62246700065
luispedro_mahotas;eba6f73cc8b5d6fd11171aa77af7e482a6714f18
luispedro_mahotas;ebac3793a50e57139eda4793cf4138b68167012f
luispedro_mahotas;ebd2617255c8203589cb0b51e6da20323ee697d2
luispedro_mahotas;ec31bbccd783041a811a736fbb0a2f83c11e6e8b
luispedro_mahotas;ec3650aebb6241a9c32f28434e00a5d1ef0aca4d
luispedro_mahotas;ec4de7b8d621e3a4e352bec9cd23f7cf4318e168
luispedro_mahotas;ecc5e4b20f03675cb4668ed43c750293fa8a5774
luispedro_mahotas;ecdcbd2eaab301d0bbc21a99340983cca853a8c2
luispedro_mahotas;ed4c4d712d50fcaa7bdca4ae55fb0d0651d3eb5c
luispedro_mahotas;ed521c8f5c02e424003c2da043204d2e3231598a
luispedro_mahotas;ed9c9f3dfc65bca859e7ec176bd5f7d7f76170a4
luispedro_mahotas;eda5991280a2791869a9b483cca8a36b385fcf74
luispedro_mahotas;edee15e994c4eec10f13b3b71c61a714b3069161
luispedro_mahotas;ee029aec42c214c62a9858a3d8a1394a71ec751e
luispedro_mahotas;ee05a458afb49cdc775d4a4498a67cbf78d9ead7
luispedro_mahotas;ee0999b6eeef62bf89c4455e40234e6240f8ce9a
luispedro_mahotas;ee50e6b5327631a6e47231de15c6627c451059f2
luispedro_mahotas;ee8c1987f28e4eee4076328efdf5550de52e9590
luispedro_mahotas;eeaff551e477c7232076eb5df4ffb13ac68f09ce
luispedro_mahotas;eeb75d5529a85b6d5978df54ef2349a57e2a8340
luispedro_mahotas;ef2fed3bd004377c4e7dd59b075c1cd3694551fb
luispedro_mahotas;ef353a605a5297d172332b1c889df18dd24a2341
luispedro_mahotas;ef35c71196f1e3441805345e11035dd8fdb39252
luispedro_mahotas;ef5d5d80c9a83b123e88cd43de683eb57861dc29
luispedro_mahotas;ef63e8efa0e4105d3d0cb8da156ffbd3626c9ea9
luispedro_mahotas;ef69e42152c536f4279b953c6ffd3b5b7f005073
luispedro_mahotas;ef71d5bec8c82819dcfa38450c05e25975d27eb0
luispedro_mahotas;f047b81d10b636cd3d088adeb5ccf6ad893e76d8
luispedro_mahotas;f04f224079f2ed9fc70bd8b25d3fab2c0b2df622
luispedro_mahotas;f051122cda7eb6ead74dca0311a75fead3a9742f
luispedro_mahotas;f0a3ca15cb5dd71618ef94d638413a403009a75f
luispedro_mahotas;f0a453d7b6bb3d4ca364326ca7e16c4bb44bb52f
luispedro_mahotas;f0b10875b67eea80462a63709fb9e81fdd135879
luispedro_mahotas;f0f3de4d4e7d934e11a69a4fd40c5394d6374d31
luispedro_mahotas;f10b341963dd66f7e3d7ddb2cdbdec1c0cfdecd6
luispedro_mahotas;f13d4956d9ae26b431175855a0f7010c3e30ec85
luispedro_mahotas;f16fe6df3d2def3e16a672b663b88b0e29ca8dc3
luispedro_mahotas;f180c69f0f2598914d7b9235101d3bac437383e4
luispedro_mahotas;f1a306b3656bc4897158b2af5a796405d8d7510f
luispedro_mahotas;f1aa2c908bb46d3a2eef222202fa7ddc25c36cc0
luispedro_mahotas;f208493820cd52053fbb2ec9354b4a7f4231515b
luispedro_mahotas;f267d7eb0a83ae20736f653f96074f7f9dced835
luispedro_mahotas;f287ad61dcdea614b0f92e32b717b22712b18032
luispedro_mahotas;f2a1cc85db6ec47343ff7cb2709acf2fd35678ec
luispedro_mahotas;f3175a2c1ea9277f12832c41539bf1de92151edd
luispedro_mahotas;f31a486883e213ad7af2cfacb48dfb22efe3d488
luispedro_mahotas;f32e21da2947d79938155419ac42f6a31f65a757
luispedro_mahotas;f382231cb78f9017ea700bd187b43c82129b872d
luispedro_mahotas;f38572e61aea7a0a57f621f603b9d14177d7434f
luispedro_mahotas;f3ba8c8891df12564ca970175ff3746a3212b5cc
luispedro_mahotas;f3baee485dbea5e2dab06273d6ffe81dd4d1bfe5
luispedro_mahotas;f3c841829db2c5522f7be718dcc3580706c7920a
luispedro_mahotas;f3ca73799b9218f94a87b89522948e22bd962f02
luispedro_mahotas;f3ffbb45036c3e86500781ddc8d65b54fc0a99e6
luispedro_mahotas;f41525fd69a61cc62e1aac538a34f8c1abe335fe
luispedro_mahotas;f49af8c3ad745dab04339aa8efdb7b2f0995174d
luispedro_mahotas;f4a19cc9e00c0ad01852bbf6082813585308615d
luispedro_mahotas;f4abc9a265d601a1de924844c794fc991b433967
luispedro_mahotas;f4afdf2149a0293066f45f4bd857d282cb4770f5
luispedro_mahotas;f4ee6d89563b107ac4ef6374696f601247942c8f
luispedro_mahotas;f532c680fe9df8e9b09b243ba5a8309aa159789c
luispedro_mahotas;f543ede57838c18595feabf87fcb5e8c64966cb1
luispedro_mahotas;f562bf9f6a26f0d2a46feb1cde4a38d3a1700452
luispedro_mahotas;f576803f1a95db5afb1e630bf1abebf73a02dfe5
luispedro_mahotas;f61d259c6d47801e4d00c4c6cc0e3c990495dbf1
luispedro_mahotas;f6413b9da61ad1b13dfc87027917c4ded9cff5be
luispedro_mahotas;f69d4bae137fb5bd8023e4753ab89c6bceca8ccc
luispedro_mahotas;f6b229608c1cbcc8c59eca6a3c974c4872b7f5b6
luispedro_mahotas;f6cb45136b7493429e5ab495d38464bf6a256632
luispedro_mahotas;f6ddf59d5f746ae6f40f11a9662be213df750a8e
luispedro_mahotas;f6f78b7282bed7a74268be6ed7f6fe742bc99f09
luispedro_mahotas;f72abf22bab66490371426c7e886c773ceb5af6d
luispedro_mahotas;f757d4a0a5ba7e543ed735d37a80d1921d459595
luispedro_mahotas;f76fa768965d3a8743fa53e569faa470d7c64d3a
luispedro_mahotas;f7a9aa2d2de591eaf2389adb107c63001fd34185
luispedro_mahotas;f7bd28608ee5e382af3e2c0ad7a4908c2cd7f9f1
luispedro_mahotas;f7edeb22a4b47e6c5200c008a8e7386067d72443
luispedro_mahotas;f7ffb46fd86c2923aaa3b0ab31a35c2d93041ca6
luispedro_mahotas;f833d10bf90862c5e13a94d562d87e572dd50cf4
luispedro_mahotas;f837bf364cc295c268da79911ecba1301f0330d8
luispedro_mahotas;f8e368af118ccab5580796637823662db40c014c
luispedro_mahotas;f8f1c36ae435895791247c13dde7df9947182314
luispedro_mahotas;f91e0c882b7e459590027cb15faac7be06c86a3e
luispedro_mahotas;f91ea4eacf049273a7a456ed6c0e66c783704771
luispedro_mahotas;f92121baf962c70fa6b6db2fc97152ff8c29ff99
luispedro_mahotas;f955353fe278b2eba4de4df3321f77c90b8b0cc5
luispedro_mahotas;f96385c91145602f2353d4bc6ab60c402bf4d943
luispedro_mahotas;f991cb4440a184da297fea6fd18b10d56644e7e3
luispedro_mahotas;f9bbc0f355585890a27144b7273d04040139c009
luispedro_mahotas;f9bdf8bf59fa13f2cacde9102684266143ee435b
luispedro_mahotas;f9dd6fab8306cd5ce804f70c297a64d7a2044fe9
luispedro_mahotas;fa02c39fb590fa2baf2862755944678e6b379442
luispedro_mahotas;fa5a0046bccb0d20421cff2e680f52598650fddb
luispedro_mahotas;fa9e1273a1d7b30649c7e6c8eebff58107ecfffd
luispedro_mahotas;fab1d6b5b7497e5ec11c220484ce3a15d92bcdd6
luispedro_mahotas;fb3eab7d701dfa374aea2af4508acef9a6b085fa
luispedro_mahotas;fb5fa815d25b9aca71c52165dfa93583343eba39
luispedro_mahotas;fc690c27635d590d5a72e80a01a4b062ea47b962
luispedro_mahotas;fc80bc8d663f3999394cdcc608a237405cc77442
luispedro_mahotas;fc9919eb3f998a8e8cbb7394368f3e852cbafeb5
luispedro_mahotas;fcb6c867bb7a5318970b09cc48e4722680a6873c
luispedro_mahotas;fcd86c2c658fb23c52492d4d28c40c8b0b0d9977
luispedro_mahotas;fd097559a7e35fd8198341ae53e898bdf0ed897c
luispedro_mahotas;fd1528a88fca3cbee101631bfd8c6dad364675a9
luispedro_mahotas;fd25363faea1beb6d1c6fa60c50cee7e98eddcb1
luispedro_mahotas;fd2a32ade513054bf30c67c361d44b58eaa9c21d
luispedro_mahotas;fd2deab100f1fa844fa4f2846c024ad77741088b
luispedro_mahotas;fd5441d4f5da874f36afcacbe66ef971d95eae29
luispedro_mahotas;fd859231b4e96093fcb90ec1582e0dc15e7a40de
luispedro_mahotas;fdb95829e28832e250ca959b86734406bb5b2986
luispedro_mahotas;fdf835cf354e016b6a503bcfb0c87dc8b5f3be62
luispedro_mahotas;fe0e78a141979f6cc2ca6db715b12c7b351391bf
luispedro_mahotas;fe6baf7354a52ecdc223d78d42ca40df7491f607
luispedro_mahotas;fecfb3cf260d5704b4ccd2a4caf4fe69483d507c
luispedro_mahotas;fef58fc44fb34c8055dc31b9cf0006bd835f55f9
luispedro_mahotas;fefc8004007fe00ea8bad921a899ede5f4a91507
luispedro_mahotas;ff167deda4d86c83e98c888472b943344abdc710
luispedro_mahotas;ff4abf3d5848991ae413f945202334c520e0b066
luispedro_mahotas;ff58c8e056a96621b724a505d7c235b11c70fe67
luispedro_mahotas;ff76e4a05f0d0d9e343e384970432480c4b570e8
luispedro_mahotas;ff8be200446073b7f5c032f64171b4bab6bdfe77
luispedro_mahotas;ff9e7228e3b8cb635655019d2a93ad91ae518a57
luispedro_mahotas;ffac7a9b798145d2c8b25950790a38298b01c361
luispedro_mahotas;fff02cab95ac5f87b7524a3a1baaa138f6b95541
volkamerlab_opencadd;002041910a9c35fc56a4dc9119b68efd9dfe2ba7
volkamerlab_opencadd;0020753b45eadde6246f1fb309671da13c84fd19
volkamerlab_opencadd;00260a1ab71a25ce935ecbb37eb11e5d66eb39cd
volkamerlab_opencadd;008bf48d3f48a87c3b7499a37e8758d1c26815ae
volkamerlab_opencadd;008ca2fa3685cf0b967d6b3a9dd729479075c524
volkamerlab_opencadd;00a497a4c1b61ae01eb191b043e6189de0e564b5
volkamerlab_opencadd;00d310fb2ed83b1f376aef5c57730a607479bacd
volkamerlab_opencadd;00d4ff3f6afff0ca3a6fa0b4fadd048397bd11fa
volkamerlab_opencadd;012507ae97c7e471e881369cf6df898434210f02
volkamerlab_opencadd;01afdf1e16bc9bd278bf379ee4dbc8ec53959e8c
volkamerlab_opencadd;01bf6faf4354421a15e0daf490cbf703106b2e7a
volkamerlab_opencadd;01c08945391b838b32805241c1819dda921dbf98
volkamerlab_opencadd;01f1af109bc25ec3cd10a1c4a1fead0cfd2d913b
volkamerlab_opencadd;0250e1a584e03c367bb4587591e81804e09d8ca6
volkamerlab_opencadd;0264efc246219b3a33a02d67945724b7c15848e6
volkamerlab_opencadd;0265f89b011f32f6af3e3551f95ab5c8ddbc53e5
volkamerlab_opencadd;02b82f9493c1f27c933a7a6c940e0c477cd7411b
volkamerlab_opencadd;02fb53d7ef7738c28bbf4341091c47761b9040aa
volkamerlab_opencadd;031191816cca10769424439c7b34db2aa4a946c8
volkamerlab_opencadd;0346edaca1cfcbbcbf916fbd6227875af37996b7
volkamerlab_opencadd;03bdfe43e2b91e47907538f84406539ad6cd2a69
volkamerlab_opencadd;03e395a72745bfe88acc58e82c1b13bb31cc191e
volkamerlab_opencadd;03f047e32e9d71da440d02bfbcae38cb7fc85bce
volkamerlab_opencadd;04126fb3a9619c26d32fa4db6401c1c4233e642d
volkamerlab_opencadd;0428e11486fc833b276e816671f2621de1384a89
volkamerlab_opencadd;0437da9f60c83425daa6f1869d5e99d4ef0af22f
volkamerlab_opencadd;044e9b067b5794810dea6b65301d1a37fb369704
volkamerlab_opencadd;04a0ffa1d9b61a02b31947627f69c5d9b8f9fbe4
volkamerlab_opencadd;04a925d5b57eeb1ea32475e13dc68a1ff011a0df
volkamerlab_opencadd;04aa7a739ed212002c0d8010585a0f18e3d4dad1
volkamerlab_opencadd;04e7378305d2118eea5371b72e99dcb5505fd9a9
volkamerlab_opencadd;0556e25b5b2f580e76c03ebb2ad950830f419755
volkamerlab_opencadd;05681bc46b099c6522c533949e93847dea0430b0
volkamerlab_opencadd;05bd6f2d87ed1a0d0e6af110536e0b6c72b00b5b
volkamerlab_opencadd;05cf48cb3267699415fa593066bd16d17a62ee8b
volkamerlab_opencadd;05dd95789aa27f3298e1eaf6a8cc4d0f230c5f03
volkamerlab_opencadd;062f170d131ec771224f3a3d6a39bfcb6cb26122
volkamerlab_opencadd;06f29bc73bf78a04dfb7adf07d609af23f9d4b89
volkamerlab_opencadd;0705fc3a2883df991cfe1fe4b694064c8a0043d5
volkamerlab_opencadd;07172f7b7b6aa31952b665a59a7936aa3986ca1f
volkamerlab_opencadd;071c979ad2155323922c96b9bc5b0ce20c8a49a5
volkamerlab_opencadd;073d38113b3c9e72e0c266190da5ef299422488e
volkamerlab_opencadd;078f394a2d1d94695c92badf39b81f51f9cc76f2
volkamerlab_opencadd;07e57c5d3a6c7870837b83ca1e06f6fa922557d2
volkamerlab_opencadd;07ee55ed3f24d6a8ee79d39257a11083ace251d1
volkamerlab_opencadd;07f5df2cda1a2febb811d613dbe4b05a9b042a9a
volkamerlab_opencadd;0885a181586b0de4dd758279da5b0ba1560c63c0
volkamerlab_opencadd;0894f4baf109c2b5c1fd21c140847a8e64a20778
volkamerlab_opencadd;08bd6be8d93bd53793724abad997a08f8d3f789b
volkamerlab_opencadd;08cd42f6a906bfd9603b391e09242947a70aceaf
volkamerlab_opencadd;08d52f008a7190b679364f29ae89cdd2ec1b9a29
volkamerlab_opencadd;097e3b5e27fe90f9f91402a553f1026608e7b479
volkamerlab_opencadd;09bac9d69fe5532800d2ea64d0c4139be4734856
volkamerlab_opencadd;09c60781af7ee91ee9413dc1bc370d5375ea1d29
volkamerlab_opencadd;09ca35d258ab2bfd41e58227d136ef1b7e5e0fa1
volkamerlab_opencadd;09e2aba8b1251380bd12ade536fdf3c097c74731
volkamerlab_opencadd;09f464667d40290b7b49bcee00dca582f75cc70b
volkamerlab_opencadd;0a2b80d852b48d83487bf93ceb2e1ab2075ee9c0
volkamerlab_opencadd;0a459099821bdac2706173daaeff148c314a0f51
volkamerlab_opencadd;0a4a5163d816ec750e6b3e320468dd92e35b7626
volkamerlab_opencadd;0a79341007c7ba66a29af7f664c8cd351048ca42
volkamerlab_opencadd;0a7b4733e1773551ed2837be3d6503ee65b928ff
volkamerlab_opencadd;0a94be28fc65e1aeb889b4e6272db5aeb9aa26e3
volkamerlab_opencadd;0afd392789e7e84c53002ae32c07020914b8d0b7
volkamerlab_opencadd;0bac78a60008c42349f8a59087c02fdeae28cda4
volkamerlab_opencadd;0bc5799bbdf097fcda13422ad7a94c4094398a69
volkamerlab_opencadd;0bdc6d09212d2a90b2f539a0c8f57bcc9f5a4951
volkamerlab_opencadd;0bdfc16de772a14d2f8943c7630554321bd0c7c6
volkamerlab_opencadd;0c3a12ad75d00930cdf1eb71ea84e12f5c9d7f76
volkamerlab_opencadd;0c7c2f93d3ffb4b278f11c4026e797ee75affc50
volkamerlab_opencadd;0c8d19395fe01b51093916690f462f25ef9229b3
volkamerlab_opencadd;0cb891cde0ef7ff4b9f19ca3ee624bcf2a511840
volkamerlab_opencadd;0cd5759c47b6c69676b2e190667da725cee8261b
volkamerlab_opencadd;0cd79c03f7575900db0067520bfe48671e2c53f1
volkamerlab_opencadd;0ce8380072bd8f4f667d36d075ef1d9ad9b2a68f
volkamerlab_opencadd;0d068746691eb502105c982d78448290958e58af
volkamerlab_opencadd;0d082abb5fdf523565c32ea3a968300902030286
volkamerlab_opencadd;0d1b1eba2a61df8c2b9ba67c7b2b783e22e23592
volkamerlab_opencadd;0d32aef6fbc6ff23ad7f9188861a753a7ca5f8b2
volkamerlab_opencadd;0d7ccefedbb806f74d1a4d965623d6c10b2c79a3
volkamerlab_opencadd;0d7e3fec187281a3c79173d3c8581b26da43dc84
volkamerlab_opencadd;0d9f00262bdcd43556a7b02da2126f2e4bb074be
volkamerlab_opencadd;0db0017e31949e13b146a7429772d430aafb25af
volkamerlab_opencadd;0dbb7c357bee3fe47fc76138c4b229655749a3e9
volkamerlab_opencadd;0dc3e975e3b4c28eb939b59081ce65574fe7527e
volkamerlab_opencadd;0dc8c0c7cf3110d86b53b92ffc0052662439f357
volkamerlab_opencadd;0de1ed6212bc68a2f88e97abc17af76c54383150
volkamerlab_opencadd;0e197cf915f93de0ae4ab65ac80a8bc861677785
volkamerlab_opencadd;0e6ecfcf71ea501c600f2dbad50c2dcd915fb73a
volkamerlab_opencadd;0f2d2c9fbd9a9d8a83c904a105b7c0a888761c23
volkamerlab_opencadd;0f36e837620f008c02a75a9a4c9f0760d024a763
volkamerlab_opencadd;0f5a2380ad36c22ca75dd7f40ba54d3597dd0ea1
volkamerlab_opencadd;0f9ff0ed5715a73355877da3797b86911e4400f1
volkamerlab_opencadd;0fb3b67752856a24344396077a4b182d20a57847
volkamerlab_opencadd;10285fd9eba056118dc2bc94d3545d0f8a2171da
volkamerlab_opencadd;1070d8a256fdbc1b7e23772b9572d3a472968064
volkamerlab_opencadd;1090f30b580a4ec31c0702238a2081a8f2e7952d
volkamerlab_opencadd;10df2c4b87c8ea5539f286ce5d9464617f3d96c7
volkamerlab_opencadd;10e80c36f3507259921e7edc02f04be8833ef6be
volkamerlab_opencadd;10e92768555272b7a9c603b63bb29862fb3dff07
volkamerlab_opencadd;11103162a82b5046cc40e275b67303d9ef4e5e59
volkamerlab_opencadd;1132d4cec55a61f8d04297b4a6fd2cf6cec48ca7
volkamerlab_opencadd;1151ff52a6b32a3fef8142310d6e386f8b764df5
volkamerlab_opencadd;11526c8134094ddc56dd921928f976c735a227aa
volkamerlab_opencadd;11c0135fee0466c5ced83d95c2d5e0ed302c6488
volkamerlab_opencadd;11cd4dd2589d48aee9e9c57b30842d4b0a02adb8
volkamerlab_opencadd;120eedb7402bb14e89cac373510340398018ce5c
volkamerlab_opencadd;1265a17bb8c3aaebee02f5986775b4271dc65c93
volkamerlab_opencadd;1268b6e494ff0732566a14f855986f07aac16c0b
volkamerlab_opencadd;129dda1dc95ecac548882c8aada416bc580e10e2
volkamerlab_opencadd;129ff96c98a9a7f866921c001eca6f7054f205e7
volkamerlab_opencadd;12d408949913c755fb97bae1dff4cb354be9d27b
volkamerlab_opencadd;12fda36d7c368878bdbc8eb763ff6cf73a2905c7
volkamerlab_opencadd;1312e88dedb2523af8c689662ddc485cb2b2e224
volkamerlab_opencadd;132f673b25708825e134b0666aa6670fb0f7fbe5
volkamerlab_opencadd;136cbda0c37517d5d976dc8a59f7ffb5736a1563
volkamerlab_opencadd;13a7d356ff003f5acbf5ff68081c25df7ba972b8
volkamerlab_opencadd;144f1d4d26b590078c5e74294c6eecc789e26686
volkamerlab_opencadd;1455837477ceae8560e8e42c677b69aa96ff17ef
volkamerlab_opencadd;1482353ca5718c175ed5e1c9d10bd9755d7d52d4
volkamerlab_opencadd;14883cd5456de11f091ec4f9800324481391cd97
volkamerlab_opencadd;1587733d96a9a1b3e09aa613e695a03551e501e8
volkamerlab_opencadd;158d9b087aca2b83d5e22486f28c516790745111
volkamerlab_opencadd;15d22a35f18f4339e6e05f3370573be27fd8e974
volkamerlab_opencadd;15e227537e9b6dc1403de52384365db2f0a11a69
volkamerlab_opencadd;1613e90d8d7595d9080e4b8d866a3eaaa2e5f360
volkamerlab_opencadd;1614986792e7190d8e2e00494918a4544380742a
volkamerlab_opencadd;161df8fda56ca96aafa7d763a89091785d964f31
volkamerlab_opencadd;161ee936fe827f15cfb136392ecc4d68c8c730a6
volkamerlab_opencadd;164e57c391a0fe092698787c86f9fdf9ef07bd7f
volkamerlab_opencadd;164ed0dece0ec46728e8b90275a492684034ef63
volkamerlab_opencadd;16ca28cce78e3606b6a5762fbbdbac87f47b04a3
volkamerlab_opencadd;1745db13796af6e4d1f3b1cfaa6489df82318e22
volkamerlab_opencadd;175743a2d4cff0d021e39a9f3bda265dc8df9361
volkamerlab_opencadd;177273f49645bc5c65fc2f1d329a2e76f7c936ff
volkamerlab_opencadd;1774ab83d711c24c7d81276917e6f752d4b5a8fa
volkamerlab_opencadd;17b1a69ed1e33e4b0df6cadb9d19560ac34d9e68
volkamerlab_opencadd;18157ecfef672ef06215fb9ff3b429f40f1802c0
volkamerlab_opencadd;181fcb53f4f6e2e7f7c511e522bd091ddb35ed51
volkamerlab_opencadd;18238b14db786bf29dac5087c193adecf969056c
volkamerlab_opencadd;18719b025e5591e41c76229f2f586383d0ea28dd
volkamerlab_opencadd;18786f57423920d6b9e6c0a66db3f8938d100c26
volkamerlab_opencadd;187a4818dd402ce97658a16ad5923afcd998b3c7
volkamerlab_opencadd;1882d7ee3edcb60ca36575c69a69e7868966dbbd
volkamerlab_opencadd;18c673ee60dbba6d89fe1e2eca19a48b0b04c0e2
volkamerlab_opencadd;19064333bcdaaca8d3f72f8c512f8793b8ed67d6
volkamerlab_opencadd;194915f6f91422cac36af6c6e6d1c0dbf644508c
volkamerlab_opencadd;196094d8c3a5a9f1ae951471f7ea83094e8b8d65
volkamerlab_opencadd;1988586971332bb6663cba6ddef3207755c02c26
volkamerlab_opencadd;199e376dd1f47aa3d81e03558a0fe25e6451e9c8
volkamerlab_opencadd;19ac44608ee0e68e8bc5f9e6771e276fd2bc2b49
volkamerlab_opencadd;1a588b8d41e3a898706d06c940360526a1b2d84b
volkamerlab_opencadd;1a82725b17f15fcaf5ada1b14aabd88e2dfcd563
volkamerlab_opencadd;1acd767d0cc92b205e630d652fbd437d9b4ea4b6
volkamerlab_opencadd;1b4aef4722c804fe03d3d3f26a3d6b4a70775efb
volkamerlab_opencadd;1b6e86428152da729b4802fbb6e6d34ae16f4aa7
volkamerlab_opencadd;1ba8669d09eca97cfa178d36249e151b06745d28
volkamerlab_opencadd;1bdab2024e01718ac685445e61bb74bb8e5aaa1d
volkamerlab_opencadd;1c3848b8c6338c55ebad18b5f7803f00c9ad27ef
volkamerlab_opencadd;1c41e44f8d57002218d0341a3131a4aa44b80f2f
volkamerlab_opencadd;1ca2cc62320447238d4dc58b418a1c76632f6f85
volkamerlab_opencadd;1cbbeee3814a211fdaea062af2de240696a601a3
volkamerlab_opencadd;1cd0b4558ce59baeaf904e88a098de5d61e07912
volkamerlab_opencadd;1ce19da44a60a4101c24075d65b36a468b8ca821
volkamerlab_opencadd;1d025a04dcc9f67886764dac9a3927ac73ece4d3
volkamerlab_opencadd;1d7b4f620013eb5cfea4fe29d2560945ca05f370
volkamerlab_opencadd;1d7ddd813e41db8391a50cdd8fc1fdd43f34e7ac
volkamerlab_opencadd;1d803e5d89b36a71921d290bd79edc74348fa153
volkamerlab_opencadd;1dff01317e22d3e7f3548e499d38c777db60ff37
volkamerlab_opencadd;1e0770e8b307c34403df94bf18399eec77efa0a2
volkamerlab_opencadd;1ea54a5d1c67143ee20d35cf08a01a2bb7206f02
volkamerlab_opencadd;1ecb36a67dd438b166e65baefe09bf1f6fbeffdd
volkamerlab_opencadd;1ed000cd8119391b7ee26b2a2d50b79ca3ea3e74
volkamerlab_opencadd;1f2642cdd4309b7abec35a7c3158d407e9bcc3a3
volkamerlab_opencadd;1f454e89849944db455550071c5f21e78934c237
volkamerlab_opencadd;1f4a0948f072cba7098bb497226544a7591b0664
volkamerlab_opencadd;1f6bab9f16c61dc16988c4d73d5eee8b0be63475
volkamerlab_opencadd;1fac10a2ed88205f846796efe086b98529c7f1ce
volkamerlab_opencadd;1fde238e3cf8e5e47e8266a504d9df0196505e97
volkamerlab_opencadd;1fe928c1a1c9f14edab47e06e113ddab3616c7fa
volkamerlab_opencadd;1ff2f04616a8783c50bab246ce9bc2ddff0f00fd
volkamerlab_opencadd;200074e2054b702ed143ae384615c472aadbdd98
volkamerlab_opencadd;205321e0344cc956d0474125b49d0004c74361e4
volkamerlab_opencadd;205821ea5c45fa8d15866e2c7f9bcc39ada6e459
volkamerlab_opencadd;20825dffc7151d1b6af4e1eadba90194e9673cd0
volkamerlab_opencadd;20c405c2fa4830460ff277b20708b142e1b80944
volkamerlab_opencadd;20ce233f0dd6165a38b29be276a20ae6cb2352e0
volkamerlab_opencadd;20f669d1413fd43ef4ec60f8efa355b0ab9242b6
volkamerlab_opencadd;20fd25210e26acdc9f71342d15ca6e0394bc7953
volkamerlab_opencadd;21728048525fbb31d147f2d680e8a28023f05d41
volkamerlab_opencadd;2176b7845bf8f9babaafb05f7b92dde1ea4cd5b4
volkamerlab_opencadd;21d3941c71821e137f251008bd1b1c308cd2f08d
volkamerlab_opencadd;21ed7070cbef6e43c560011cb0b53bac92e2e958
volkamerlab_opencadd;21f83b187945327bf5e1a614617cc5d2a0e36fc4
volkamerlab_opencadd;220a89d9b2f82c8ad7ca3b669aa952c55716e815
volkamerlab_opencadd;220b4813d1db7451a27188ab0f6cab7e59006065
volkamerlab_opencadd;220e18c8e99a9922c2ca19734e1236bda6ef5f3b
volkamerlab_opencadd;221166b800491965467170a52ae211e1483df850
volkamerlab_opencadd;225b4cba7c045a7f567f62117896ee1b8d492a87
volkamerlab_opencadd;225ef417043f33d31cee9af6cb12dbc4b1787849
volkamerlab_opencadd;228036c5b68ec3c4fbb6787afb08695aa0f49368
volkamerlab_opencadd;229a2873e268b5ecfe4a4bd469ff7279313b991f
volkamerlab_opencadd;22c865ed8c332b75c517762743cb2abbd58a2739
volkamerlab_opencadd;22cbb1f28fbd7181537c13d8f4552668c4b92a88
volkamerlab_opencadd;22d64917f3713c07523c27808b84c98359071ca5
volkamerlab_opencadd;230922671f6136794f7bcfde32fb5cfac60ee227
volkamerlab_opencadd;23a6e9b147be851c20e6bbffd96d6fa00908b71d
volkamerlab_opencadd;23cc6efe8b65cbe31bfb9f1233ffac9cdbb04c57
volkamerlab_opencadd;23d8aea3e0f5bb2148f773d22a4be31f1f0122e5
volkamerlab_opencadd;24037d94240b902ad9bb2490019619a5abe4cf6c
volkamerlab_opencadd;240fdd739a3af85e03a24041861b17ab104b3448
volkamerlab_opencadd;246e17ad55386eafb52b69bdffed6a95b24b29ba
volkamerlab_opencadd;248abfb4d4ebc4186bf1a3ed1e20cf55a738ebd3
volkamerlab_opencadd;249a5144afeb327c3fb3ccbc816dbe1fc21817d1
volkamerlab_opencadd;24cb1382e490806a08cedd8489991c420b34686a
volkamerlab_opencadd;24d996168ee171a8a39488d0934145565e2290fb
volkamerlab_opencadd;255699ae52497f37786609cdc0963a0ab316a021
volkamerlab_opencadd;255d78115bfba28b9c5183c2c2bfc6659881bcb7
volkamerlab_opencadd;25915160d485553d5a428a4290def6a389a628d6
volkamerlab_opencadd;25b9939a6ad4c9d14159469df366ad233af83b08
volkamerlab_opencadd;25fb1d9b238806142ecc3ad7fb31ad465796fe13
volkamerlab_opencadd;2610347ba485a964fdbc60b0e44c47e3d92e9c3d
volkamerlab_opencadd;2643ec8517bf0ce9c933dd320f0bc974a053697f
volkamerlab_opencadd;2645751bd524440422abb95fe131e94ec3935598
volkamerlab_opencadd;267864b9b83ca504faab20fd4cada3c0d66d99bc
volkamerlab_opencadd;26880f6590d49b572b87e7ed532b7c8be927b024
volkamerlab_opencadd;26994776c1008c7cff1b9b4c634274fb8ef4366c
volkamerlab_opencadd;26adb7edda7ae9321fb82dad06f23343a6fe7b5b
volkamerlab_opencadd;277081ff4919646d33d8a46106282d841e769488
volkamerlab_opencadd;27847d1bda798879e7741302863c86ef4a2ac106
volkamerlab_opencadd;27aa86130a49ca33a82ee961800a3baed020838d
volkamerlab_opencadd;27b1ef6b20917e0d90c5a84f1a19193c3009eff4
volkamerlab_opencadd;27b847c2f3c462445bbea177e07cd5f5004e091a
volkamerlab_opencadd;27c2bd33c82a1ca30f95d8b28c1210016be4c4a1
volkamerlab_opencadd;280902fe7b9a89af80a61be7b6d9c4f97b2d7852
volkamerlab_opencadd;2871cad3a5c221e968ef07fe358abb2edde3b898
volkamerlab_opencadd;28895580c53eee088d1cbf510d3c4cde211ccc7d
volkamerlab_opencadd;28cdf4483c878a9027c6fcc4d03e1de3b754fa24
volkamerlab_opencadd;28e80dacef83f0641e18b2673b4c89b1db1dfe69
volkamerlab_opencadd;290d0b3eb1bfa57e7d926172b603415dd301a1a7
volkamerlab_opencadd;291d68718c02b2fa424f36f2fd9bbfa35a3de335
volkamerlab_opencadd;2949166f3374070a08835b041ddcb3715c1ce0bd
volkamerlab_opencadd;29a5fc9d217c436567e723ae0c367123bbd11735
volkamerlab_opencadd;29d6f0c4d69c72257546a84eb08d003b8f2b9146
volkamerlab_opencadd;29e29270fc2e6f88566209288b2010385b7e5b9a
volkamerlab_opencadd;2a150e3f9562c78b70e1621bccc9ee4ef5e0e40d
volkamerlab_opencadd;2a4d0cd0c6c09987f34e9bf39b6b5d56909df69c
volkamerlab_opencadd;2a631d7166422e40ce88dbfbb3297e311276ac37
volkamerlab_opencadd;2a6cf9bcee72a3626114cda82af758e05ed5af18
volkamerlab_opencadd;2a7565fcf813b66516b08fd2cce607d50023973d
volkamerlab_opencadd;2a9d34478203d346893ec8d6fd4a0dedf3d0c141
volkamerlab_opencadd;2acbc14f63d34b559b41c8c33b41827a757a3398
volkamerlab_opencadd;2aea1dd60a40d477782a79d81edf47e60ca1cb52
volkamerlab_opencadd;2b576940b89155e6ccc6dfeccaad6c78c1e4b451
volkamerlab_opencadd;2b73967cb0f6ab73ae2a090eae7237d6f896d584
volkamerlab_opencadd;2bbec4aebc35477fc47e5890d67d9daa66d0a452
volkamerlab_opencadd;2bc0fcac4c80c9a5820fc9b9f9119dee4e3d40c6
volkamerlab_opencadd;2c22ec966b4734033bc6550c1a2736b0ee36305b
volkamerlab_opencadd;2c6633154d1c1fcfdf6ecd16a5c42e25610dd81a
volkamerlab_opencadd;2c879b2527abb72580c60dac7c785347dd8a558f
volkamerlab_opencadd;2cacd70005c570df326c37b36d83df9dc9742fdf
volkamerlab_opencadd;2daf013cb7aa1b99fe3bdc310d149e993121faf2
volkamerlab_opencadd;2de5235cb5be9c12e65f30a15397c1273741ff40
volkamerlab_opencadd;2e007a2c298ce24fde2c16a8e810d66fb306eeb9
volkamerlab_opencadd;2e160e710e64dcf5b3f017d6b91ebe2ff4aad7c0
volkamerlab_opencadd;2e312a602ce647b7862901ddfbb0a3a08f64dd2e
volkamerlab_opencadd;2e838a526ff33ee5c89da2e5cc61c1fb091f43ec
volkamerlab_opencadd;2e9836674b1bbb2b90c3e0d405ca8da77b551458
volkamerlab_opencadd;2ee3b3e45b0c40096aff9de6369c05bb4380c91b
volkamerlab_opencadd;2f076a22b41fd1388383b5e3f5757df52180e76e
volkamerlab_opencadd;2f24e99dfe71923db438f7ffda2b868cf59d6355
volkamerlab_opencadd;2f2b22483d2a27936c0b997e984d485c67def962
volkamerlab_opencadd;2fa24372a59ba51266071af721b464c407f1afae
volkamerlab_opencadd;2fd4f8579530259a4caa86bf666e36f9779eff31
volkamerlab_opencadd;2fe6f7fcd8c017954d0cf79018d36b38db9d7b8f
volkamerlab_opencadd;2fea0abda57dd4f2c9b8240f576c555e8fac3637
volkamerlab_opencadd;302422f75560073368904bbf33bb90d6ef3e5806
volkamerlab_opencadd;3045bcef8d158b3924751c546d35f8ec09449746
volkamerlab_opencadd;30b0ef5fc9cdc228e60e3f36e94351f713d25b99
volkamerlab_opencadd;30ba67ffab7991fa639e55fc37b7ee6e9e61da7a
volkamerlab_opencadd;30e15fdbac9058596543b976204f20296431e1cf
volkamerlab_opencadd;3130ae1fe74d9c75660a28f3719c5a5d3ac4dc45
volkamerlab_opencadd;31517f4056eded14b1b015ecd064659b04bd86c2
volkamerlab_opencadd;31533ad3bd16ab0a43177e5c41c4bde6c48cca68
volkamerlab_opencadd;31ba842f42b3c2f4d156368f5c3cb394d9ffee26
volkamerlab_opencadd;31ed7d7f71cc1f59107f1dcdf062cc4cc4e8265a
volkamerlab_opencadd;320d3282ccdfcd2cfa7b6e72be6390c340f96449
volkamerlab_opencadd;3230a765e0664b363306569f2e40615e99481a6d
volkamerlab_opencadd;32485b9f1bd946c5eeff8be4c1e6ce205c2be337
volkamerlab_opencadd;32842b453a0d3ebc9099d0bdf95becf8fde856a0
volkamerlab_opencadd;32b50b97eedadf8c4b748ba036ed459d439651ec
volkamerlab_opencadd;32cd15a060982bb86e92ce4ebc898b15e7c4f188
volkamerlab_opencadd;331f39c980f7389c71feb0630aaa4160a151c48a
volkamerlab_opencadd;338d35919bf605c0c1f0ff2248654b1a88ddbd64
volkamerlab_opencadd;33b4ec71f2abc10a7656d1367046eda5d71f0d06
volkamerlab_opencadd;33d2eaa3bb0bf6ad987a442f1792cd25830947b3
volkamerlab_opencadd;34180c097a120571cacc25e42febaf89ff863b1f
volkamerlab_opencadd;3472a944b61432c7cadfb0c3215f2a1003dfc926
volkamerlab_opencadd;3478db7af4f5232b501a7d3fd94b436330cc4892
volkamerlab_opencadd;34803e114f13ef4b0c4348b8d1cfc094022d4d2e
volkamerlab_opencadd;34dc649b3c6ae2a42202227d4b29bd508b3e4d96
volkamerlab_opencadd;352dd9a106f56919c007b00a1efc325dc0271a4d
volkamerlab_opencadd;3559b9b077add6c1e409ba584316775e59e66e40
volkamerlab_opencadd;359c2f22e47b8540000262548195d82a09dfef8a
volkamerlab_opencadd;36798ce080fc682cbba0a6ce07a59adda62fe042
volkamerlab_opencadd;36a68839a1bb113dcd4f75e462dc971829bb7f13
volkamerlab_opencadd;36b2da19c28082e5514547f98ed6604c1f7b7508
volkamerlab_opencadd;371b6b9c9c51b6a03b5641526b8f2800280d1b33
volkamerlab_opencadd;3727576b72424d56f527413c25cf99b620d2d028
volkamerlab_opencadd;374857d72e6176c5b9a75f5860bb92b08a516d15
volkamerlab_opencadd;37602cf053a8073624bc348e78a62115fb118724
volkamerlab_opencadd;3763323b3040918a28ac5ea7e684abb67aa9eec8
volkamerlab_opencadd;37714e63f11f88a357bf2792924f5c93156b8c52
volkamerlab_opencadd;3784f26f16c060d75cffc557c9ae346ed56aa5fa
volkamerlab_opencadd;378e3edb9968ddc78fa14aa3caae5f73f29e0714
volkamerlab_opencadd;37f2145ed62ea98551461d70299d475902bfe7ff
volkamerlab_opencadd;3853096b51fde77757830978d33b4bcb0ab9b63e
volkamerlab_opencadd;38ae9025d5c5a1e1cb6f72ed68ec2e027d89e568
volkamerlab_opencadd;38dab59f9f6e6aa36e5bda56e83886cd1a007034
volkamerlab_opencadd;38f0de47b19f1793465508e708637df4bd0907f5
volkamerlab_opencadd;38f704a3f44510fe63db3404077e56651b777b49
volkamerlab_opencadd;3904b20b3244cbf76d51506feb929b8309a7e40b
volkamerlab_opencadd;3920ac2f1a4e51d5f6cfa518a923f6f4f502c90b
volkamerlab_opencadd;395fb9c9c1ee00f3ed1fc3951dd8026852b31774
volkamerlab_opencadd;397021de60a8b501266bf8250ecf8a330c4085be
volkamerlab_opencadd;39af131083eb984a03b39f1326d0026ffca22b52
volkamerlab_opencadd;39fb1fe88550ff0c45a2c910cec4c1db9c185437
volkamerlab_opencadd;3a4a62f400f638fd6cf524ac320b30384cc85d08
volkamerlab_opencadd;3a62c3ea12fdd5da43b624d7549a52007d324421
volkamerlab_opencadd;3a9e252147f00a68e411ccd3f4707cf68173dea6
volkamerlab_opencadd;3ac86239080b71b72e786142fc0f94c887b306f1
volkamerlab_opencadd;3ad93fb1f1aff4e8f14503c0afa68352dea3a8fd
volkamerlab_opencadd;3af001986102cf3ec1aa7cba050bebc93de51257
volkamerlab_opencadd;3b0ffc2a32f70f6e871a3ae12fb42a1698d3c919
volkamerlab_opencadd;3b988f7579fa04cbea81e129ad987ae8c3d71d1a
volkamerlab_opencadd;3ba193bce82d43aa672735c8fff4c29cdb1a1d34
volkamerlab_opencadd;3bb34f0ece45784b7a9fd5b908be320ee728543d
volkamerlab_opencadd;3bd07a390c02f812404f28c3142e0727b07db4a4
volkamerlab_opencadd;3bd1debacfb28d26ae0516d5aacf9b0bd0d36bb3
volkamerlab_opencadd;3bd7878932e12f65111c2d339c07beea5c0f5e54
volkamerlab_opencadd;3c0a61f050f4b0c8739891e98e6a44b37a45c030
volkamerlab_opencadd;3c2e78753916f0dbba23f3ba7fc7f93f4bbbdf04
volkamerlab_opencadd;3c9b23846e5c431e136e83ed419f47e14dd7f10f
volkamerlab_opencadd;3cb87d2564f0b25354971a0651239a9dd71d98dc
volkamerlab_opencadd;3ccc827745ea792d02616aaba2f16d21cea91fcb
volkamerlab_opencadd;3ceec062c5b7e2548bfdd173675208742ab07b96
volkamerlab_opencadd;3d8539510e6b64469177822d8b2b2568594179fb
volkamerlab_opencadd;3dd70f45fa30b8c3dde61d757466016c2d1ce0c3
volkamerlab_opencadd;3dda0fe4e0056c1d079de8420414a0954bde9c4c
volkamerlab_opencadd;3e5875880f1d0f59cb54c9c060c4fe4e6b6d3951
volkamerlab_opencadd;3e7ae2b7eed21459e5d40ce0807ef5746ce4014e
volkamerlab_opencadd;3ea07dbe6d3e1d7485ea328bd64939e0f2159ef4
volkamerlab_opencadd;3ea349428fb6c502cff5594ff56254dc4b936ef1
volkamerlab_opencadd;3edde8c21d768417ec4f84dbe0eb2cae4d5efe52
volkamerlab_opencadd;3f01d877b23f162483175134f3b01a92d9b08b73
volkamerlab_opencadd;3f1eb6ced934b2d00ee48d554e789a92e52365c0
volkamerlab_opencadd;3f22a7f04fbe91755864b317a36dc476a4854dbf
volkamerlab_opencadd;3f26277bfd5c830844b1687ef2345bef245249da
volkamerlab_opencadd;3f5b4b530fa8f552df6e9978048952699f84d25c
volkamerlab_opencadd;3f64ddbc01930af24eadb86da505fbc2161a8ab4
volkamerlab_opencadd;3f84dbd589d9388435d4a08362fe46897964ad14
volkamerlab_opencadd;3fe042334c17368deaa17794e5368a632f964e3a
volkamerlab_opencadd;400d8dc6b065127751e03e6a92194a4a1eb6d3c8
volkamerlab_opencadd;405e639b9ee473e1ed893054c1ec37dc3126e492
volkamerlab_opencadd;406065035960e1d4e8bf68bb2122b03bcc534431
volkamerlab_opencadd;409e1d2426314ddd85490e694fec66465b56a432
volkamerlab_opencadd;40ead6790e84a1867bd27b0b2da5f8b14c5b5848
volkamerlab_opencadd;4149f404bb76fcd65d95aa4024564bcef540e055
volkamerlab_opencadd;4174be2f4f73837cf910e0076c4a13b600984fbe
volkamerlab_opencadd;4182b3a8988bc28aeae5637edfc7fab0fe7aa4c2
volkamerlab_opencadd;41d4a6328c11419402915e3ea2f48e7764422190
volkamerlab_opencadd;426373352dd985d85200eec0d96c01d82cf81344
volkamerlab_opencadd;42cf884c5195efafa67cad3ab296db3b5aa6ec7e
volkamerlab_opencadd;42eae99602ec4c8ac4a3e2e90309f86250d48752
volkamerlab_opencadd;42ec4e9e3b8fb13b0140682d4aa37b7b6d94c0cd
volkamerlab_opencadd;431a626129cf3a2dde903eedfb10b3c1ff464b4f
volkamerlab_opencadd;431b732658c5b7006e78dd2f22340fd3440904cc
volkamerlab_opencadd;4340e9bb0d952d6b7c21ebf9c710520a4ef1ab0e
volkamerlab_opencadd;4371ea5315df512029c1dec4a2ab77a0eae0496f
volkamerlab_opencadd;43897faac32c9c24e3e65ea7213c3e7403c1d311
volkamerlab_opencadd;43d831e97e32d7edd3f8ba6b44c1bde87e0c4bfc
volkamerlab_opencadd;43eeeaa2f28f7ac34aba9f8bf1001228f085be06
volkamerlab_opencadd;44368982e75d50802cf9de0a23297f8c54a962d0
volkamerlab_opencadd;443ec5a485e9c8906ec28224bd4209e91badc368
volkamerlab_opencadd;444ba8dc5e5d7d4f9d35b35e79a56de320f1afc2
volkamerlab_opencadd;444bc132d1e1b907d4c967a7b03e6c6f1dd83939
volkamerlab_opencadd;4463f10f7d3277a70adb8ac8c06a07a525238e10
volkamerlab_opencadd;4476a619ce44ddd4f5edaa6b87d7dbf534747252
volkamerlab_opencadd;44a02c661b26694f0d1b8211b5a771249f203260
volkamerlab_opencadd;44bbd6c3fe8130ab158824d89062677322b9db31
volkamerlab_opencadd;451244c8d0923647416d07c714258c79f54cbc10
volkamerlab_opencadd;45480f52457a9c30dc2028f4aa1258964592372e
volkamerlab_opencadd;455be16d1a964fbed81a8ffaa009f81aaa86dc12
volkamerlab_opencadd;46412c2696604b474845e0fcdcb89e551582d29f
volkamerlab_opencadd;46510e95b30ab63ce7d4c5b4c543eaf175fb4ba9
volkamerlab_opencadd;46e8b797b0e09fc74d1ba56c5b834094376ad5e7
volkamerlab_opencadd;47409105c65684860cd0c90fbb79aec8f354ac30
volkamerlab_opencadd;474dd8968a35b93d4c68b23847c89e402ab29e0b
volkamerlab_opencadd;4797fe93c064a7c317f8b46e01b12dc34ac8e22f
volkamerlab_opencadd;47b34d0c830e1958684aef73a642f64f246f07fc
volkamerlab_opencadd;47b71ca9d1a4db0944ea96a8da68246e4c3459ac
volkamerlab_opencadd;47db0419f49873d32f0b5c8cea254ed6958a6c23
volkamerlab_opencadd;47ff9b9f37cc26836ecedd03fff2929e10dca7a3
volkamerlab_opencadd;4853c4a1e2fe70c31ac8c8af53b3dbc5309337ad
volkamerlab_opencadd;485bacd12ead333a76ade5efbbc59f5c8bd5679c
volkamerlab_opencadd;486637dbcfdf8d75d0695cb88bcf1d1ac03c94a0
volkamerlab_opencadd;486859b5c2858a4c7b5fbd9547eff59559e87c0d
volkamerlab_opencadd;4869648f36298facadcd78f4b9393c5799b99891
volkamerlab_opencadd;48d4218b7e35094d2b21c90cb1f99670afe86637
volkamerlab_opencadd;491ad7cc676c0746aaf6bf7c45a738d5e2329e72
volkamerlab_opencadd;4974341c4d78e6989ecee58e06b2b91ada2e1295
volkamerlab_opencadd;49bfae375b10f7c96222d85f56cbf5fd6bd2b25e
volkamerlab_opencadd;49c4c01b71d0d765d207bc046acd4a291e34cf7f
volkamerlab_opencadd;49f24967011ff068fe3fcea9957dbfbd93fe4c29
volkamerlab_opencadd;4a657bc48c99b51bb7f741757619e42ea09636b8
volkamerlab_opencadd;4a82f58ecd6a2c62194483482400321058bc9a90
volkamerlab_opencadd;4ab77449ff481eec161d85b6fbebff3a2577293c
volkamerlab_opencadd;4af8bd005870cbc4b2a78cf7ac652af085a1893b
volkamerlab_opencadd;4b316a7b7dcb926f01aa8025a3f4aad6251641fb
volkamerlab_opencadd;4b7992ad2de2edfb8c2112f8c9d718ffe99cfd9a
volkamerlab_opencadd;4bb925236429862fe53218267d57b91b3fdf95da
volkamerlab_opencadd;4bec09f2d92e0897116b9485c46f44de32a271e9
volkamerlab_opencadd;4bfc83c0cf7ff94ee16051f6b32b9f888a95e000
volkamerlab_opencadd;4c25f0b65f78b9970feb4e7bad24ee9024782fd2
volkamerlab_opencadd;4c2876abf764af6fbda4c31686e051907338c383
volkamerlab_opencadd;4c361d93d61d4e3cc5623ab9fd410abe32613011
volkamerlab_opencadd;4c3da6166db6e85db29d8c2335e8807ee6c96c0d
volkamerlab_opencadd;4c4c425d912e39c743f206f1ccc99c5484c3f9a3
volkamerlab_opencadd;4c58508efae05fcb13d07a8a7440016262f5320b
volkamerlab_opencadd;4cb6e300e8da7156b7fe18cc2730ee70cf27d3fe
volkamerlab_opencadd;4cc15e87bc55ff06f3559b53bce77ff0d2acc53a
volkamerlab_opencadd;4cdfcfddda703f8c72a2f4cd2f81512761a41371
volkamerlab_opencadd;4cfb671349d12d00ec8b2a355b7d41400300b46c
volkamerlab_opencadd;4d30fd95e710203d6a9f95d53a744533a97a455d
volkamerlab_opencadd;4d351cf9c08a19f91b062fc98b34a1cd4671fdce
volkamerlab_opencadd;4d57000b5f31e317f57eb8a8e2055dbbc7240551
volkamerlab_opencadd;4d9fc0af017252dc971fd976357c2ea90448e4f4
volkamerlab_opencadd;4df872a2685991621add9d960cbc0f7f3f9d8ca4
volkamerlab_opencadd;4e28d4b02d3cc9e8c533a9c862635b2705ca1a2f
volkamerlab_opencadd;4e2cf2185dfed79723f567ab914285c9e8d41dd6
volkamerlab_opencadd;4e2fedc629c7970cdaf778a3034d777aeef5dd2a
volkamerlab_opencadd;4eefa92d0ac9e9c8223576bcd23e0fa611209d3d
volkamerlab_opencadd;4ef05c9f8251f4a369604b14f35665b82e692fa2
volkamerlab_opencadd;4f04952b7fb796017351fc5949308745055cb0a5
volkamerlab_opencadd;4f125c3a491d40099c47ba20606cc1ab363c4ddf
volkamerlab_opencadd;4f20be91d3560d431ab4ed5eb730e601265d34e1
volkamerlab_opencadd;4f40a555923b1197f46b98314a6743b38053750b
volkamerlab_opencadd;4f50785e6df0cae74a0f3adb5f48fbfa4455b8f8
volkamerlab_opencadd;4f51486da733f9087b1f0ac36ff4c74416bf5f8b
volkamerlab_opencadd;4f718bb80bccb62e1bc8d5bfe64e3894f30419ea
volkamerlab_opencadd;4f8591d6d5424b5a249f6e6ab142b20a167c90b9
volkamerlab_opencadd;4f88997491019a07ee2d3b074efb0170b46971e1
volkamerlab_opencadd;4fcf090bd612a22df9d617473ae458316a4cb4b6
volkamerlab_opencadd;4ff954fffc6e292c7a360e0b291bc37000a7a75e
volkamerlab_opencadd;50555c2aff1ca0b2a50f3a82f20bd60dd10cb99a
volkamerlab_opencadd;50635c5ca6bba98af6c6e216936420ad172384ea
volkamerlab_opencadd;508b9da3077eae0beb3d292be21c4b8f6bfce1ff
volkamerlab_opencadd;50a4f35fd08c1ee1be061424173cf2634923fc29
volkamerlab_opencadd;510db3323adee83d1151c3e879798ecbcebd9ff9
volkamerlab_opencadd;5114827738702cfaa94ad51589d1349f5119f4ea
volkamerlab_opencadd;512203ff048bb3f2a02a1cc765415a24eda5cab6
volkamerlab_opencadd;51679113a6a92738da20e2f8a54d46e8cabc0b62
volkamerlab_opencadd;516b6072301d17d9076e7e8f9656fcca8db7c22c
volkamerlab_opencadd;51d87ae1765f3f3286511ff6cd233d32990b9ef4
volkamerlab_opencadd;51f2f1b26e9030b48abeea682094fc7e171708aa
volkamerlab_opencadd;51fad3253d7bc2fba544e577cffc6343f8b1c757
volkamerlab_opencadd;523ab8e976f769f3512acb6dc486d43d0436fafb
volkamerlab_opencadd;526ffd4a8ff75f16274b6ccc9c0e80dd08e21ed7
volkamerlab_opencadd;527fd522c2e039ae65f83cebcf2ddb2e3f18d22e
volkamerlab_opencadd;5296604ffc9f3ec0234bd74849f4bfe425e0a2b3
volkamerlab_opencadd;52b5507499f1d076c412a85c551dbbf161eedcec
volkamerlab_opencadd;52e885ce6bc14c03dc4c92b16c7ea5d9ea7365bd
volkamerlab_opencadd;5340d4f8fdf735aa19fc3239ed3026cc6e5d3498
volkamerlab_opencadd;536bc761bde9a62accde18df0afd8fa8717b77b7
volkamerlab_opencadd;53fd2b6c2089376a601d35ca5505defd51c2f86f
volkamerlab_opencadd;5421b6549f9c71eacf5707b24985ea09c48ddd4d
volkamerlab_opencadd;543eb8acc8779bac004f59f9b9e37cb5d3b72d1f
volkamerlab_opencadd;54b987c84733bd3a6faea7f4dacf5f3c8bf4d02c
volkamerlab_opencadd;54e23faa962f44ac8deb195fa929fc42d71f370e
volkamerlab_opencadd;54f2f914c773cf4439ae1361fcc34d8e425b4177
volkamerlab_opencadd;54f70f02559f374f670463a722de23a96f53c3c4
volkamerlab_opencadd;551374b9a13b07584183e963cf18f050beaf9b05
volkamerlab_opencadd;557ca0672b3b04f8d6e6e3bda98281523fdb27cc
volkamerlab_opencadd;55a0b14b2eba1aa942b36c0da9eef5893f26a333
volkamerlab_opencadd;55afaa1893ea785c61b8e52db2f610743abf96da
volkamerlab_opencadd;561a239c82d15d7b08810ff1cd2e4bd0a64f0f73
volkamerlab_opencadd;567a99d79395656fd1e2a1191d657570b9757a1d
volkamerlab_opencadd;568cdcc0189aba72cda84a28238ef0e4e1e6d6c0
volkamerlab_opencadd;5760a06baee031615ea125efbdb8e38b6f981614
volkamerlab_opencadd;57c92a299c2a02c7bc058ada5922144ba6efaf51
volkamerlab_opencadd;57eafc2d4bd1970742773fbd40764fc47dc480e0
volkamerlab_opencadd;5873a724aea393d6150a9ce3c0b104f86652d307
volkamerlab_opencadd;589e49a7bceb6014ed7200bf934494ea269b63ef
volkamerlab_opencadd;58cba68a0fefba964ce451ec698c3e3c5ecdcb0d
volkamerlab_opencadd;58d4f40713ae9e8fd2613bcb247dce6a4954500c
volkamerlab_opencadd;59e34dcc8a78bb74d6d3f607098fafa7cc91cf85
volkamerlab_opencadd;59f8fb3ad19c00d2feee323241fd184e94b9c544
volkamerlab_opencadd;59fe2e0a008e5d5e596004dcc568a9f2a1c30da7
volkamerlab_opencadd;5a173dc8fbf0f68cc392ea44b87ff12b454454be
volkamerlab_opencadd;5a447576dacc86ae45b2858862fd3b24436bd804
volkamerlab_opencadd;5a60f649fcb6b94d8cfb7655b38bbb6c13bd3017
volkamerlab_opencadd;5a76da3d9dbf601e956c3b8e363c4071fb93b5d7
volkamerlab_opencadd;5a7b10a29f4842fc4dfb84344c177bbb87ef0ff3
volkamerlab_opencadd;5a86dc8d2da3f72f279ee1befa00ada27341a4bf
volkamerlab_opencadd;5adb52c6281c8cd6b9ba28aa42b04a81e84418a1
volkamerlab_opencadd;5be182ba3b8496afdc1edd65e2f637e523c0ab09
volkamerlab_opencadd;5c3da34294d5ae5e55d1d3cc39c4d93ab44fbfe7
volkamerlab_opencadd;5c55f7885ee07f44f40754e278d426842ff678c0
volkamerlab_opencadd;5c932d0ae5a6166738ef670615c2d2a9f7311a01
volkamerlab_opencadd;5cd8fabcc6eb660dedf466a6059fbaaeca667556
volkamerlab_opencadd;5d1b0149cc0e94a9c8a940c697e8da0d30090383
volkamerlab_opencadd;5d26ca660ab627dff1d99c0faeee4adfb7211921
volkamerlab_opencadd;5d37130008acc3767e999168bf13284f5af3a1bc
volkamerlab_opencadd;5d98ec0da6442e15c6eefb1f5177d4da283f7e5b
volkamerlab_opencadd;5da1b702546f6ce38953412c87509fe47d0e945a
volkamerlab_opencadd;5da61125e0ae43ce12b0748da2e5c0fe322ee260
volkamerlab_opencadd;5e08754558fea3b53acf8ef43afafd71f3261a7f
volkamerlab_opencadd;5e172cba00e2d2b4b1601db3c23ad5c55f2f24c4
volkamerlab_opencadd;5e46f0b15fba979de6dbd0760c6f03e172b5e4a5
volkamerlab_opencadd;5e8286693f2c371958bd19549925e76bf08d0325
volkamerlab_opencadd;5eb28b2916a800e131d34d8b54d4ea463db15fd9
volkamerlab_opencadd;5efbab4ebc51d765284e3161cc3cfc76a61e6688
volkamerlab_opencadd;5f482627103f1746c2c19019d747b0157f893501
volkamerlab_opencadd;5f5d4553df070511f1c442f08a21d9db911998b4
volkamerlab_opencadd;5f7a175c50b435189a8ef73d545f4724242ec6e6
volkamerlab_opencadd;5fc4f78da8758f3962c0e736648f2df4f46bdf14
volkamerlab_opencadd;602c5c9adab07c25dc47e296e0abf052999f2f1a
volkamerlab_opencadd;60571053dc0a38340fa53948d5f472b28629819d
volkamerlab_opencadd;60d26542de29e0bfd77952f687322c524babcb2e
volkamerlab_opencadd;60fd1b4252e4333541ac2e7c1da8d6110e687d3c
volkamerlab_opencadd;60ff9eecd20f9b51bae6fb1606fd9f35080ac66e
volkamerlab_opencadd;61457a42caa3938765bf47be9ad637e42fb29395
volkamerlab_opencadd;6185ce137592646d2c871dacb78da3540439da96
volkamerlab_opencadd;61a468fa92fd9a36bd17f5b9a02585e8fd779277
volkamerlab_opencadd;61a62dedee3a056749d4a55525c3076758f7bbed
volkamerlab_opencadd;61f1282b8bdc7be48cf8ec79d67ee2ee1b87770c
volkamerlab_opencadd;61f5a94c46d21feac1cf66103d11bd52aa3432eb
volkamerlab_opencadd;621b9ce430c8d334903ec3ca89044fa2f9324eeb
volkamerlab_opencadd;622958fedf0fe2222819bd1621ed36fdfa991863
volkamerlab_opencadd;624ac818eb5df6da5ffc78a0d1f2458448b886cb
volkamerlab_opencadd;6295f92b92da5eb9eaccd4bc0067adf5d9761b40
volkamerlab_opencadd;629add1f51c7633509bd555ad705cb585cddcc64
volkamerlab_opencadd;629cef26bfffc7de613d1b14b8258d2bd6f6b920
volkamerlab_opencadd;62be0c874d6f7afe38675ef12b7098c234c7300a
volkamerlab_opencadd;62e1fc5d4ac24231b69f2328410d621d46303fb1
volkamerlab_opencadd;6345236f48fc3e8c285a1712c392b9d769fa1882
volkamerlab_opencadd;63508e5d634c34df4fb2dadc85dfc0e66b87f7a2
volkamerlab_opencadd;6366b8f49b624caa87b8cd90d74e6ebdf622e499
volkamerlab_opencadd;637178d24d92e8250f9257354605efa018538177
volkamerlab_opencadd;6374ab12951dfc56f8265ee5ed3ab566b5cd72f4
volkamerlab_opencadd;638f6d50603a9a2dda8b41b48f78437dd16ac248
volkamerlab_opencadd;63e99a5f55b915fe16ab6e73a3a7b92cacce3a8c
volkamerlab_opencadd;63ed4eb080004dfb254bb8affb956438f3732a4d
volkamerlab_opencadd;641ef1253fdb0bbe2d94d7a2f6c344646972723f
volkamerlab_opencadd;642ef9a0daee2556759ca435edb5d920216fde94
volkamerlab_opencadd;6450a624dba51ef68f0b460b8dc615986ae6b314
volkamerlab_opencadd;645d913e521d312eb94d5958026d39a3844c048c
volkamerlab_opencadd;64760807ecd1db42f4f5652e4c262c732a5aa324
volkamerlab_opencadd;64d76f19d0aa499642ddbff458bf1bd78f0cea16
volkamerlab_opencadd;64dca5cf3b81610bd841541fcf723d54c74ba0f0
volkamerlab_opencadd;650860eebb40df8ce745102671439d533e271809
volkamerlab_opencadd;6517cc5faf1993aa722b8a37298f1151ccefba13
volkamerlab_opencadd;654da84a0c470b375627d6b0e76329cf201009c0
volkamerlab_opencadd;656f6b33b1ef83df04f0bb20bdc0d0d2d7951e96
volkamerlab_opencadd;657d20afa22608b93462f267bb6a24508e2c1972
volkamerlab_opencadd;65a3a9ca36048e3746380639159bec14325752e1
volkamerlab_opencadd;65cbc33b571791d30c4333bb2061fcf4141f40f1
volkamerlab_opencadd;65cf85c6a8a19b8c2193d1989088c937984dc1f4
volkamerlab_opencadd;65fb569ff643e1aebc663d2e505f635663b1c9bf
volkamerlab_opencadd;664b98dfda1a395f4784f4ea845edfa5ee462499
volkamerlab_opencadd;66a8be21b41e5240fa6f4a2604b48c380f8616d7
volkamerlab_opencadd;670ab8fe03822ac877aeb609f72443ea1697278a
volkamerlab_opencadd;672529ea55d90a148cf28de6fe58f42f8433148b
volkamerlab_opencadd;677893e34baff7f51624a7d69c175eadc34192a3
volkamerlab_opencadd;67bb60371fdee5604e0c9199e1b98079bdad5216
volkamerlab_opencadd;680ff83b2b45977116b2eee9899c54201b286715
volkamerlab_opencadd;68143cf8966372f98d859754c84f5953e857f7b2
volkamerlab_opencadd;6897982e5e64c90c054550c381cdd5a7abb85421
volkamerlab_opencadd;689a6ba63af7ca5f310d6ba52bee97be3af020ef
volkamerlab_opencadd;68ab69a5a643ace34a088ed6a86e24530f892502
volkamerlab_opencadd;68ad77ffdee82d5b58de0b74912606edd78d6071
volkamerlab_opencadd;68c5d3c206fcbdcedcff7d797b40bec2ab058868
volkamerlab_opencadd;68d2583aaa35317f3083d4357bd7dff323e2a7b3
volkamerlab_opencadd;694c146218c9451a208d7e1dfd7de59e9716170f
volkamerlab_opencadd;6960aa2c0cc342cf3e6d788bd01d29729de4dac0
volkamerlab_opencadd;696ff03ab0eda31ceb531b855735a7da13788553
volkamerlab_opencadd;69965a2726978dc79686239d31a987dd5b0a79e9
volkamerlab_opencadd;69df9738208cc1ca3c77e2067384c4c22933d044
volkamerlab_opencadd;6a0d50cfb2ecb00213c79f256ff041e7db211e5b
volkamerlab_opencadd;6a0e0e2a85da5929174a000f7bee0eade2cf01e5
volkamerlab_opencadd;6a3f7fd9717665db46286e67e139de4896455366
volkamerlab_opencadd;6a4d8ea46e131fc8304e296da30ebf53c1e0b713
volkamerlab_opencadd;6a8d7d0e26388a8b3e34ee3eab1a953e423abb6b
volkamerlab_opencadd;6a9430b29ef187f1afeec6bdc15f5b5947cc81e3
volkamerlab_opencadd;6ad49e00631bb74f39a83ff21f7111551043afe1
volkamerlab_opencadd;6b07ba3873cba3c23b8dec6a80a4b40abad44f05
volkamerlab_opencadd;6b295bdad440129f40065c9f4be8753a0b7f8f35
volkamerlab_opencadd;6b2dd689128a3abd2364a49f54f0b3241359b2e8
volkamerlab_opencadd;6b41932be01e627684dc304d13e34c1f345ec7bb
volkamerlab_opencadd;6ba73bf0b41f819463a21d7fb6d10273e1b4537d
volkamerlab_opencadd;6badd0cca5781dbb3c84e98d682f7082c51f965b
volkamerlab_opencadd;6bcaeae0827fe8bbdd1d9395390462857eb69cfb
volkamerlab_opencadd;6c1c0c359b322bb825fe34c371b1914c9e603dba
volkamerlab_opencadd;6c4a16c29f87658d40a2b863b8aa4b38eeb9e2ee
volkamerlab_opencadd;6c52a31a26f5ad32076d487929c8f4062392b2a7
volkamerlab_opencadd;6c54806395be096c1921a49c8200414f4297cc36
volkamerlab_opencadd;6c8906e45098a0267ba39531730762fde81b0301
volkamerlab_opencadd;6ca8b0822d063c7128ff0833eccee4e361784eac
volkamerlab_opencadd;6cc4364592be09665f506000c6f70c6f5a9e0029
volkamerlab_opencadd;6ccd64be9190eff25d275037d1827784c9193ce4
volkamerlab_opencadd;6cf2f84f8e7b1b451e36da7a0988ccca466ba301
volkamerlab_opencadd;6d1ede35bad6d836424702a4c730ef4469387b21
volkamerlab_opencadd;6d38690b8ff73485d7ae53330115c8dda64d5eef
volkamerlab_opencadd;6d617a90a93272d2ea9948b1099f75dd8fe1e483
volkamerlab_opencadd;6efbd17079b61943ea3f13d1574a41656db6ff2f
volkamerlab_opencadd;6f0546c0eee9e9a7c8ea3e155d7cdacacb8b97a2
volkamerlab_opencadd;6f271faa0b045e7ba1dc5d3d51330c9599e62f93
volkamerlab_opencadd;6f7bc11681c6ff9aff07cac1eb10782a051cf013
volkamerlab_opencadd;6f7e6df904b8b7f101e5c2521807348158c09092
volkamerlab_opencadd;6fae544ee116646b6036b27ebe8065bf81b98408
volkamerlab_opencadd;6fbc5bc6be1db2b609e881c548e9b9b33ffb9c54
volkamerlab_opencadd;7008594dab7c973ea6877858a2fc2941a7e5fbcc
volkamerlab_opencadd;700b2259a829f657bed6239d5b42a376010281a3
volkamerlab_opencadd;700d91422c262d4cfa3cbad902d90de2b6087c98
volkamerlab_opencadd;7066846acbfad63eaacbba6a9071520f76d95f1a
volkamerlab_opencadd;70690c36b67cf0aad46a3c15a5a468824ac2f72c
volkamerlab_opencadd;708d12217b58b4fcbc8fac1acffcc2a3a56e886b
volkamerlab_opencadd;709aec79ac87c9ee7d33962efd3890e9561f45fa
volkamerlab_opencadd;70cf22814cc7626b1ffdb65c71214fbca6eb3553
volkamerlab_opencadd;711dd9da67bca1b37603cc723d244d45b53f57ce
volkamerlab_opencadd;71835ea79eac0ad7eb3ff0fe8422c535616e2564
volkamerlab_opencadd;71bf7bc9be425a9195ca8a953c021b29607c2fcd
volkamerlab_opencadd;726a6f507ad3a669312607f9eb7376817326128b
volkamerlab_opencadd;72890227123404969f8dbae682aff9b52a1349d0
volkamerlab_opencadd;72baa1e0d7d8ba95658cc94323b4523efab5b70f
volkamerlab_opencadd;72df625a562d632eaa5b36392c8ec8b2cb9c5a93
volkamerlab_opencadd;72f9b33651b3b8818ab8519e3fc34cf764d084d9
volkamerlab_opencadd;7323b8cdaa4cc4434ec562d0fd0a0752b9b29cb0
volkamerlab_opencadd;7347f9a02a8182ae3c4d4f8ec1009709b367bb0e
volkamerlab_opencadd;73688dfb579f6548dd98d0a5cc807a084d66e43f
volkamerlab_opencadd;7389dce5bff5d6058cc931a36de693bd597d6dbe
volkamerlab_opencadd;73baad8b63d30f157567c6591b4749ba3dbb5a5d
volkamerlab_opencadd;73e81427fcc7d5ec79605d5245b1e8143eab8c0a
volkamerlab_opencadd;73ec4281493dab1e3406034c25c06e4865e1e14e
volkamerlab_opencadd;7462c5d03da24eb1f44bfdd3fedeb004d72c62c9
volkamerlab_opencadd;7505d73e5f54d0ba01163fc9a6f03a52a23b352f
volkamerlab_opencadd;751811f659b8253de00a61a4fdc02227fa9edc85
volkamerlab_opencadd;751d447f5646885a4f5bf151d3068bc62806247e
volkamerlab_opencadd;7520680088c141a033f59e5312e0427b2c7ac147
volkamerlab_opencadd;757e223a8e8951bd4c9ed8cfd96e5f89ff05e550
volkamerlab_opencadd;75bc50ec4c05053dbbd6409e9b4ff08495602fe8
volkamerlab_opencadd;7659234a549c51bd11f12039284ecd3d6056cea1
volkamerlab_opencadd;76929f6648aea2a7f9cb5fe36da1417eab7fca38
volkamerlab_opencadd;76ff201f1b05cc9247da52d3af881ae35a6a160b
volkamerlab_opencadd;7711e0979e91ac3c218e6dd4b24d8720b3e53bec
volkamerlab_opencadd;77156ba13ba2e58be8f08fd69ec72f43ea8d2d05
volkamerlab_opencadd;7745d90a059b26408ef9e88adab9c6cca7c3d70c
volkamerlab_opencadd;774c916b4e546d86aa39bc3115b612323bcc80fc
volkamerlab_opencadd;775826bfa9f078b7d1366791863a7096370c005c
volkamerlab_opencadd;778c7c432714e438c0d2e53c8ead41cb78e1d520
volkamerlab_opencadd;77a2791397afd5056b6011ca135ae5aaeee82dbc
volkamerlab_opencadd;77c9a8c083b5da37611919541030efed13ef087d
volkamerlab_opencadd;77cdfbdb96ee9b5f8163b80f6cbeb7d9829e195b
volkamerlab_opencadd;77d7d6fba9f9f88bba86c8220a6f3da54d25faa4
volkamerlab_opencadd;77dd0159191db0527577f94c80272ba58584c98a
volkamerlab_opencadd;78380b7295053eb9d6c0d058e2c5d81985d9e0a5
volkamerlab_opencadd;78489db8cfa0f227f2376e1815b7fe17f334a99e
volkamerlab_opencadd;786fe88be177f0f3b7b09bab781e195ddded0042
volkamerlab_opencadd;78a768e607b53a887fe28c620cb6c30ceb433934
volkamerlab_opencadd;78c3f2d28c7ada372b68bb672e6c456e0e391654
volkamerlab_opencadd;78cc49ace6ba1deddc3c96c78ee6d4d87e09870a
volkamerlab_opencadd;7913b84bb70b233adcd9873e51234ca0d3cf04ea
volkamerlab_opencadd;793a0b93a0142c8ec93ad494ae0edd032ebfc2ea
volkamerlab_opencadd;79606effc0b1b366919f66309ce8f43bd6d97741
volkamerlab_opencadd;7978d5d4e9ac4d4e1607200fad4eb7fc8fcdac73
volkamerlab_opencadd;79963f57bd80cdfb8489343b6618971d16f0be8a
volkamerlab_opencadd;79c759de9eed861e9bdb4f7f8bbbf368d1ee1efb
volkamerlab_opencadd;7a086ac3c8898a2bc6bf4ae586e4b6f7091eaa1f
volkamerlab_opencadd;7a092bbe66aa128f80a2274bf95dfe5af590fa57
volkamerlab_opencadd;7a60c6fa3db987031e3e2a025e49086c612c42e8
volkamerlab_opencadd;7aa1f6aebe85c539a4837a5f9b72fb833a4a64ef
volkamerlab_opencadd;7b0bf384c7ff4ca2b9fdb7c5bd91033b17331e01
volkamerlab_opencadd;7b54f9840af70a19785e953b0c66ba176c097797
volkamerlab_opencadd;7b7bc2994323dba354373ba2a0226b8ed47f1346
volkamerlab_opencadd;7bb02f8bd594f186645b409f92fc4b906e70a5f6
volkamerlab_opencadd;7bb20c771be357c512f5e6cf17b6acc628a67f76
volkamerlab_opencadd;7bdaa22f9ad09a75439f18e6a582684a4a0d5254
volkamerlab_opencadd;7c202e484c25335b83df84eb50d1b6fad709fc1e
volkamerlab_opencadd;7c250f8102c352b95d103cfa539bcdb4066d5436
volkamerlab_opencadd;7ca2b3766f509ca02bf891f059378663a84d2a49
volkamerlab_opencadd;7cce5aec71dbb5d59e56e219a0cf6f1d127134f6
volkamerlab_opencadd;7cf9264c6360799104be2227811240a4570c73a3
volkamerlab_opencadd;7d41a2279e23fa4e36e3479505d6a0dab2b023c5
volkamerlab_opencadd;7d718ce57def20d2eb02dfde26eee6c129fb97a7
volkamerlab_opencadd;7def881a0125e2716af95f20c37c5e4075594496
volkamerlab_opencadd;7e34183c62322807c4d55ae6d5be1b760265953b
volkamerlab_opencadd;7e647fcbf79019a2638873c1e0e2676790319801
volkamerlab_opencadd;7e97ab58af12203c07583dc4dd5e93e80eb442a8
volkamerlab_opencadd;7f1404a0881f4a5a3a114baec83dbd4a50b06e06
volkamerlab_opencadd;7f23496a2f1fb0fe8a78251398255dea6aeff8f2
volkamerlab_opencadd;7f3b43d5bcba2b032732644d14d7f7745a2e7858
volkamerlab_opencadd;7f51ee9d27dcae4c68fcf354ab65ad9f772ada4d
volkamerlab_opencadd;7f68743ce2213015177158eb878410c433b02f17
volkamerlab_opencadd;7f714f9472a25b5c8c330a7284c9f9f42a1c67e1
volkamerlab_opencadd;7fa6b983ba6e3482f45bbeabbeb5ba6620d85f4a
volkamerlab_opencadd;7fb347c12edd2911965447e673ee8b4629d87846
volkamerlab_opencadd;8007837cd0a1d467b27f6791c462ee1a08621e15
volkamerlab_opencadd;806bdc7667a330d1c768e4a56813c96d8475c593
volkamerlab_opencadd;806db316bb5511195bae06251cdfca721ceaf0b3
volkamerlab_opencadd;80f18a9ef9217d64dad94ecfba348a95a6d61723
volkamerlab_opencadd;81a22fdd59e1c1f71e4a5085e30595a200629710
volkamerlab_opencadd;81a79b864044ec73a6759ed621738e9072e4dc77
volkamerlab_opencadd;81b996102d9b8f38c0aad8867d0ee811202fb7a8
volkamerlab_opencadd;821b0151ce7cce02cd82eab1e016d4fe386281ca
volkamerlab_opencadd;8221d091516e08bd9429793242e5230bcfa00a38
volkamerlab_opencadd;82689aaecd66a2f65739d5b4ba83b99b0262e011
volkamerlab_opencadd;82703e8bdbad98f57f102a8a2dcd9498acf4ac0f
volkamerlab_opencadd;827e03a8d6caa05b7df1c215e9a4909ec5f6e181
volkamerlab_opencadd;82caf8b6b911c15881b47127bfa20b77bfce5dae
volkamerlab_opencadd;8323056c7d04853f3d87156ec457c0c5505ef3bb
volkamerlab_opencadd;834338cef5f72d27445cc1ef6a7542a5d290924e
volkamerlab_opencadd;8343c6f1efe5a3fecef287d4250d74b73480bafa
volkamerlab_opencadd;8389e144e2bc549f7d2f50cc9cb002e043d583d7
volkamerlab_opencadd;83fac0eca3b0d668ad09b30f90b0fed7f7828864
volkamerlab_opencadd;83fcdd0f1bfc7dec381174a431e6a5c33043110b
volkamerlab_opencadd;8412e638ffc587edc844b546c9b4b308cfe33fb4
volkamerlab_opencadd;847e56314ab1fb0653d47eed6014b45f05a8cf9e
volkamerlab_opencadd;847e6d96743d21ff7accc20eeb1b35c037f3b9b2
volkamerlab_opencadd;8485a2c6fab008f605366358ac5b3b7961752adf
volkamerlab_opencadd;84c04ada964576030e390f42f011ee8ba2e80449
volkamerlab_opencadd;84fcdfb8614b9c6bd483a6a024b69a14fa029f0e
volkamerlab_opencadd;853d95abc770d4738da64a0114a70ab0b90882af
volkamerlab_opencadd;856d5fde8bd08bbc6fdecffea9ca58430f500811
volkamerlab_opencadd;857d8a91732d5a228621bbfbbbbb33bfee14fb15
volkamerlab_opencadd;85a30054028cdbbfef5b9726083cf311f7f93bab
volkamerlab_opencadd;85b5eb280c65aac953ddc6d8dd019904d5c79e2b
volkamerlab_opencadd;85ed641ea8ac031d2c014d6077752fb99080f96a
volkamerlab_opencadd;8607c183914bd77d6ea383545946825430d6426d
volkamerlab_opencadd;86545237c1a1f1743a9b0a0dd1f58900b7a7cadc
volkamerlab_opencadd;8669976075f75c69dd513e5fbdebaf82cfc39996
volkamerlab_opencadd;86a48e564cb0afac502db003fd6f138119a54749
volkamerlab_opencadd;86b2e1f67d1b27f4b441418652cd02df8406d6a7
volkamerlab_opencadd;86d5379db0bc7e2eaa820da8e94a0243e15e218f
volkamerlab_opencadd;86db200e042dd8add25753a6f2bbbefe1003c2e9
volkamerlab_opencadd;86e41a6346c67ac35aa8b3eabfcb61b4fa6ec588
volkamerlab_opencadd;870ac535cafe7957aec6e41328c9f8c25a00bbef
volkamerlab_opencadd;8715e0c8c74dacd7cf7ad04dee4018492daa4d9c
volkamerlab_opencadd;874c75144c56d141379d11bdf6c97e40bf6475ae
volkamerlab_opencadd;87551697dac84a76db4cefea473699694e5becfb
volkamerlab_opencadd;875ad5a506eef3d920e64e9cb4c864ee4d13d474
volkamerlab_opencadd;8765af8c7abcd7bd2159420c26ad029e3048a5f9
volkamerlab_opencadd;878a723043fc1fa45536ea60343f71ce174d6053
volkamerlab_opencadd;87ac57a64a6e64e4f18dc5ece3c3f1886cd860f4
volkamerlab_opencadd;87bd62a9c968666170cf16aba46804828b1d0e68
volkamerlab_opencadd;87ecb4fc8f709c50ad38f78acb81e798490c7355
volkamerlab_opencadd;88635bf695166a12670348cee9c983ba98e1b2e1
volkamerlab_opencadd;88654c611163e9e3b57cd14800faa2f1ec99688a
volkamerlab_opencadd;887d116d41a1513eb9a9023d990e14a4a1babf18
volkamerlab_opencadd;892b0d3eeb5fa02dbb5f93dc70247ecfeefa8b07
volkamerlab_opencadd;8943d3bddd85588541880c4ea88d637a92d447f3
volkamerlab_opencadd;89a0e1e90ccbc54b40288162700d571db4d16894
volkamerlab_opencadd;8a03435dc2c3093b9f67e251aa0f57149e2c1328
volkamerlab_opencadd;8a266e0f770ba6ec4520e05d367dd31b40415c59
volkamerlab_opencadd;8a6d1644f70e252d66aae0889d38779551d8c164
volkamerlab_opencadd;8a7f1d22951e2c80528036a29214cc5d7d2fdbeb
volkamerlab_opencadd;8afe84cac4cc50da84b8e6d96ce620142f441c2d
volkamerlab_opencadd;8b100688539e5a8a97dd2bbd07136c30f62b571b
volkamerlab_opencadd;8b18d2dfe4be3e66ca7bd1425d21db9d3808a76f
volkamerlab_opencadd;8b24238d39925b1aa5d534bbfab906652992aeb4
volkamerlab_opencadd;8b4897ec388973c71f2966bc6e178297263e833b
volkamerlab_opencadd;8bcf8f3689897ee59b46010fe0a4db7b67722aed
volkamerlab_opencadd;8ca2a31b02d01c52ccb159caae1d4c58b6871a09
volkamerlab_opencadd;8cc57fe5aaf3ecac7315ad8b26a0cc5a2e0d5c7f
volkamerlab_opencadd;8dac69dde32c776e7070422cc8729eb8a91962a9
volkamerlab_opencadd;8dc8b13509db5031bef08a37b2988d1c9ee54d8e
volkamerlab_opencadd;8e1e31a0e0b0e352988d3bb8ab7548af788a6548
volkamerlab_opencadd;8e7627b584de0423ccc0c867cccf11523bfad09a
volkamerlab_opencadd;8eb017e296e9f28e5c173fab9d5538a7428fc5d3
volkamerlab_opencadd;8eb6c1bee4a209c6708b49ae7e03ee3c784879b3
volkamerlab_opencadd;8f210cf4ff0e28ae604004af9cfebf988ed23e95
volkamerlab_opencadd;8f2711c2d379be6e8723e8a15278c1e71d473651
volkamerlab_opencadd;8f61079195773a4039ff67f61bb10c92ea8f912a
volkamerlab_opencadd;8f614a8095d61b60eb8c07913b33e946c9f74294
volkamerlab_opencadd;8f6b36713ed9ef96edb84260bc82957d55bc19db
volkamerlab_opencadd;9003506d5d2cdd5169c8b71f499a4e9a507e1b2f
volkamerlab_opencadd;900d01ac251cb49a52d6b1f79c854235b17d87b1
volkamerlab_opencadd;902bb69e3b9ad1662910a49ea6a69d01b0bd0bae
volkamerlab_opencadd;90787fad24f2ead341c386fc9253c2d56d42bec2
volkamerlab_opencadd;90932e66d9b0367fb1382a04c5b6760205b7b426
volkamerlab_opencadd;909707fba1b40b7d26d06b6ee5626b07c4a9bf17
volkamerlab_opencadd;90a4d3668cfb63ea50003ee225ac984e835ce6f9
volkamerlab_opencadd;90b089d726e17f25660f4f307cb51cc97e8687aa
volkamerlab_opencadd;90b14397bc5769cb88727826ef6c94b1c71b2db5
volkamerlab_opencadd;910ab17a7d5be91d468ec0c146989fb46ad4c9fe
volkamerlab_opencadd;911baee9fcc4a2f11dbf42133f8b48405d74f952
volkamerlab_opencadd;912d4e98e89edf38707249fd4f034cea136e1932
volkamerlab_opencadd;914e54a49aa8e33d55b8be704620fac96f81adbf
volkamerlab_opencadd;9192ca7b4dc839429257828ee7159bd199312813
volkamerlab_opencadd;91daee15a1a4a634bdcb5c0fdadb43e8d2f4b821
volkamerlab_opencadd;91e786928a27e558be85399f1d33f6d10389dd62
volkamerlab_opencadd;922ffc4fe462d85a090c8acc603b0db345f8fd62
volkamerlab_opencadd;92885436a888f73640277e6dcc0d5aa992977510
volkamerlab_opencadd;929e6c4e612a48ce84116c1a88f85194e7c4a026
volkamerlab_opencadd;92b80cfc15a4f8b7d2db2f576c4d370f0e1aae6a
volkamerlab_opencadd;92c30df2abca555b377eedc714e0578331bd7e2c
volkamerlab_opencadd;92dbaff4aecd32893978b17493f627411e32a0e0
volkamerlab_opencadd;92e7dbb9a1ebe5deefc8805e36f61651c8b1f28a
volkamerlab_opencadd;936f7f4fb6d2ca883774c0d05c4d3fa85789950a
volkamerlab_opencadd;9379a1ef566e0eb7d60b3ef3126100258e3bbbfa
volkamerlab_opencadd;93d66666840dc06d05bc5b84c230a175b560f52a
volkamerlab_opencadd;93da07d7a54c6b3001e62d32565871a8ce0a31bc
volkamerlab_opencadd;942c1dba8c918af2edfcfb193eae5135ce3708e2
volkamerlab_opencadd;94532f35758f93ce6c46ba34e98b03ac0677c6a3
volkamerlab_opencadd;9470241c51511fc76430cdde27bb83d97abd2c43
volkamerlab_opencadd;948249f2a6982c266ae284874d35836005e0759b
volkamerlab_opencadd;9493f88d950006202c1bc55ea9da0de9aad9d511
volkamerlab_opencadd;949b6c4a0e379c5b58fff965d2d787ea663119e8
volkamerlab_opencadd;949e1350b757e748fff124017031648a395d9193
volkamerlab_opencadd;949e4d5d3acaec5a436e9c55cfe39b746f25dea8
volkamerlab_opencadd;94b4b96c422862aea00347bbdec0159d9d306e14
volkamerlab_opencadd;953d7ae89c7e3f8afa7cf4582aa84f9119c490e8
volkamerlab_opencadd;9585555ba154991c8ddbd6287f4939a9b3971b13
volkamerlab_opencadd;9599f5cdf88b7dbb4070e64de98a7dabdd494b62
volkamerlab_opencadd;95b5fbb9e6efc5319b4cf073258a9e7ccb375a62
volkamerlab_opencadd;95f8400cb2fa58efa85a13f9db263154bc7dc019
volkamerlab_opencadd;963729c1af45fbea869c1cbcdab1aeafbd29c3ce
volkamerlab_opencadd;969c8d5e1cbc2d30ebdbb48ea56d8fd5b90b5d77
volkamerlab_opencadd;96abbe38354b7108a5fee81fd57b08886ce59e19
volkamerlab_opencadd;96b6d9556cc357a2b0434a777e05b2c977d3bbad
volkamerlab_opencadd;97115403cc68018d17541c3d18f4db7ecefa65ef
volkamerlab_opencadd;9716b156320e88191be050c54a3191a556aa361f
volkamerlab_opencadd;978ab2a7752b6bf1f11a23b509cbdb1e5e5c9b78
volkamerlab_opencadd;97cf40bdbd67d59ff5ed80d60a447d892ac53280
volkamerlab_opencadd;9834ddbc66f4606a050dd6d790edd8149103151e
volkamerlab_opencadd;9889080d8fb790818ff1171b464d6f2689d5e49b
volkamerlab_opencadd;98b777354703bf2b86b355e02c51757795b55468
volkamerlab_opencadd;98dda97a1e113400b66d25d16e14607cceb73b29
volkamerlab_opencadd;98e2350c47e8e1668a9c18c1ec4652f0d3a282b3
volkamerlab_opencadd;990a9a9ddac737393e16a488da8c751feae2a934
volkamerlab_opencadd;9924bb2908c0489dd5640450ffca510aa19f5750
volkamerlab_opencadd;993a0324f25b857b9141d869a7453a5fc109c415
volkamerlab_opencadd;995f57e647bf96f2e763f2f358d968e4a402cc0f
volkamerlab_opencadd;9971962339ce9d4284cbd0e5b767e19c69149741
volkamerlab_opencadd;99c00d5883c1d7131c66c5507fe87d024404c0dd
volkamerlab_opencadd;99e98de360e1f05ee25d005bf598a9f55297000c
volkamerlab_opencadd;99fdf93a5c9d94fe36f759587863929432927e60
volkamerlab_opencadd;9a155631adf0765bd89f8e30b6f44aed7b5d1367
volkamerlab_opencadd;9a330b7e9c18c7c6e6b71c508bb440760a253106
volkamerlab_opencadd;9a6793704b34906022b04fc582e47c5c169eaf5f
volkamerlab_opencadd;9aa60329b72a8327598f79879b8f315dd62b8f84
volkamerlab_opencadd;9aaf3ceeacc1f2da6ea43e0190b700e918f91f39
volkamerlab_opencadd;9b1294ea0cda685a049ac073c7ed257e4993a30a
volkamerlab_opencadd;9b2fb0c57ac5089b692fad0cb7e9512ac4d5d9bf
volkamerlab_opencadd;9b93a844f23dca6dc85634fa54a414802a053f98
volkamerlab_opencadd;9ba8ee60691ff5c016ec9f221e415a8b289dbe49
volkamerlab_opencadd;9be73d3da16f64b95596c35d7351dc9d6a16829e
volkamerlab_opencadd;9c08e5603ff198cbb88a78c0c8187336219adb18
volkamerlab_opencadd;9cb7b4d13cda41ea6be6da34985c76c3a5b7987a
volkamerlab_opencadd;9cf83d6885b2bcf29b547a6862b9ba24c8684d7a
volkamerlab_opencadd;9d3e4ea0d58ec00540f4817c15a4d9d74f0f1b94
volkamerlab_opencadd;9d78b17077cbc25bdb491852cdb88400172fe363
volkamerlab_opencadd;9da84dadebb9edb0f80afb4650b321dffdbf3f9e
volkamerlab_opencadd;9e165ff3aa5664ff752a21de712bf1a6de402682
volkamerlab_opencadd;9e194ee1365fdc704d32e8a9a5569ceae00f7a52
volkamerlab_opencadd;9e1cec9bc19885bb56ba3e2a0f25e871c46eb5cb
volkamerlab_opencadd;9e29c036f1a7a722ae17715dc1c0dc1949538755
volkamerlab_opencadd;9e2e47b68a04adbdc0c770fe1bac2d1b1d602866
volkamerlab_opencadd;9e4a21ace7581d1fb45ff47b17df442b3a488b2d
volkamerlab_opencadd;9e7eddac1c455634cf4c0faaeb6f925b0283b1f7
volkamerlab_opencadd;9e8e7e314f774f643d5167ccfa325d67b20f24a8
volkamerlab_opencadd;9e95900eec649120be002fd665d6260186566b5a
volkamerlab_opencadd;9eb6d95454d99fa773b7fb6f48813a1678efa89c
volkamerlab_opencadd;9eb7e085597eebbf552ef57800e183aca4fc7b98
volkamerlab_opencadd;9eec84df2f187237edbc89c9bcea9b40080e20bb
volkamerlab_opencadd;9f0fd288629039cd66803e2f17cd8a35cf52a624
volkamerlab_opencadd;9f6bc4f5d22f55684140227f120585b37b5c1ef3
volkamerlab_opencadd;9f752aab4c160b735613b80d76e739a890afbe82
volkamerlab_opencadd;9f8a11a046b3923010ab34eb90869272f696e398
volkamerlab_opencadd;9fa4a040c753718dc47970a512cfb520c1b74790
volkamerlab_opencadd;9fc2fb6cef91116e2c8e3b44d43eff9922bc42a4
volkamerlab_opencadd;9fc37a2fbe278ec6804a825a61a267e4d3e931df
volkamerlab_opencadd;9febfd56f91ba9a2eda1a1f157bb83d836c78f51
volkamerlab_opencadd;a00996d961ddf6df1eaf329bc14c292fcf07989c
volkamerlab_opencadd;a01b252502a650534589b1a7e6bd74786711c8a0
volkamerlab_opencadd;a121199b2154b448a08b2d4a7c295e40e2bacb7e
volkamerlab_opencadd;a18bfbeb68861970974b861d35229a81b6c36809
volkamerlab_opencadd;a1a16db08daef6c122289b33be5d05ec990de40a
volkamerlab_opencadd;a1bab9265df823ad84c1dc25b98df743156265e1
volkamerlab_opencadd;a1e247085827f36e7f7e5ea8856cd405db2cf9dd
volkamerlab_opencadd;a1ea77fdcc5c0001aa9f3b8438b9897d16ec9098
volkamerlab_opencadd;a1fec0eb2e553a02ce2c47fd49251f1c77c2f2f3
volkamerlab_opencadd;a1fffc4f0c426b6a4b60b530f75bc246dd32885d
volkamerlab_opencadd;a26ec10f4b06b5c8a2183f877bca914ab8400e36
volkamerlab_opencadd;a27c517386b71705c12490e62493019932d86e27
volkamerlab_opencadd;a27f44962e88747ce243fa0b0946e38d6c563b8c
volkamerlab_opencadd;a2f9658b8eeab2e1f0445b6d88a10f4072ff7dfe
volkamerlab_opencadd;a300140e803eec78b32700e15ce0682027afa615
volkamerlab_opencadd;a310befa47baa679193361b6526c3f218ab86867
volkamerlab_opencadd;a32028538deb73bb2ab3aeb966c2e6dc9ad83585
volkamerlab_opencadd;a32cca7d3d7831c8ab694c9162a8724329d71cce
volkamerlab_opencadd;a35ea93a35004daeea7a848930adec474effe66c
volkamerlab_opencadd;a3a17b014982a7a9bd333a95e23e86c77606dd31
volkamerlab_opencadd;a3cb0d3ae1701e5867589678f5c8f59b0e869bb0
volkamerlab_opencadd;a3d28be98e16fa903837c078be71b2974d25360a
volkamerlab_opencadd;a44e0e637af88bbb1832c8509addb149940c6b3e
volkamerlab_opencadd;a4c09b5a5cf8c1b7e76649fe8c0f6b9c9712c2a6
volkamerlab_opencadd;a4e31d6429a2be280aeef5dd5117195205e1e9d1
volkamerlab_opencadd;a603fccdf96a600bd005e187688112f0f84428b0
volkamerlab_opencadd;a6590392d87ec2705f1aa506a088c03fcaa3fa13
volkamerlab_opencadd;a6a4e9c28350efa20ffd6cbb011893c7d58d3f88
volkamerlab_opencadd;a6abacc23b3f4b8531d8fbf136963b5c4a70cd89
volkamerlab_opencadd;a6addc1f3948190036c7e7efe45a7b09eabbcecd
volkamerlab_opencadd;a6ee7d3c11a6e72a33327e7385e70ac9f1eb98df
volkamerlab_opencadd;a7319dec97429454a7a67772c96012cc26967430
volkamerlab_opencadd;a76827cdba30ee18bca8d2fea98f805d5ae6d0d6
volkamerlab_opencadd;a777602d5b677eafbd51627de614945fc6d670fb
volkamerlab_opencadd;a78c8c19e25a935063672e1b5255ac51a8e916bc
volkamerlab_opencadd;a793ea35523449f5d8ce63fdc38a35efc839660f
volkamerlab_opencadd;a7dca90b46fb79a6624c3dcefd347e59a0e22d94
volkamerlab_opencadd;a7f9637da78dafab67e053e9e8de5e08cbb1fa06
volkamerlab_opencadd;a7fe13cc60388c867ce786ee26201548d5204ce9
volkamerlab_opencadd;a8207154c0a4e937c37d39d47dfea7fdcba5cdc4
volkamerlab_opencadd;a848941983d472c54abbc28eee3f5768ae094e60
volkamerlab_opencadd;a87cb6cf6f72767b56fd69ff9bd6b9485f9762ec
volkamerlab_opencadd;a8d4bef11aba060041866392c74b0e3b448c702c
volkamerlab_opencadd;a8dd154d21160967f0fe32318c21614cb7b2c990
volkamerlab_opencadd;a8ee93c6313518780ae0d9c2d72a6cc4370bf8a9
volkamerlab_opencadd;a8f44f383538d19ff451f02d8690fa6a6fde1fa8
volkamerlab_opencadd;a906284379ae2e4e32f7efee4ec95d42a6f6ebae
volkamerlab_opencadd;a928c13b8ce5df7a5730d8aac423b88b7bdb884a
volkamerlab_opencadd;a9da35e6004db410763e6c6f170e6dd56fb69c7c
volkamerlab_opencadd;a9f509a222e1df1f1a054d3a8af1ee7b7e306c9d
volkamerlab_opencadd;aa03e05df2f15beed089ee55e711c0a4a884dd38
volkamerlab_opencadd;aa301f60f2f46d638be27020fa9447d2b0854723
volkamerlab_opencadd;aa3150e43f15ec98878b1b0a411998f6ffb4f91f
volkamerlab_opencadd;aa536bf66463843e6dd051009f8e79ed768ad6ad
volkamerlab_opencadd;aa55c61bd2914c94d8f2146cee945d76276ffdba
volkamerlab_opencadd;aa9385e2532f39b0c9930b5479464a9e49914f92
volkamerlab_opencadd;aaeed467673564a2946de5a49b25d9d3e3eb49ac
volkamerlab_opencadd;aafdf3e28ab2f8c19ce91ee00daaa45768d1588e
volkamerlab_opencadd;ab3d880df425dca65bc2f894df3b908de317616b
volkamerlab_opencadd;ab6b486c1670d8488cfe1d4776f510f1af7df30c
volkamerlab_opencadd;ab6cf48d0d41c4ad4c5fa2cdaa69147f390f9dcd
volkamerlab_opencadd;ac2c2abd7dccd857f4e27976b19c8cfd593b915c
volkamerlab_opencadd;ac5e9816b835bcd757e1e33f2dcabe55b5ec7ef0
volkamerlab_opencadd;ac8b6cc6d8a301779d9c722182386c17c4e4f957
volkamerlab_opencadd;acb984848db2e8311b8400f6e32b8c0ff9ae00bd
volkamerlab_opencadd;acbde6a862ee902811fdac60347d7681c4bf96f3
volkamerlab_opencadd;accea08bab6694f5ecf11147d22db795f8f95bc3
volkamerlab_opencadd;ace82310d794d8fe936f3304e957653373177a31
volkamerlab_opencadd;ad54e2dbee999b87dd7745804d03f9786f51b71a
volkamerlab_opencadd;ad552f40570735cc0e1ecfab28cf4d9163c01944
volkamerlab_opencadd;ad60898161c39596cf261c6effee981ffa6a36f4
volkamerlab_opencadd;ad66a1d8eb10b722d257157d3e71904d1489f9a9
volkamerlab_opencadd;ad74e5838cfee83a34151c7368b8b332b7eec221
volkamerlab_opencadd;adac7d3d7713f03c57d39af5b53f7d8812d5af6a
volkamerlab_opencadd;adc02df94a27cb921e5e235fdec8b20f4b310bd9
volkamerlab_opencadd;adc42dba389495de50ebd95ffa26d4729e124f91
volkamerlab_opencadd;adcfe61c4b7a9f220694170c587d196dc076f108
volkamerlab_opencadd;add9fc4d1d6b8ef79e1df587c3bc78f70fa4fbf4
volkamerlab_opencadd;aece8aae9cd86e28b1356a8acbc517753687be9a
volkamerlab_opencadd;af73a873c3f4d0549984dce8c29c4cb04c1781fb
volkamerlab_opencadd;af85032327c71429da916583ab1a0f9c4f2c879b
volkamerlab_opencadd;afc8a161815367c570864e55d79761a6598ddbde
volkamerlab_opencadd;afde970385e2b56da171cb71aa695097b39c3b00
volkamerlab_opencadd;b03f557ca62295fefcb013bd4b8f590490789d60
volkamerlab_opencadd;b066d926c4c3622595537240c8111fb23024f239
volkamerlab_opencadd;b0a054d7975653979985557b9baa002e7f2dd96e
volkamerlab_opencadd;b0b278f278648b47a539ff42a581b9423573546e
volkamerlab_opencadd;b0f8684991e2666ae3173c530255223dca6bca24
volkamerlab_opencadd;b0fa3cfe9be0ba193b8482a49af0794b5e8bc467
volkamerlab_opencadd;b10d98d0c91a4d506542804d7d1cc3377faae1d7
volkamerlab_opencadd;b12ec1ecedf75622db87e10fe75ee566fa72053a
volkamerlab_opencadd;b1b1537f62c50d6b0de08aba4bba6fc26189ec7a
volkamerlab_opencadd;b210ae9120ba60f55556d6700bf338a442a473d4
volkamerlab_opencadd;b25f3cd2d12dc68e36262eb7ce67b36816a12cef
volkamerlab_opencadd;b2913342e6407851dbc2228b15dd1174e56822c2
volkamerlab_opencadd;b2a246fe8a721d5000126dfc997ba5ea8d3f859d
volkamerlab_opencadd;b2eb43918b2830e40d75169fbc85d6573e4f76b8
volkamerlab_opencadd;b34570736254207d692e2fea1cfc3d8670fa5aa8
volkamerlab_opencadd;b355ce22a9c583de9369a6700f8996b617d12e95
volkamerlab_opencadd;b360f0080c946732c55135260c91c13377d49278
volkamerlab_opencadd;b3f34004278c17ca9e0fd1e5b5ae2c0d20b33034
volkamerlab_opencadd;b445abf0089b2fbf30dd31bdc98023a28bd92008
volkamerlab_opencadd;b45b3c3ad58f51efe166711fb104a40a53bca378
volkamerlab_opencadd;b4665f29152d51e87893f745663d0d9c67287917
volkamerlab_opencadd;b47ba779423165286afe5ad9c079dcd28e63f5ac
volkamerlab_opencadd;b4acdb1bbf8897234df9a61db35c081e51649a3f
volkamerlab_opencadd;b5a2c0525d913bbc0dfe51456a43ff7f06c16d42
volkamerlab_opencadd;b5b3234cca8c85ab773969492f6feeb3cf4aefea
volkamerlab_opencadd;b5ea8078761e2cc2561e8836ebbbaed0c1ec90ed
volkamerlab_opencadd;b69416b2c38f2802faab2cb3bc16ccaa4a1e6001
volkamerlab_opencadd;b6ab9b1b9d449e6fec72c82c4649d885bc88a2e0
volkamerlab_opencadd;b6ade30223de3f45faac60820abc57dd4da117cd
volkamerlab_opencadd;b6c11ccbca1590d9d5cbb06441f0396ccdd8b155
volkamerlab_opencadd;b6c1788c3f1e1fc0d74a42f852ca10292fa19f95
volkamerlab_opencadd;b6d7ea68a4a85de1e8fdb6ca66d6cf7f68851b57
volkamerlab_opencadd;b6d9c511f89ff200c45532e614f1abffa35e2ab7
volkamerlab_opencadd;b6ec5c2a550dc602faba93778f75b98b79b5eb66
volkamerlab_opencadd;b7042d8e04d37868f76a8d0b7451dad91efe0554
volkamerlab_opencadd;b72417c701df22b908e01b03e7c49f4551a5105e
volkamerlab_opencadd;b7dab427b6d9d2fe0d7f603a140320a7a95d1447
volkamerlab_opencadd;b8011cc2cb29d7b9fbe92861f54a9f442a05c57f
volkamerlab_opencadd;b84dbeb8e922fefaf8ce3321774fc3424776efc7
volkamerlab_opencadd;b88f9c89fac9b5ed5ac8f05ccd836beb09f0b6c9
volkamerlab_opencadd;b8a67f625d40d60e94d406d4a13a60654908a724
volkamerlab_opencadd;b901a4f58dc2839163ba7867545ac9338fa0801a
volkamerlab_opencadd;b909202db938a2b27ad5f4cdd48fc18c018e449a
volkamerlab_opencadd;b92c8cb4e109d941fd67cbe7f10a43e6f5760b35
volkamerlab_opencadd;b944dc006141b3a4190a3ccb11fa6e66d70aa974
volkamerlab_opencadd;b95ea7564a37542f6ccb4dc0209e7a19904385a5
volkamerlab_opencadd;b97efe56904ba8f9b3f4eda61d0b2bc0efa2d5e1
volkamerlab_opencadd;b9933d7b8bf6a1170c61708724560a3cb05bc3f2
volkamerlab_opencadd;b9a81a55e9778ce976af9c7e1caa549527632dd4
volkamerlab_opencadd;b9c187970f8d0fc4f4be8503816f5ae83effb876
volkamerlab_opencadd;b9c97262a49cb7c207732652d060e90cfdb5ad2f
volkamerlab_opencadd;b9e8156213987816276fc886ee56b6e2eae02e31
volkamerlab_opencadd;b9fdbe19ca3044952027097f14df06f445e96a93
volkamerlab_opencadd;b9ff7893500c1c33ba3f99fbe812adfd9c2bc478
volkamerlab_opencadd;ba05f400fbc7c34a25d9ded7b50f549630594b3e
volkamerlab_opencadd;ba784072f5bd001fec24056bc317d673d4184abb
volkamerlab_opencadd;ba79d3b3de0601314b123c0fc199d2b2107e54aa
volkamerlab_opencadd;ba7b0f4dfffde51b274cc60b2a6c44391ce6a7f9
volkamerlab_opencadd;bab881d1ad491505a8f5fb2987c835a2341fbfc3
volkamerlab_opencadd;babb934137a0d73a545f044d39069b3c3c2cb298
volkamerlab_opencadd;bada6f03b713b2060ba61cecc50ca55b630c18c3
volkamerlab_opencadd;bae8cf7d531b4655a0239dba0663f99003270c4f
volkamerlab_opencadd;bb6bc9e2683b4e90af87f93b2575aa324420e562
volkamerlab_opencadd;bbc1c491838e7a91f6eca88c0a6d453f7de445ce
volkamerlab_opencadd;bbea660df0e35c601f4d6d337d75107b5bdc2473
volkamerlab_opencadd;bc0dff879d27696cec68fd15143c483ad9f968ed
volkamerlab_opencadd;bc5ce28cc0588fdcd5e9a6531c2de273b75cc5e3
volkamerlab_opencadd;bc7bb43225ca5dc404460b94ce50e44f14adfb8b
volkamerlab_opencadd;bc809da51937d14b812d66f79f12c8dd4334ef52
volkamerlab_opencadd;bcd355b83050ac8777f4181c4d0dd81090389e81
volkamerlab_opencadd;bcd8e655a11861dc437b127f841f0354a759c07d
volkamerlab_opencadd;bcfc4cc98e33c191b645bb004f334827489190fd
volkamerlab_opencadd;bd1c756645fe02165c8b9a4f16eaec6c564634cc
volkamerlab_opencadd;bd6d6d1121450cd907ae9e92bf162858b6bac60c
volkamerlab_opencadd;bd823831b7754b55e8fba688d337d148ca3df474
volkamerlab_opencadd;bd902de5d4df7626e11cc86310d42f112ac8d698
volkamerlab_opencadd;bd97512668475a49e566eac10eeb033dfb3a440c
volkamerlab_opencadd;bdb50f8601831f386c1493ad492a46164bac40c3
volkamerlab_opencadd;bdfa0379e0f3ebefd9b535e3a3cfa4559c4139a9
volkamerlab_opencadd;be083eeb20b9bc41c2d43484408ef54d47b61566
volkamerlab_opencadd;be354ecc328dcd03bafc2ac841b553ca9978b8d0
volkamerlab_opencadd;be7263edb6e400392fd8a193de1807516ac9c6df
volkamerlab_opencadd;be767641895365def20518a2c52d2f83461c8428
volkamerlab_opencadd;be96c19ee32f799a8781c2fc10dec3cfa30277c2
volkamerlab_opencadd;beb3525c0c5f1a3b802601a812f1775a736f20d7
volkamerlab_opencadd;bed6eb04f32074164516ea74d10a2101be226962
volkamerlab_opencadd;bee7e3d85b1c612298cc2b8c90997b4728b371cd
volkamerlab_opencadd;bf143d892b336222276de4a5ec21c2030b400c4b
volkamerlab_opencadd;bf471e151c019779243106ae69f977e4ad05623b
volkamerlab_opencadd;bf54842ef011aa6a11946a93ff44cf3455992a4c
volkamerlab_opencadd;bf7d03fefb59af797f47b98c9a2d3d5e7a7ad926
volkamerlab_opencadd;bf8b7d2c60bedc396427789220b9bf6f4ed2264f
volkamerlab_opencadd;bf9fc157d138d6b5dba52761974ad43231157554
volkamerlab_opencadd;bfbe0e220385f7870da2a203f337d7ff391cfece
volkamerlab_opencadd;bfc06a747e2a334c79b7e2770b6182ebb611311b
volkamerlab_opencadd;bfef14744fa9f64d3f5dc4821328fe073583d99b
volkamerlab_opencadd;c03a1a499b42b57e885cd1d2621db65c3e79d95e
volkamerlab_opencadd;c0461d234ac0c218bca43fefe16f4e16ebce65bd
volkamerlab_opencadd;c05710ff2715d81eba2e8402d95f4c9d91c52260
volkamerlab_opencadd;c0c006ad42d8eccd84eb3905471c90da58051966
volkamerlab_opencadd;c0deaad97ce7d8c9b06f382f925e808cc9d47156
volkamerlab_opencadd;c1ded9411025b69a69b99a59265f65d904c4f68c
volkamerlab_opencadd;c281eb307b79c87a79f834272ec259fd10d035de
volkamerlab_opencadd;c2b1996489981b735721fbedb39360ea79075aa8
volkamerlab_opencadd;c2bc94a32c655950be44e9024c78695ccd87c919
volkamerlab_opencadd;c2d8a2460d09b5470e7d596734be8174c0e35ac0
volkamerlab_opencadd;c34d075941852332cc229b4229acee7897311e02
volkamerlab_opencadd;c3d61471a88ed2f6510e1ee39922d37aefe9e5c2
volkamerlab_opencadd;c3ee1657619c5a80da3636f46b5f078c7df3845a
volkamerlab_opencadd;c41a5ee565d7791423de0c6916c7926c7572ac1a
volkamerlab_opencadd;c43ec85966964606a100596dafbb13355690ae28
volkamerlab_opencadd;c4703420fc3fd18df2a1b554375fb02337a4a96d
volkamerlab_opencadd;c490057cfce51b8e911f2f2195c33de60998f03f
volkamerlab_opencadd;c49311ec4ad48aca6db2267133ad5eac3e9da861
volkamerlab_opencadd;c4c73d28770174071d39bc537d3517bc5ff6d79e
volkamerlab_opencadd;c4cd21ba1525e84e54262b35803f7d732fdb157b
volkamerlab_opencadd;c4f783089703b6616d4fbcf5330f7ed4cf0758d6
volkamerlab_opencadd;c5449e8202a007bf947c7bd2abcae166115fb135
volkamerlab_opencadd;c5aa4c020e752883ff1f8272e3c7126c0a52495d
volkamerlab_opencadd;c5c88ce3305449956eb303f9a3602d8f16b908da
volkamerlab_opencadd;c5e881632d894ac004ce7826b1240a41c9a637b7
volkamerlab_opencadd;c620ea6ceccb3e539c0fd100fd83a679801ab32f
volkamerlab_opencadd;c629e2c97b20cfc21838b57d10c8afceed5709cf
volkamerlab_opencadd;c6659a162000294ffd6bc4d077cf2a48b655d2f9
volkamerlab_opencadd;c66ed5551d6a5cc834e909a4f434170f9ff9966d
volkamerlab_opencadd;c692331f81728cd7d10b53d1da9767eaa544661f
volkamerlab_opencadd;c6b1b4f4e561dbab3569f0620e43b6197d193118
volkamerlab_opencadd;c6c0a4731e70a9b33c9e5ea4354396ed9e778e52
volkamerlab_opencadd;c6c1a64512735eaf98d254514b358fcbaae5f6fa
volkamerlab_opencadd;c6ce61c1566283482efc5cb064e53fe8ae629882
volkamerlab_opencadd;c70bf864abd6ab7f7b94682f0923ca59912dfda1
volkamerlab_opencadd;c76e87c4fdcb822dfc025e6cb87c34c9e17505d2
volkamerlab_opencadd;c7840da5437cec2ddeeb4f02cbd5aa3c626ebaee
volkamerlab_opencadd;c7c78e5973776385ff0e7b141bf68d6444a1bbd3
volkamerlab_opencadd;c81061782cf700f574878283789fb53582d21d20
volkamerlab_opencadd;c860671ae88eb84afdd6ef599a4ecea9587c123c
volkamerlab_opencadd;c8c33bfd870a9198de24d9aa3dc6bbe647899fb1
volkamerlab_opencadd;c8c4128c58c2517c72809a0603cc9f75cc380564
volkamerlab_opencadd;c8ca7671a8df36c90cfa54235b0d5d892912ade1
volkamerlab_opencadd;c8cdd5632bd14da7209b37185379c68b397c3965
volkamerlab_opencadd;c8d834bea063b88ba8d45bb4f1bb8887a0c7b0e5
volkamerlab_opencadd;c8e7c9526ce0077f1ad88e629ce8bc1a6e4166c9
volkamerlab_opencadd;c8f807cb3bc48f91cd9d61a3aae7ea30a16e805b
volkamerlab_opencadd;c90a4c8fea719fecd9faaaef1c2d1c878b813b3a
volkamerlab_opencadd;c9191a80682dba1c4294ff7b355290e774649a94
volkamerlab_opencadd;c92cf99a06bfaf9fb25a9600637cd41889ac6d9b
volkamerlab_opencadd;c93a9d2328fb3f9ed0bba6a64a618d02571a377e
volkamerlab_opencadd;c94e4c67a74ef3fecc2fb06a8de558148fecd7c9
volkamerlab_opencadd;c96f75597f21ed375553cd463391c4952bd69f50
volkamerlab_opencadd;c9ae299fe81806a5d76791e4ae1a65c198158f1d
volkamerlab_opencadd;c9aebda0ced0638021ce58b26effa9e6b3f50407
volkamerlab_opencadd;c9b1aa7560625667ddeaa42bb2f9e4013a493092
volkamerlab_opencadd;c9b2c83dd241a54b8d4deea3a227ec80103bee10
volkamerlab_opencadd;ca0a163806226558d17fe0d76042e6037b5ce96e
volkamerlab_opencadd;ca1170306ef48df8febee507f07dba197f5874a8
volkamerlab_opencadd;ca1f7d6ef397d7e10ce1b708e2e15f49e581b792
volkamerlab_opencadd;ca5435c2d537390e7273937d5988fd2fb5fd5e9d
volkamerlab_opencadd;cabcc818b3ec03ad1d47e7444295422f2bda163e
volkamerlab_opencadd;cb0a9e656d99a8701ac23c961e4e8cef90cb2be0
volkamerlab_opencadd;cb3a39f78c47ee10fe6cf2ac92096eb83678fc86
volkamerlab_opencadd;cb7c64698ddb4dc125471a044a686131ae63c01b
volkamerlab_opencadd;cb80448a59823f416537f263f0b8a40ec1a5383e
volkamerlab_opencadd;cbb7d328fa48839b660b20a75206396e500e9d9f
volkamerlab_opencadd;cc1cdd82991e5fe01594cb363d76b2b6d0c77366
volkamerlab_opencadd;cc227795d532e3bcffbaf74581f9273cf818042c
volkamerlab_opencadd;cc38c62e7a165c47e1364c8159ee66dc9ff34667
volkamerlab_opencadd;cc746facef0a9454ffc7d9974d9ce0ee9a39dfae
volkamerlab_opencadd;ccc0140971bcb01a5a14d6162932a4a77513f489
volkamerlab_opencadd;cd653a495273b6f2b9a2328ba3bf95e191a5b3ea
volkamerlab_opencadd;cd9784af4d560b1bcb2c4564930069a699482954
volkamerlab_opencadd;cdd450b5f0a94ea34c86172d605aec5db91bd93a
volkamerlab_opencadd;cdd4d031b5ffc0bb64e7acf72a32fdfb303ab3e7
volkamerlab_opencadd;cde75143eb5800772c6e54b801a8b21acfe249dd
volkamerlab_opencadd;ce20b50b7e65b6a11e5f1fed050d2d4b7f3b65b9
volkamerlab_opencadd;ce25a73c5b66c7c5e7f71677b0cef6a77467a594
volkamerlab_opencadd;ce27e914f64b2025e969745f688e19989ff72e82
volkamerlab_opencadd;ce5da5103ba454babbbaa6933f926c4a47517c07
volkamerlab_opencadd;ce71eefd16def4cad562814bd7f39bda3fa497fe
volkamerlab_opencadd;ceb69b02cf23e52f15b169ecb123c02d63c1b929
volkamerlab_opencadd;ced63ecf20a14a342a315ce45e242026d6d699ed
volkamerlab_opencadd;cee64cdb2961cf84a0407401d2d1ec6a50c5eea5
volkamerlab_opencadd;cf131b47167d03b4822b669b21f1353a981682d7
volkamerlab_opencadd;cf167ede6a53bb648fdb792d162e755bae3ba288
volkamerlab_opencadd;cf17d61f63228ef6af684bc6b5dd59921b3c3a4a
volkamerlab_opencadd;cf3ceb2777c25220f611e42b95da2835199b7d16
volkamerlab_opencadd;d00de571d3a251eb24cc861216e9d5d8ac8e5bc9
volkamerlab_opencadd;d015eb6c2f75d304aa30b3e3d55319a7946b57cf
volkamerlab_opencadd;d0367fb13461b7008126ef0166cb9b94bc9634fa
volkamerlab_opencadd;d05ad75dc9e813e2830bdf485ff9a5dc29cefd45
volkamerlab_opencadd;d09c4ae04d6ca77754e416de84705bf309183cf0
volkamerlab_opencadd;d0b46f456ded6bd2ae0db177d0dcf2f677d9ed68
volkamerlab_opencadd;d0bc20bf4ff7e9b108735716bbdcf98631e9b8bb
volkamerlab_opencadd;d1273fcb3a59df096400abdc03771cdfc8feb388
volkamerlab_opencadd;d14e56135b2b9601fc73a57eca0b87c1fa9200df
volkamerlab_opencadd;d157c9d2155a1b778949ac568ba766594f0ca948
volkamerlab_opencadd;d1606ce1b034853d8f9155d10be4372b4ac19924
volkamerlab_opencadd;d18ebddad1dc0ff321bcbaed4016dfa15692568f
volkamerlab_opencadd;d1bcb07d49b5558649f688dbb3299df7682337d1
volkamerlab_opencadd;d208b6c0b8eb2cd5c17b8447807e9d201950f7d2
volkamerlab_opencadd;d22bd7412115fcd35a04c996363ce6a4a64b51bf
volkamerlab_opencadd;d2354a6b1a406691d033b37b0af1cb20f23f8ea2
volkamerlab_opencadd;d2523e27d9e5bb52a3e1b46e632c3ee8a5d04b47
volkamerlab_opencadd;d27399ec3abfbc823d96722c89166a6246a17586
volkamerlab_opencadd;d31aba520211c5a97f3d50cf0f7cea5ca68b325c
volkamerlab_opencadd;d34a1bd065a003abc07a7b9453a49ef976217c20
volkamerlab_opencadd;d35fa176751611de6a23a37347edfbe844582504
volkamerlab_opencadd;d3d3c7afdb8fba58bb549c357c9d8ea365897c72
volkamerlab_opencadd;d3d671b05ea8caf1bd20fcb0c3b739207a1fc8b4
volkamerlab_opencadd;d467938fdbd01bd596345e835dcef59bb45a41e3
volkamerlab_opencadd;d46ca3eb0cc90a47a55f21fa9675f53112b8b801
volkamerlab_opencadd;d47846f8c3f409b78d245655a6a2d162634bb81e
volkamerlab_opencadd;d4f561663be14b1f22fcb682c41197bb67f43f02
volkamerlab_opencadd;d521a42b000f04a3bf638520b601f0a4821c7ec9
volkamerlab_opencadd;d5770243ce1cf5a6b2b937f41994f6f846b13a46
volkamerlab_opencadd;d5b22bd5b3104c9e43bb82b2c60e2c222e990435
volkamerlab_opencadd;d5c41498025e8b51764e6210b05caf2d2c97e71a
volkamerlab_opencadd;d5c88026797065e15d5733c0bf49fb2ae1694a59
volkamerlab_opencadd;d5eae90776c9ae60e1c419ee0e768a7cc9e71889
volkamerlab_opencadd;d62ae3460da7d0c856c22e96ecb91358457c997c
volkamerlab_opencadd;d669369da0f34ebe986d3488028cd00e421b09cb
volkamerlab_opencadd;d6bd42e04161572e8b918c4ee92f3413ba4805cf
volkamerlab_opencadd;d6ea7165ce0de7f645be5d675689ee66a40e7c04
volkamerlab_opencadd;d6fc11f6866ef439cf991f2d216621db811132bd
volkamerlab_opencadd;d70041af307b53bdbe2c9a5bddc5b652146bc2e7
volkamerlab_opencadd;d704e0221aaf10988370c6bb292b44ccfa60e0c3
volkamerlab_opencadd;d70b430bb60503261ab84dbcc948589d6e5d6db6
volkamerlab_opencadd;d73fe67661aa5386332ad2f5695c2bce41dda43a
volkamerlab_opencadd;d751b947efe2ae8079021b5d9509cfec5f348298
volkamerlab_opencadd;d7649db6a5293d30af1a7dd43a8301e758560169
volkamerlab_opencadd;d7a2afb49451c561d20de48631479b3688cdab3e
volkamerlab_opencadd;d8158cf7ec5996660e5c439de1760547c42e7c08
volkamerlab_opencadd;d824eccb10e8f76c4b8c740b366fd4a2beec8e5e
volkamerlab_opencadd;d8434d7d8aa4de69dcd33072eeac53cad2a1afc3
volkamerlab_opencadd;d86d652e8a168fcea8a350850b3a7a502bb54b58
volkamerlab_opencadd;d87602417a6f0a0ed5044eaa559e234753af1489
volkamerlab_opencadd;d8d6a6ea2c6e4865fbbd3e7a28b377a8ba552e33
volkamerlab_opencadd;d8fce88d4cc28b17e815ad5753e54127ffb66e1c
volkamerlab_opencadd;d90cd96fe1b0671e256bc293f24095fbfcfbb2c0
volkamerlab_opencadd;d935ab25ceffb2791b7b1c256adc0e18e4021acf
volkamerlab_opencadd;d975ef412ffcdbfd5eb2645d40bcfa958acad052
volkamerlab_opencadd;da00ecf476f06d700c37de613f57e69a39b526b3
volkamerlab_opencadd;da0c90d9d0c0371a5710a311087a18d922d6b4e0
volkamerlab_opencadd;da2c3f79bfc595ad1abd81520dd3f9b557b60c28
volkamerlab_opencadd;da3ead4544045e9e3e18b8a58a35f680b0a0efb3
volkamerlab_opencadd;da7fc23a11c05a9d4a36958f7a3af980eb2d7c9e
volkamerlab_opencadd;da91288dee7ca13d770eb19c5e4f710148afe401
volkamerlab_opencadd;dadcffb1561ff8f411a5c85c9b739a93cbe9c8a1
volkamerlab_opencadd;dae79b4a2ac50909dcc26194acdfcdeb8e2bbb4e
volkamerlab_opencadd;db5792dcadd46b2d6fbd38721e31efbef2dfe21c
volkamerlab_opencadd;db78b1588194110c9b39ed859c4bf6c51d1ecf15
volkamerlab_opencadd;dc0e746f578f83f56706f1a541265c81613e771b
volkamerlab_opencadd;dc2bde96cbe3dcd23c1f29fa71644126408cc2e3
volkamerlab_opencadd;dc2c864dd00c993f1549284c2183ef4cb84d0b56
volkamerlab_opencadd;dc69b736884513a98e261d4bd72f4252731766b7
volkamerlab_opencadd;dce781a999c02b63fe93befb9a796d6a5a7689a6
volkamerlab_opencadd;dcfe25703d34e1a528a81ce2ac0c333372ebc0f1
volkamerlab_opencadd;dd15c0bad0e855f8e1aae4de59fd9e6125b543cd
volkamerlab_opencadd;dd2dde68715247dde300d0a0b0d42f208536260b
volkamerlab_opencadd;dd52daea04980100eedcd7f4c6a4ab5772181902
volkamerlab_opencadd;dd95f209c3b51c4cbd62566d98a0c7a5a722e881
volkamerlab_opencadd;de32d990fa29ab54acf9eb90820e53cd91b7f0fa
volkamerlab_opencadd;de63764cd04a890596c09ca201fb4a27ff6b2f82
volkamerlab_opencadd;de67cc8c5d8381399e7b0a741867cbb58cde095d
volkamerlab_opencadd;de8faff8383bbfdf2891e9a199670a62a9974f4e
volkamerlab_opencadd;deb2e0584f7db78b644bf1c20bf728da8f935e87
volkamerlab_opencadd;deb3e91424d87decf13665db642eaf3ed06821e4
volkamerlab_opencadd;deb52f65ac1f479cf3e8443adba0adbc189af87c
volkamerlab_opencadd;ded9b79c984ec1c86cf7ed5fb970893d7f352ff9
volkamerlab_opencadd;df086f6f5db8c28607e72ad8c1cc2b62564fb5b0
volkamerlab_opencadd;df8c302e89959aa5a0405349dffe6bc9371185b7
volkamerlab_opencadd;dfae072e9fd342b7246d0373e03339b1b6b03c60
volkamerlab_opencadd;e011a1989dd3315072986cb0c9d8bdae739611e0
volkamerlab_opencadd;e047f8cd85eb595ac096ce007f6a4a01128bf07a
volkamerlab_opencadd;e06398fd6aef6ad712e03e0269d3992ad87de3d2
volkamerlab_opencadd;e068921656516022afd5d965839b528a1d73fb20
volkamerlab_opencadd;e08dc6b66c2ba63ff929c0252a9e4f577dac7afa
volkamerlab_opencadd;e08f0c910e217b4d746dfe74d9492acf3859770e
volkamerlab_opencadd;e0d9c387e436f9d31e1ded060a7b57911d7e2b6a
volkamerlab_opencadd;e0e85137fd35fddb053597de6726e038398d81bc
volkamerlab_opencadd;e102fb927d271bd81a24332153426264d672056e
volkamerlab_opencadd;e13a05d1d53944c460f4fb24706eecab5b91e56f
volkamerlab_opencadd;e1dec2c99b1972af73c5a426ce8912dd58c7e446
volkamerlab_opencadd;e20bd524653f2cfbf5e198280f199a21f68cdcfa
volkamerlab_opencadd;e2552b070795fcf89197c62e8c4e165626be7ddd
volkamerlab_opencadd;e277faea2327d1ced9b195c2c89ff535dfdd99f0
volkamerlab_opencadd;e27d9b64ffdf95b4741435047e31ed04cd23550b
volkamerlab_opencadd;e281990f97f4b167cfe9482b93592ba67dae7360
volkamerlab_opencadd;e28410944134c5088a7e1a9ebf65b4ff2b88ef84
volkamerlab_opencadd;e292ed56f87d6f99b12b8752618d3711479bbb25
volkamerlab_opencadd;e2d2298832d3401f2210ac6d2017ef3f0a8d5fb0
volkamerlab_opencadd;e2ec44f46f1672ea4438001f2e1c1813756962ae
volkamerlab_opencadd;e31e38992693068b483ad0097afcf63131ac6d81
volkamerlab_opencadd;e32d643004822a1904ae0332944fcb636d6b2a56
volkamerlab_opencadd;e3304dd00f8969e4666f2c956276eb5df3bc071a
volkamerlab_opencadd;e3e29e706ec88e764effff0f352f651d5e45702b
volkamerlab_opencadd;e40f855f734225e6c975d58601d32ddb723a4214
volkamerlab_opencadd;e472403e86586420515a70e625afd15fba30a5cd
volkamerlab_opencadd;e53d03c84268742c87ca5808035600c08720ccd1
volkamerlab_opencadd;e61343e833021cf9f091e2afc555ab5fa156db19
volkamerlab_opencadd;e613852e1bc14107b0fb11527a98c27a713809c1
volkamerlab_opencadd;e638ebb3728ee101cb9f0662b081b8727fa3eda6
volkamerlab_opencadd;e64c27a663096c340f362145a3303642ca9ea0c8
volkamerlab_opencadd;e65fda0e0218b2d37f57bbd77c55fce49d4d212b
volkamerlab_opencadd;e6725672974609558596fea6c68cdc3e5225f2d0
volkamerlab_opencadd;e6dfe616073b089847ef9b25c2d50dc3781d966c
volkamerlab_opencadd;e709056f20b7a500cb61c8bddc794fe93e2a8709
volkamerlab_opencadd;e712dce6caaf76d37ec2191d97eecbd308d49376
volkamerlab_opencadd;e725b794575fb82ed71e53c214ab2eeabca97622
volkamerlab_opencadd;e739b015c860e4ff963f4870a5ce245155889a8b
volkamerlab_opencadd;e76559815f316e399149d81cf58e8ec7ee0bef01
volkamerlab_opencadd;e7881793f82ad9e1406528c1476aacb00766f714
volkamerlab_opencadd;e7974be8402b95bbc17c374aa19650254d9f8435
volkamerlab_opencadd;e7b4609b9476c96494facd70d23fa6122c6132d2
volkamerlab_opencadd;e7c2f18674325fe083468f0f8a1d802cd25050db
volkamerlab_opencadd;e7d659960cd4ff48055b8e2fb684cc398b8b4736
volkamerlab_opencadd;e7db918fdf0042e503e4f1a3d97ab62da5f27fa9
volkamerlab_opencadd;e7e07340481ddc805f111a969bbffa4edabd2270
volkamerlab_opencadd;e7e1efe4512734cdf42f0eb5c41acc9189276908
volkamerlab_opencadd;e7e236c7cf422e86e407c306fb5be68602e1f1d4
volkamerlab_opencadd;e845a8111f973526248e6c22a07a1881777228a4
volkamerlab_opencadd;e8853533e71ff60dbc69d25be968833a31bd85e9
volkamerlab_opencadd;e8f9f7f1adb9a1b946889fd321c5fa22ba40aa44
volkamerlab_opencadd;e93e70af33566da6d425c5eb9f67d3607290aadc
volkamerlab_opencadd;e9a25adb6c8b42281ef6e33aa1f31187958073e7
volkamerlab_opencadd;e9a9286d9243ba1ec611313f186f5182aa610ffc
volkamerlab_opencadd;e9a9865400c7761764503b22cf28b1538e7fecff
volkamerlab_opencadd;ea05502d16a749daed036eb0b52f8e7a5fafb212
volkamerlab_opencadd;eada1b3145ba26462b33659fb8bf2c2ffe8fc17c
volkamerlab_opencadd;eae46c938672e77152cbdcde2257345eba9bf40c
volkamerlab_opencadd;eb008f82b562ec6fb50f8a36d0f69dd8f5e68f5f
volkamerlab_opencadd;eb0d5bb200c4c7940fa32b6d42180a0d49272b9c
volkamerlab_opencadd;eb2cceecf8c8f5fe560c7ee852cb7ed0453c1ed5
volkamerlab_opencadd;eb3c947a1a31c079eb1b56b2140c98bf49f38fe3
volkamerlab_opencadd;ebfcd59d4201d00002be545cef9e4a939d463338
volkamerlab_opencadd;ec0af3ef0529625a61bcf277a28ad6c4921e5b2e
volkamerlab_opencadd;ec7aede5640514c061056ab8fcec436d2081e652
volkamerlab_opencadd;ec8de3fb83b28ccf7bf8ffb7af68e505df71db1b
volkamerlab_opencadd;ec93b1872fe76dd12bfba68bec92c7b5ff965893
volkamerlab_opencadd;ec9fcd8ed27f17d243c5f82b903212902ff899d1
volkamerlab_opencadd;ecf095877cc86f517502699943a46b59a31f24d7
volkamerlab_opencadd;ed5fa03fffa9aa29ccbf3c916ed1e61c3320d10b
volkamerlab_opencadd;ed6ae031abe9ffc9e533ac57636b338a2edd606d
volkamerlab_opencadd;ed7057a04c45573d3f5e74e4c276fc0db39ee262
volkamerlab_opencadd;ed7c273c05455f391c3b09c3a67e72f13d758cf3
volkamerlab_opencadd;ee3488c1ed7ac5a1d9f55ad828778b23d182935c
volkamerlab_opencadd;ee35026bbca7430050946d6c6666379573b5af70
volkamerlab_opencadd;ee3689ffd33840d785e24ce754d39c9af55d370f
volkamerlab_opencadd;ee6d1c1f35ad25c67e2a4f22c66f9d65d021683a
volkamerlab_opencadd;eeb4635fc99f2800b7796fb45d9b55f94dbdfa7e
volkamerlab_opencadd;eeb8d4cc22a8ca337ad221eff56187dd5abe5555
volkamerlab_opencadd;eedc5cf2038a22736438d4b49865904843db3eda
volkamerlab_opencadd;ef0480a720b06d97a018bd31ebe379fa634fec9b
volkamerlab_opencadd;ef381b3e91e3dcec7f7bea59f310da403a0ff5a7
volkamerlab_opencadd;ef87da74247942aab0598c668fe544078b8c4f61
volkamerlab_opencadd;f045702ef2881dcb32c4044aa4750d0c83c94981
volkamerlab_opencadd;f0ac1e518cde737e910ff2995d5a8b56106f61a2
volkamerlab_opencadd;f0b61eddda31d1bbb13db150213130a894a28ea6
volkamerlab_opencadd;f0c2d55397556ecfe11cde8e4d58b941d1739d33
volkamerlab_opencadd;f0ff8549bcdd840e36327ddd3ea1dc23f3c039c8
volkamerlab_opencadd;f1363ee73528a894afad5425d567c1e9370c200a
volkamerlab_opencadd;f14ec81e57ce8b15c485f5ce8c98bf0d54fff910
volkamerlab_opencadd;f14ec919245a9f3ed2c22d1c3caa8d2afd13e4d6
volkamerlab_opencadd;f15c69ae68d65e2f99809524a7d4bcdc96832b78
volkamerlab_opencadd;f162e1f5bbd11d08b6ea20638cac35af847bb992
volkamerlab_opencadd;f1974b53ceb5af1b39a3fc3f4f5fa0897d2bc962
volkamerlab_opencadd;f1a12192b5278ce9f65a900edd256d184d739256
volkamerlab_opencadd;f1a8aa0875fc95f8a9179cdc9c4f4494efcff611
volkamerlab_opencadd;f2831f325a34a66461a62bbda26ed791ff2b6295
volkamerlab_opencadd;f295d052397b682aabda4f4d37482d489b28d2e2
volkamerlab_opencadd;f29e0f617fb56bf50206dd380979a8bbf8316415
volkamerlab_opencadd;f2b65ac122471438e58a048eb1e8b9fcd9c80c74
volkamerlab_opencadd;f2cf46155ef6553c3eb4f8792537b3e52b5aa0fc
volkamerlab_opencadd;f334d12530f126f4d89b8019a1dc51d2da0a9d19
volkamerlab_opencadd;f33b9f20bf2bd94dee15892acfb7f5dc375886fa
volkamerlab_opencadd;f395476cda596335a11db39b3d671a3d64ddf6b9
volkamerlab_opencadd;f3a2b42b9f4cc518d3120278d7b6cca02b40b2af
volkamerlab_opencadd;f3f28a0a92ccd435603753449a82e4edef27a92d
volkamerlab_opencadd;f478f608ab0e76956136cac90871afa2500ea708
volkamerlab_opencadd;f479ef7ec214795bbb1ab3ee2b2e72659fa63b94
volkamerlab_opencadd;f4977823d0530eb05ce1219db54efbc87681cc81
volkamerlab_opencadd;f4bbdfa7f30b14c68d9200a6fb8380d154781c3a
volkamerlab_opencadd;f4d3c8c31b1b19d2afbc2706006e4d8be2f715ee
volkamerlab_opencadd;f5036ce88d8836329502651a784a54a691e089c8
volkamerlab_opencadd;f507a9334599a38a8675e163d48b3cead4f51ce5
volkamerlab_opencadd;f508edac4591daff4e3a6571c750ad8aa2ddfc08
volkamerlab_opencadd;f528d9d644fcb8c236fc29191ec8a1b051da9642
volkamerlab_opencadd;f5828be5b17263dddd0d41aae6d66f3be9c6a75e
volkamerlab_opencadd;f5bb9c828f7f0762a213410c1241863ee7d3b61d
volkamerlab_opencadd;f5c5ccd6f373523b7716dda36509bfb933cdf4a4
volkamerlab_opencadd;f6f320a9a15cb2dbd1b0ce06d6d4453e95d20c57
volkamerlab_opencadd;f6f87003e2d5c11ae89fac9daa85e5d6fcd8c9e4
volkamerlab_opencadd;f709a93cfe4d1bf97ad95e65e3f520bb6c304eeb
volkamerlab_opencadd;f71392d0a58cf286826b0901bffad82043f8f220
volkamerlab_opencadd;f71f8128ff41247942eca06bf18e039b974773d3
volkamerlab_opencadd;f75633abe7bf2308a640c23a4ff3b048091e6c9f
volkamerlab_opencadd;f7590a5c4aedebb91224404a48e98f9ff07af69d
volkamerlab_opencadd;f79a3aadcbf91ca389244cba464a1a5bc2dc1ee3
volkamerlab_opencadd;f7aacb045d41a1b9dddcff5fa83326064c46953e
volkamerlab_opencadd;f7db1a68cd01f4e173222e4e2386966832590b8e
volkamerlab_opencadd;f7fe67828dc71c7f079b2c1ce05db94da3c0cd8f
volkamerlab_opencadd;f809c4d67e51ee960acc765b028c3d1de093a246
volkamerlab_opencadd;f82dcd40c1d2439be7ba0b38ddf5bf5c5fb16693
volkamerlab_opencadd;f856b0368f574ef9abb57235545372c1ace386cb
volkamerlab_opencadd;f888eacb527cdc887b0b47c8d481032eefdf7fd5
volkamerlab_opencadd;f8892089df4d50c4c8349112876c37862ab79100
volkamerlab_opencadd;f88eebf29c148806c7d15817a48ef96093c04595
volkamerlab_opencadd;f8e597e4e5e4bdd72d9272a7255263a7f2454ee7
volkamerlab_opencadd;f936ca9212705384505a9e22d1ab1d98ef42d4bf
volkamerlab_opencadd;f943d0d6679dd25e44c7813ac8335cc41f237b0b
volkamerlab_opencadd;f9459f292f1500f7185d6335b433c7092194f2d5
volkamerlab_opencadd;f978f15168e68fd4a86c5b4fff5db2a56335291c
volkamerlab_opencadd;fa47811970adf3db830141f90cd5ca99c8f70276
volkamerlab_opencadd;fa4d18e74553fa159e3c2f4bc5f6dbbcae87e728
volkamerlab_opencadd;fa5f17fa8f52e9cbb100852d7c6d61ef3d56c773
volkamerlab_opencadd;fa8df7cdbee6f0f486379d4702359b04895e1a1a
volkamerlab_opencadd;fa9d12b98737d96985b7c1b86d0cfe449f49c119
volkamerlab_opencadd;fac77c77f63b7d3e124a7b975dff914724db0e98
volkamerlab_opencadd;fb1158c2b19f275538e2c5f9e35f290b35b85c9c
volkamerlab_opencadd;fb20a6762921ccd8f3acba00a9e83ff06fc07816
volkamerlab_opencadd;fb30a80362242628cd2a2956a40195fb48dffc2d
volkamerlab_opencadd;fb35568136f082ae53c1a19ef2c0474e7b5ff8f2
volkamerlab_opencadd;fba1a3a37ac8478dd5bc269fb2aa97aef33d3a5c
volkamerlab_opencadd;fbd43225233abc943afd7c4f998c5d262495ba34
volkamerlab_opencadd;fc44a28a309c1697d28b6e02eff99d25b9b5cd48
volkamerlab_opencadd;fc8e171823a767f18a719f6b7cf06b88ee598381
volkamerlab_opencadd;fc995a28c57b75c54978b089cbb4cf03dca6d005
volkamerlab_opencadd;fc9a55c61a10cd7bf738160646ba85d1c1772ea5
volkamerlab_opencadd;fd0e5e7a9c679e2eaaf1ffd47966bb631ce7327b
volkamerlab_opencadd;fd3993d2d7b807ffee9446e1a0bce1b9d6f7b047
volkamerlab_opencadd;fd3d96dec6d33e41a4961e62fb85829dc5c318b7
volkamerlab_opencadd;fd69bac83d3fa0b8d4dc66117d734015adfe84db
volkamerlab_opencadd;fdd08e6975c69d047878c4f0fff5f3d4c03980e4
volkamerlab_opencadd;fddcdca06f4e6a29c2eea87871a28a424a1950e0
volkamerlab_opencadd;fdff53b2aa7b135568c319f9a502ad893a64ab17
volkamerlab_opencadd;fe0043acbe4a5d7925c3c2ed22f27b813e9bc19d
volkamerlab_opencadd;fe03dfb6f9f375b84b78b73e7adbe11e935597f4
volkamerlab_opencadd;fe2c5a188cddd6213558dbc43d28294808d26ba2
volkamerlab_opencadd;fe519cabce177d0caf21460853ec451c19d8f0cd
volkamerlab_opencadd;fe672e745fc086a5a4e0c71e80e5f681c71fcbde
volkamerlab_opencadd;feb9b313609847d3287969b1f74397f5bebe11ce
volkamerlab_opencadd;febd29f5ed8c125b3d4c3d40383f1d2d19757da2
volkamerlab_opencadd;feefd23b78138bbf212e5d635a857ee662271a12
volkamerlab_opencadd;ff27a441354d67e16732e9cbf37ac427978c8640
volkamerlab_opencadd;ff4138f819b0a0263721677f547dbd68621a6e8a
volkamerlab_opencadd;ff6912d60748fae1d784828e4578d6e5a3973825
volkamerlab_opencadd;ff79402c92eda50178034548979590b234ac0d8d
ecshackweek_impedance.py;00030aeaba9b8701db7f4e77f8b3b488abee0ec0
ecshackweek_impedance.py;00a6db77e86a71e8bc00999be2776fde3a6eebce
ecshackweek_impedance.py;00b7e60ffba874cbe39faeb7123b86789fb992af
ecshackweek_impedance.py;00edfba1caf08a059dda2253387421079b089ff9
ecshackweek_impedance.py;014ff2fc59409e3406d871bf032c2bf4710fc495
ecshackweek_impedance.py;01590cf151d4dfe5143d557ea8a9058611b37881
ecshackweek_impedance.py;016196cd93ef305ceba7769001e6eb3932e76140
ecshackweek_impedance.py;019f958bb4d93e0bbc1a2371b2595578d2da3804
ecshackweek_impedance.py;020919ca99f1ac220dd136782bfac7a2ed52de83
ecshackweek_impedance.py;023ec70160f3e6a29beff2956c552871a2389f48
ecshackweek_impedance.py;024faf6ce44a227b0c24f8e8525ad86003138a37
ecshackweek_impedance.py;027db3c234aa3061c45428f25e3e1fa010df40a4
ecshackweek_impedance.py;02a3b8b96329dfd17abcb0300b4bd49d1fa7190b
ecshackweek_impedance.py;02bc8fce9b8825fb2af3bbb6c9cd0312fd2b5921
ecshackweek_impedance.py;02f0a3398e1407b5f237d0bb1cc40bdf779f1ae9
ecshackweek_impedance.py;02ff9810057bdde6695c6c20ea373ebf7fe87b5d
ecshackweek_impedance.py;031ec2abeca9a834e494a2242f1f8fa7b72e8f73
ecshackweek_impedance.py;034fcf22ec7e571ba7de7489aaf1636e6f562a3b
ecshackweek_impedance.py;038f479f2c5cb8c959c0b82fd4f022d00d85887f
ecshackweek_impedance.py;03b3e37ec47bcbc0bed2ce35c1e0e554f96959a8
ecshackweek_impedance.py;03db58b6ff5c2071348f393f92df9e5f6a819b89
ecshackweek_impedance.py;047852425233dbbc4ea708e6f54e4db887dbf327
ecshackweek_impedance.py;047e716dfd6c64b1a181a120195ef6f2c3b7fb8a
ecshackweek_impedance.py;04c772990a7c7d3593ceaeab613a7f7265f147ba
ecshackweek_impedance.py;058734a49c10589efcfaa51c7b5d981cc17a2b76
ecshackweek_impedance.py;059df991f4ce40d100d3280b34930aa47062531f
ecshackweek_impedance.py;05da5d6bbb21d195ded4e01e7c3bdcde5ccacf36
ecshackweek_impedance.py;05f94018eecf09adcd27334f882385fd07ad6db8
ecshackweek_impedance.py;060684839a1247bd273cda30d7df37dca5b15caf
ecshackweek_impedance.py;06fd26d694e5a97960ab465c22e50f90ab1d65ba
ecshackweek_impedance.py;073c6b36600b8b744cd5966b4c54b9023091c5a3
ecshackweek_impedance.py;074c68ee5e5f463866fb2f7aec0b549973b39122
ecshackweek_impedance.py;08073589a88bee91bb58f2a4083d573a1153f46e
ecshackweek_impedance.py;084732685d7414e1de5cea2334f81904703f9ab0
ecshackweek_impedance.py;0853e45fc882f804d6d3c165c3cdf7a5bdc0a52c
ecshackweek_impedance.py;088425f51ddb9c409b354b4f3c3e4aefeea0a396
ecshackweek_impedance.py;089759648975c74430b2f6c8b4e04c7ff16c1e01
ecshackweek_impedance.py;08cc640e10a878659f9674aadffceddb68df4b2f
ecshackweek_impedance.py;09909d60e6485298c404473ffafddf66ced2f3c8
ecshackweek_impedance.py;09d4208d4df1035513118ca0188508aaf37926f2
ecshackweek_impedance.py;0a1825fc88111b7ad5e8faead8bbf9335f15f0f2
ecshackweek_impedance.py;0a498902f162100bc6b775b7b580a248d154fa27
ecshackweek_impedance.py;0ac7c14c306de27510491499e9b65c4b46e040aa
ecshackweek_impedance.py;0ae5d19680b916278bb463f2dac0e117fd79533a
ecshackweek_impedance.py;0b02c70004461d0aa66fb4f79b0432d6c14c8b01
ecshackweek_impedance.py;0b302ca9eabf403bd1a1a2b2578fe2cb7f00ec2f
ecshackweek_impedance.py;0b3b191bc74e154859c625d9c141541bfd1e297e
ecshackweek_impedance.py;0bc33ee4ebb9adae6d19a8bae62e150a06a75ea3
ecshackweek_impedance.py;0c19f2d21a4c82b22335045e38696301224192d8
ecshackweek_impedance.py;0c2c64b28985f74ad7a79c908428b0daad1dd01d
ecshackweek_impedance.py;0c59042d86a6a07e5771b1977bae4dc21cfdc2ad
ecshackweek_impedance.py;0ca17e9afa51651e92aef6dd88fbd261214a9011
ecshackweek_impedance.py;0cb14f3df4cad9ea294f2c2c95c2f55836593a19
ecshackweek_impedance.py;0cdd5dd74b14bf9f163b1f2398a4b3363ef61019
ecshackweek_impedance.py;0d13100fccd4902f5255580d2f0527afa6f70759
ecshackweek_impedance.py;0d4de7bc62d59bab8b630624d8d0d215b1f69702
ecshackweek_impedance.py;0d597d7a70f52f88191ea6ae2fef7ef03c245256
ecshackweek_impedance.py;0db2a5a7e7fb00725b4ba0837a21be90314d61c1
ecshackweek_impedance.py;0e03a68316d19ab62403ecf14c748bf312b35851
ecshackweek_impedance.py;0e28b08f67dc65e2dcaa61138f71791834e6d54f
ecshackweek_impedance.py;0e36452bacf68a6736407f0297c7c3c4ec57b08a
ecshackweek_impedance.py;0ea7cc0c5048c2c776919983b5ee78f6346bef9c
ecshackweek_impedance.py;0ee2ea9f531787e3b0fb42a6f7d3a396f5c168a2
ecshackweek_impedance.py;0eef96bb95e4f4fa0ae292a86e18912c5eb64498
ecshackweek_impedance.py;0f331e1d11b8f1aad9e5f4d7bd0974ea085447f3
ecshackweek_impedance.py;0f49f6be5634295b41ca466fa8df801950efdd22
ecshackweek_impedance.py;10063d0c32c20677a80b551d01734fe70ec10f4e
ecshackweek_impedance.py;101d3b0b8226ba72d3500a2d50299e442ee17f06
ecshackweek_impedance.py;102000f424c6e5d6f86153d1cd36f4c647fcf1fe
ecshackweek_impedance.py;1025981b0381c6bcea4d5f25fa738f5c32c0b6c8
ecshackweek_impedance.py;104eb51e4d93c06ee255ba40777b80d2f18847e3
ecshackweek_impedance.py;1055f343caaeb9df2b7793adbb74a5c8b88dadb8
ecshackweek_impedance.py;107d32e72231f89d1cb6fcb1c92ef466aec03ddc
ecshackweek_impedance.py;10805e8a3ffe9f0f4f06440900f79c658ab15236
ecshackweek_impedance.py;1084a8325f095ea449d31d3f7a3cd25f9716d6b9
ecshackweek_impedance.py;10ac9f1299094fb8ef8cabdf2bc69b7bf6493bbd
ecshackweek_impedance.py;1151106ec8dd5e6f76867f72bd72fb930b5836b8
ecshackweek_impedance.py;1169a25c35ebb1be0090aa564982656c14fdeab5
ecshackweek_impedance.py;117af7c2b00ff453bb1986b054af1313b085adcb
ecshackweek_impedance.py;121fc3ea3331e4271ef8c653b5401537ebf09a63
ecshackweek_impedance.py;122e4666fecd1a04188babc826349d765a330aec
ecshackweek_impedance.py;12863e6e982c6dce5614b88ebf99ef42686fac73
ecshackweek_impedance.py;129a17f92ee479a446e5671424ed9276623ae3bb
ecshackweek_impedance.py;12b85320d0421e52435c04199eee3808d6e070a2
ecshackweek_impedance.py;1352deff38d945476325945a073ba80c6fb54099
ecshackweek_impedance.py;13badf42e5735fb03937e9724d28be5646c95a1b
ecshackweek_impedance.py;1407a7803dbdda3f69b79a5858a6a9163c715c52
ecshackweek_impedance.py;143390fd968e295d265d54495402112ff7b61958
ecshackweek_impedance.py;144823f692e0f04a44c3b36206b98debb050b9dd
ecshackweek_impedance.py;152232fd4cf8c41f8064497c98ce052b7fc13ca5
ecshackweek_impedance.py;1526ad993e6a452c28da2b752bcb5329f4694d9b
ecshackweek_impedance.py;152777e45ce8d5dc58486f3e71b87dc0f597ef4c
ecshackweek_impedance.py;15c024bc975a5214da2321f59a63c125ecf2a4cc
ecshackweek_impedance.py;164ffacea3bd044f0221576a25b856566b619ce5
ecshackweek_impedance.py;1714187b2198effbe87e9c484ad15c7b6f4188a1
ecshackweek_impedance.py;177c88ffd96cb0807104602b0d1a85af547b4ee5
ecshackweek_impedance.py;178373d50b737ed2d4d1dbe4db0eed949b988ddd
ecshackweek_impedance.py;1785741b945e80e925007ebf5ee8c53360390fba
ecshackweek_impedance.py;17b90935601debfb3b3dff9390b9e7723a736bde
ecshackweek_impedance.py;183371aafd0aff5188b49c4a3cab0445f0c48ae9
ecshackweek_impedance.py;184eff01e55c33e7896e564900ceb806b959888c
ecshackweek_impedance.py;18804423b00b98f98416bb72920b3523d11a639b
ecshackweek_impedance.py;18a7920a8d322ff18836afbde27993c21396f85b
ecshackweek_impedance.py;18ea8cd72752af6c90cde8471d9ffbd79cd0f445
ecshackweek_impedance.py;19935d99cb5459d32c69894bf55f0a291c3b7d7f
ecshackweek_impedance.py;19994c241d57091f8e20108a0b3380c0332bf13c
ecshackweek_impedance.py;19a7ba36ebeb8166a5307be3a58553850f0511e7
ecshackweek_impedance.py;19cfa00531b815e8e3f2121891918e8d3106b71f
ecshackweek_impedance.py;1a2bd743f471c88e4985e0dbf24c59d4e62ce83f
ecshackweek_impedance.py;1a4d9ac17d1f8968c3873e367b5064c5850d0559
ecshackweek_impedance.py;1a5736cf239604f6f9b53dd0d387f99a53608a64
ecshackweek_impedance.py;1b71153c9ff1becd6b8980e9463cc5a49153c742
ecshackweek_impedance.py;1b9e4df0cc29358f311f9cb8383b98400f9572ad
ecshackweek_impedance.py;1bdac7c1acec4a0cec31bf93636a40c51b580981
ecshackweek_impedance.py;1be40c16e4d91f791d9ff67a45f8b129cfb03e52
ecshackweek_impedance.py;1c15aa29c52ac1d759ea4b9d3436ea8b921c080d
ecshackweek_impedance.py;1cb4b08c1ac4be04246af533063c469dac43196d
ecshackweek_impedance.py;1ce8f975b2ae72c1991a5e9665706d93dbb3c630
ecshackweek_impedance.py;1d0b2d8604e8b4d13a9ca6753d5bc649bcdc62bc
ecshackweek_impedance.py;1dd42cd01c6afeb8c6a1a5280efb4dc92c5dcbde
ecshackweek_impedance.py;1e05b1795d5786ec966b9edbd467eaead880e453
ecshackweek_impedance.py;1e10a5c939e0a6c094f311349c27b79260a7cb42
ecshackweek_impedance.py;1e38fe2781e43b19c71bac7075e819e65db7449a
ecshackweek_impedance.py;1e67047fe333785780c92d02e4c56ad06c0264d2
ecshackweek_impedance.py;1e9e3a29194a51a133830fe14a9fd5afd6065a38
ecshackweek_impedance.py;1ebe3448e44c3d3df7a8e6d523fc171ef22313e0
ecshackweek_impedance.py;1ef916d2ffd73adf16e39297f4d25051db724f56
ecshackweek_impedance.py;1efa626746d7adeb467c8efe5707f0253f35360b
ecshackweek_impedance.py;1f4c87e083d4b22da0a0ec2e813445bbd5712857
ecshackweek_impedance.py;20adb054aee7bb9106cf82a1e96315efdf299ffe
ecshackweek_impedance.py;20b7cba3f9f9a9cd42f33d4a10f0ad629f4f490e
ecshackweek_impedance.py;21227a6ea45e4023261b36d880e1648cd31b3aa7
ecshackweek_impedance.py;2142cd69d76ff7ae7c02e015f92db9f23ed06ccd
ecshackweek_impedance.py;215af0f817ba524b6a88a660b58b44f1e60dbcea
ecshackweek_impedance.py;217447075c0b92172942b168fd3096e5906a9304
ecshackweek_impedance.py;219865ab114b41fa9a9444c2876a2ec01494c794
ecshackweek_impedance.py;2234104c463ac13e41426a4450237cee4509095d
ecshackweek_impedance.py;22992a412f69b38ead18f2e63a0079210b77abcc
ecshackweek_impedance.py;22b2e6e2d31b09c05a61818b0fdad53d4e9cb12e
ecshackweek_impedance.py;22efb672620d984b8ff85d29aa6241c591529ceb
ecshackweek_impedance.py;233248774676b5e6ef2d1875ea1231eaf18a3160
ecshackweek_impedance.py;2360912efa56120863136bad440fefcee08b0aee
ecshackweek_impedance.py;2365783991c399487e03ddc491a8c86b85dce875
ecshackweek_impedance.py;23780ecb2d8083e081820a08b0154e9324e23abc
ecshackweek_impedance.py;23ec61ec733ace678b24023ab832ba910d39bcfc
ecshackweek_impedance.py;23f87bdec15ef98ff389152d04a9f100b1f7af5c
ecshackweek_impedance.py;2407fc13ed5a270e5ef30abecdadfd4b3ff17094
ecshackweek_impedance.py;244c3064d739fb85c0b28f0c0e3479d83566e08f
ecshackweek_impedance.py;2481bef82998670977a7b99500bd7e2c221f051a
ecshackweek_impedance.py;249c6571fc75fd0cdfc2553fa7c692f260d477f3
ecshackweek_impedance.py;24c4de87c35ff572e927036ef21554bb98ec9584
ecshackweek_impedance.py;24d34f6755d9046bafe8c6eb62efd06eb847c1d3
ecshackweek_impedance.py;25296ba078d954eb4363f1029b249a75f1c6de03
ecshackweek_impedance.py;25c31ef79395d5c1073a4e67975dad93f6c63826
ecshackweek_impedance.py;25d65d21755349d0d18f39424d978bb73cbd19d2
ecshackweek_impedance.py;26148fdc3f97335071fe61eb148dabb6f0b3a68e
ecshackweek_impedance.py;26234164f363a593a6cc78ea74901d0b1431fc19
ecshackweek_impedance.py;26412f7ac6740258a03dc6b9629f774c63c268ef
ecshackweek_impedance.py;26499a3ea968aef9a931a623164800a96027bb87
ecshackweek_impedance.py;2673d5a6d822d84cb9fb57b2306d55ddce4127af
ecshackweek_impedance.py;26a8ab6d6b37b658f32b894d59b87e2e09b71f3a
ecshackweek_impedance.py;26b403320839a3ca4b15d8ea18f1ecde24b01ef1
ecshackweek_impedance.py;26f0287df872b8af729370a8cb0edf943bf94396
ecshackweek_impedance.py;272f0476545b17e8869fa530794fc2d7c9176243
ecshackweek_impedance.py;2735ffa7fccb1b37d9e6021948827b1422418bcb
ecshackweek_impedance.py;2797d5fd68275855795cfb6e7d5610e77bea2314
ecshackweek_impedance.py;27b3804cd9ac72d6232a71eadc5fee3d7d664fa7
ecshackweek_impedance.py;27f9786bf676a7b2706282ba73a786144afd2518
ecshackweek_impedance.py;28244779781c362f2e6f08a971eca01a55a9ee1c
ecshackweek_impedance.py;2852c4ac4aac17cd2b3b478faff771c9e118e05e
ecshackweek_impedance.py;2857490f26276b064e4ee54353550f5463886662
ecshackweek_impedance.py;28bf5f45d1352b22bd7fb9326cd5a3348f5b4625
ecshackweek_impedance.py;2900fd86b43d9c56c3af17779d669c06d2d36227
ecshackweek_impedance.py;29499a83bf74bf3bb7914dd13887cd58cbbf9915
ecshackweek_impedance.py;298fa82e8ca9d9d6289211c5c6127da40e14c86d
ecshackweek_impedance.py;2a211423f119be174e793a37858c19ee001faf1c
ecshackweek_impedance.py;2a85ade32dcef53b030e18263ef1383e76c14117
ecshackweek_impedance.py;2a8c931ffe46ce3670803e6b67b9986426ccf214
ecshackweek_impedance.py;2a9a8f9002a142f7e8a8df4152758d48d6d0110b
ecshackweek_impedance.py;2b53caf7500624756cdc48476a57adf33f3ffbf1
ecshackweek_impedance.py;2b7b0156794c95a47295903a5efe8f11b7ab3c0c
ecshackweek_impedance.py;2c25b1406a8c51d289c9b5cecb7532cccc2962b3
ecshackweek_impedance.py;2c62b6d0332e76ec6aca772546ddfd0bd4c911b5
ecshackweek_impedance.py;2c9ae9e325f1e7172759817da111e9963adacfbb
ecshackweek_impedance.py;2cd8821fe486c8c5c4a77b30ecce449d1c8d3c38
ecshackweek_impedance.py;2ce7d12f0cdcc9e6f30ef25339e590f2ec5cc54b
ecshackweek_impedance.py;2d0afc73bd4152ef2b385b551019469338a3f666
ecshackweek_impedance.py;2d31410d94dab97888a5704ea5700f0e643fab40
ecshackweek_impedance.py;2e176ff27f0635836e1362b77315c26fd174bfa7
ecshackweek_impedance.py;2e762291db3e036a24ece95c9d8ff924a1da1aa8
ecshackweek_impedance.py;2ecec661f089c92910d27a732c99e49a58d01603
ecshackweek_impedance.py;2f097bc136ed6f42908b03b2bef43847de888aa3
ecshackweek_impedance.py;2f227aecf820864629b3cbfda6bb06db366b7374
ecshackweek_impedance.py;2f8f368254f6fe50faba9f4c6de3d8674aef11f2
ecshackweek_impedance.py;2fa3e5d89e84703558f08fc0d7e12a5afd3773ed
ecshackweek_impedance.py;305d006f58b9c1332bd17fc8bb91be939ce3b5e0
ecshackweek_impedance.py;3099bc94d58556cb09a0c1927a5cc362d5b7bed0
ecshackweek_impedance.py;3101d7c6848a52ed30902c638456d34dc535e246
ecshackweek_impedance.py;3126ef75fe93ba3c4a81354584422617fc073479
ecshackweek_impedance.py;314796df017f87bce862f3f871b19378f6146b77
ecshackweek_impedance.py;31a9245ba248f0a15cb071c3048308952a87a79c
ecshackweek_impedance.py;320ba4bc6a59b937c0145b5762bbaf1dee8f4a01
ecshackweek_impedance.py;324c70dff0a337ee69c2170773f17c8481947f8e
ecshackweek_impedance.py;32e2d6125d892501a766475812eabbdd16b9c823
ecshackweek_impedance.py;32f8c734c831673a18528f1e44f10677d4d62f9d
ecshackweek_impedance.py;33396949b9e4de28271ae85fcc5415f004449a40
ecshackweek_impedance.py;33c08b144c51d401f7788485aedecbf67ee4e207
ecshackweek_impedance.py;34151f259362bb86ae0f13e6b070704bf85cbd4b
ecshackweek_impedance.py;34715ffd5614472be328ff3fd4acd9055f7377d2
ecshackweek_impedance.py;34782c31745ae82d6d1d94ef4666651bbfba74b6
ecshackweek_impedance.py;348bb7fe8badcaf663fd108bf5234ff137b6e0e5
ecshackweek_impedance.py;34bd4eec69d41dd59dcee7a9071a8670c432d36f
ecshackweek_impedance.py;34d195e73fff8e55176a45eee2c1c14e50fab482
ecshackweek_impedance.py;350a6ea53cb89a6a8916b5f06baada36b996e3ba
ecshackweek_impedance.py;356be5afef33c010d771adfa9928746aa4616246
ecshackweek_impedance.py;357248c2dd18e6721522253c5d3184c5021dd5aa
ecshackweek_impedance.py;35c7b22dda7beec225b4628d5ef43432b5e9a133
ecshackweek_impedance.py;35d5ccc2d2012b11250f80e6efe0b73097e3af90
ecshackweek_impedance.py;35e19235ad87bd89d90ae729d1ce08d80b29be21
ecshackweek_impedance.py;35e386bb87dd122846ff8311c0c12d10241b7a62
ecshackweek_impedance.py;3639cb658319352f25dea102db8887501a8b8c1a
ecshackweek_impedance.py;364617aa9ce1144af92b31cfd9a8891294b5cafb
ecshackweek_impedance.py;364b789f49d9dfce8ffc03baa2d616063a30e98c
ecshackweek_impedance.py;36a1788129117ce929f66b7e41561243f95a61e3
ecshackweek_impedance.py;36a4f67b9c8535ba08ebbbd186cf8816b35074ae
ecshackweek_impedance.py;371707ba6398cc187a7d320e43a66959a4fdc119
ecshackweek_impedance.py;373d0c04fc6a2c5da1ebcddf21f17d9a413c585d
ecshackweek_impedance.py;374ec414f2d2924492b5183427470e73cfa9b260
ecshackweek_impedance.py;379d9c29799aba5f73db75888cead3ac34107b76
ecshackweek_impedance.py;37df2606b086e6692ce576653e03cf0426c44ce6
ecshackweek_impedance.py;37fe9f45f47542023f3ac03734cf5a0b09d542aa
ecshackweek_impedance.py;385f69e897f242415990013cb9c2074e1b61ec5c
ecshackweek_impedance.py;3880156f31f764a6e3048a82c5d41c75a177113f
ecshackweek_impedance.py;38a030f1161635b84a118d885ad3f6e85825c497
ecshackweek_impedance.py;393e319ab0204e779f45bb569c72a95f416260f3
ecshackweek_impedance.py;395d1933258a681d98e991b52aeb0b96542c05f3
ecshackweek_impedance.py;3988fbc0e42ca5c7a79ad2ab5b0e0404ec4a94aa
ecshackweek_impedance.py;398c241819fd70c5a20240749450244a7533a61b
ecshackweek_impedance.py;39d0505b8acceec4e67125210f79665e258e73ce
ecshackweek_impedance.py;3a060fb76a956f8050b018a77291d36a57bb0f5f
ecshackweek_impedance.py;3a1882807f30e783489bca9a86796fdf114db6e4
ecshackweek_impedance.py;3aa7e52351b2287d918296446963cd5cdb57f811
ecshackweek_impedance.py;3b4175e92eeee4cc53ae947e1d6367280c8c83af
ecshackweek_impedance.py;3bcc8d97b9cdc653e2a576d5b249059aed1a8b68
ecshackweek_impedance.py;3c0e5dd486a96de310633754ca8307237bbbc1c4
ecshackweek_impedance.py;3d217ebcc558bd27a533e59865c22dbee4d917ac
ecshackweek_impedance.py;3d61a9782f857ed57dec4220e2c60c124c79069a
ecshackweek_impedance.py;3d62c111426e70392850d2053be866196ffc761b
ecshackweek_impedance.py;3d750a574d6f108337108d1006cb71827b41e9cf
ecshackweek_impedance.py;3e09e2b67b3bc357560f4cf924a1d2cce2e7a096
ecshackweek_impedance.py;3e9101fff16d4a047c19c6d93bb500a5311092e1
ecshackweek_impedance.py;3ea16dc38f50a2f22796bd76cc77631fa8cb4f05
ecshackweek_impedance.py;3ed2ab12d6a9457190fff914fd438029d9a97a20
ecshackweek_impedance.py;3ed3c726e396dd5a597b068f9f01b9d230d7d8ba
ecshackweek_impedance.py;3fab5c8c18bc4657040f2fce48a974c3e27186c2
ecshackweek_impedance.py;3fe08ce65cce8899eafaed17ee866536e395baf0
ecshackweek_impedance.py;404afca402810258979e4882d3ffbb20b0e13a14
ecshackweek_impedance.py;407d976a8156a11ac81d858e2d02f03dec892602
ecshackweek_impedance.py;40b87a93f5541d29e808f3c9e7301d839ef9d635
ecshackweek_impedance.py;40c613f70054f19b2fa93b6828adee907c489857
ecshackweek_impedance.py;411a7db75c31b106ad6ee56626cdf08af706d057
ecshackweek_impedance.py;414c33756ef62ad087b83fa7af59119d8995ca0d
ecshackweek_impedance.py;4174f447b55eb0f2764806f99fe95c75ac4a84de
ecshackweek_impedance.py;419de315c3fcf19ff38154d9f9e0c4db14e64f1a
ecshackweek_impedance.py;41d00fbdb053beeb8ad9b06113b24668a94fa48c
ecshackweek_impedance.py;421981c270044bf11acd068f08e76dbed887d66d
ecshackweek_impedance.py;42b22e4fdff8b9341530b3e61067847195b6de22
ecshackweek_impedance.py;42d0551127479da576bad08202261bcb43018f66
ecshackweek_impedance.py;42f4a4f2136bbb1f8c19d935a1aa5dd46cc64319
ecshackweek_impedance.py;42fd77a642b8a7c3e2adde5a875371b39844ff19
ecshackweek_impedance.py;431ecf8ed1d9aa0ed400aa89e7667506de70849c
ecshackweek_impedance.py;4333007118117d7c3fdbc7ceb279f5dbb71bd744
ecshackweek_impedance.py;43dbe6c0e46b52d6e1dcd6fc68b989f357bb8a82
ecshackweek_impedance.py;43e567157da70a7a303957b2c45a8bd2bbdd22ab
ecshackweek_impedance.py;44323721d5ccd8cb6ee2c8245afad9f2306eb6a6
ecshackweek_impedance.py;445864870ad61d0fd668386281b9f519a4437144
ecshackweek_impedance.py;44c61233e6159d369946e991fbf639e6db4b9259
ecshackweek_impedance.py;44ff0ce5af88386dba8e6c0a3cf8c8af03eed394
ecshackweek_impedance.py;45525fdef46382e2109d7fc13f3f1bc422e11d37
ecshackweek_impedance.py;45646459b1550792cd73161f4fc6a78ca3b59b8e
ecshackweek_impedance.py;458e1c66bcd9704d220cd9a15b897108646a6804
ecshackweek_impedance.py;45910d08f23005222dbecf93e58b09fc323dc750
ecshackweek_impedance.py;45c576780b1345bf38785db220d0cc99bf1e4434
ecshackweek_impedance.py;45fd19d395ce0f9e77f7d0208c025cb1cb3f9125
ecshackweek_impedance.py;462ae3d43ba7a5fee2a961169ae0546d51298700
ecshackweek_impedance.py;463df381211197a74884c516e9e2800ce508a94d
ecshackweek_impedance.py;47079beb25175ede32192b897454b7906a4c17ed
ecshackweek_impedance.py;475f8ef7e07794080077740f226f9dd0f3daf1b7
ecshackweek_impedance.py;4774debaf0d38d0c3259a4e7faf2e1febaece9f0
ecshackweek_impedance.py;478b71a684637cd9cb530b66129d671a69c5e24d
ecshackweek_impedance.py;480533f9e7cda23ffdbce3917369e4b4dc82ccd9
ecshackweek_impedance.py;4805871a04e4ff1b9e038394b4e06613cb3a5da4
ecshackweek_impedance.py;48afa168f1ef259c3d5730d574c671729132ce9b
ecshackweek_impedance.py;48dadc8e6a24814fbc844f4795ae848ce1ce039b
ecshackweek_impedance.py;49675a2027fc4720b3506bb566602b3179edef97
ecshackweek_impedance.py;4969af9dfafc13d4e40e89f714e0926229c2360a
ecshackweek_impedance.py;4992ca3c6fb84fa298e606dd8a9155eea2eb11d2
ecshackweek_impedance.py;4a3c9be06c656e7807f5511682b2ee532794585c
ecshackweek_impedance.py;4a70bd640631eda33d754ad1399e3b510f1f4e0c
ecshackweek_impedance.py;4a8244eb77ffd76abfddde91610180cc21058009
ecshackweek_impedance.py;4acbf8ca2b8e58d1ec0a99d0c6ed36ac4ffc2ff8
ecshackweek_impedance.py;4acd560ecf20b8c697a286f7e390d4c1e39c44ea
ecshackweek_impedance.py;4b00a136ffb02374997ad2341efad89dcc662bcc
ecshackweek_impedance.py;4b0709203b6eda1663ee4d1dec710574ed2ca555
ecshackweek_impedance.py;4b2afabd46fdd62236f5e3a1d490136ac26b20b6
ecshackweek_impedance.py;4b46d5898a90782ff80c6b8ce57634ff9c68ceb8
ecshackweek_impedance.py;4b7834d472051c5387b98dccb903465850612bed
ecshackweek_impedance.py;4ba6398d7967cbe569f151b8cb1d484356d15d3a
ecshackweek_impedance.py;4bd72b360cd753fbc34902222f74633c733e6213
ecshackweek_impedance.py;4c830071f16c522bde74e0f1d596b6605cb254d6
ecshackweek_impedance.py;4c8d188aaa4859e424f12e3c61e6651df100e4b9
ecshackweek_impedance.py;4cb994fffa81bf304b8d8e824ee8dae0cb4f2505
ecshackweek_impedance.py;4cd196233fa4a645e5a74adf1c98df15cf4f97d8
ecshackweek_impedance.py;4d3616dbffd84347701421baf73e0adb957d9a94
ecshackweek_impedance.py;4d6a8e739093ab639c64e3ab5d60c4518047b8ce
ecshackweek_impedance.py;4e60c9ad7bb5f940beefdccda06369d481e6e8ec
ecshackweek_impedance.py;4e8a6de465300f7c6b5b52175130654c5af6a089
ecshackweek_impedance.py;4ebb78b245a950b30f91d353ae3173be56c02075
ecshackweek_impedance.py;4ec96dcb362d51c3e9dff36b0754e5c41761fb63
ecshackweek_impedance.py;4ed56b035d6001a7c130f1600da8aac0faea36cb
ecshackweek_impedance.py;4f5082ab1cadd9bce792e02e4c31bfb1d61c19d6
ecshackweek_impedance.py;5001030cd66bafce255516b2ef7b2f0c0174cd89
ecshackweek_impedance.py;507d8747d023b3a3378e16413058f9d744a03a40
ecshackweek_impedance.py;50aeca87f97363f74ad013ea79c179b6fa5dc047
ecshackweek_impedance.py;510049dcf1c18f5abf5f41db5ad0c0427e40e89d
ecshackweek_impedance.py;51790799a4a75c1586b658c337856e1e225ea0f8
ecshackweek_impedance.py;51b1df6b419bbc1e27ec1cbbe95414ff0a1998b2
ecshackweek_impedance.py;51dc658804e790a774aa6f7ac86a1d857950a4cd
ecshackweek_impedance.py;51fc786e4925395e21d253def9de461a2b8b0bf9
ecshackweek_impedance.py;52085e13d154bc7d6235e4ba96fb31857e7812bd
ecshackweek_impedance.py;52599cd3ae3196f9e4ecb0d03a8374dbc06a4586
ecshackweek_impedance.py;52745f45810e6b15d4e0f6abfb309817d845fbe8
ecshackweek_impedance.py;527725588b787c9ce54bc4317bd4b6d2c0400225
ecshackweek_impedance.py;52817c9b89856ca9ee79bd7130784cf6a4663500
ecshackweek_impedance.py;53132b93de0f304649090271fb3f44a517f49e97
ecshackweek_impedance.py;539c99061dc919600240a8b197d1b8ecac74cc08
ecshackweek_impedance.py;53a571a1391df876aacd723cffd727ecae948058
ecshackweek_impedance.py;53cc23855919e5aac523241f8eafc03b949854e0
ecshackweek_impedance.py;53d9f9778b5ae4d269003e1ea419e3632fb2204a
ecshackweek_impedance.py;54cf4f1487dc6fa3d11a745802333a5057e1a3fb
ecshackweek_impedance.py;54eaa6a6c43c81767d0aad94f9a15898526d9c89
ecshackweek_impedance.py;54edfe3d705060bdff2872d7577aeb25b0e307b0
ecshackweek_impedance.py;54f75c5a6678c2dcda2be9225c1e5bf9ddfc5817
ecshackweek_impedance.py;5518929eac81c178e5e304cf71cb0adf2d98ac41
ecshackweek_impedance.py;55283f0f9878aa9df922e772f5dda1d27322e435
ecshackweek_impedance.py;553805e2c5c07230c1e6860d448364b32a1c527d
ecshackweek_impedance.py;55753cdbdd5f151e4052ec63a3a2d39c1f1acc8a
ecshackweek_impedance.py;558b51c6f97166e3fc5823886993e4b6f2c4e914
ecshackweek_impedance.py;560d8999d0a90e6a51029843329dbc29f316445d
ecshackweek_impedance.py;5634da542e400c6299d7ad0145762e9d01c7df54
ecshackweek_impedance.py;5645c3a2f9fca38e9a63ab6545ac2696a35565b7
ecshackweek_impedance.py;565bcfc3c81178616a2f1c361a86b89994c7e78e
ecshackweek_impedance.py;566a995325745c6c07542c19cbc4dc26f604389f
ecshackweek_impedance.py;5681bde2dc74dea317cba6068f89b54df59b9029
ecshackweek_impedance.py;568a19240b1d158b53cc55d5084d541ca57af1bb
ecshackweek_impedance.py;576f51fdd6c1de0338bdc3dcbeb332f946fe452d
ecshackweek_impedance.py;57fc8d9236fc6d2e53ad5d9dafb2d6c2910c26b6
ecshackweek_impedance.py;5837a5dc7b8e8124d4d035016b25fcfe4884bbcb
ecshackweek_impedance.py;58795cb0fea9756df0ea2a7e471e1bceb52d42f3
ecshackweek_impedance.py;588b1d4fbd9c1b16cdcbd3006eb56119c615c0b1
ecshackweek_impedance.py;58b24b781477c94a67a249f4dff5f2e0dcf767e9
ecshackweek_impedance.py;5911ea0b28bf77cf620f9ef2dc9e9ff5e8127feb
ecshackweek_impedance.py;5982853f90be166324595305e2a666c31812370c
ecshackweek_impedance.py;59c242688dc7304738d892aa6a65a1bb7148a76f
ecshackweek_impedance.py;5a227182ee6e3b36d574eb2441baa1f64996a504
ecshackweek_impedance.py;5a4eb96b7ceb04fe494dbec2eb113604d71db647
ecshackweek_impedance.py;5add59c16c0fc5a9d39159dbc28e309237094050
ecshackweek_impedance.py;5aeebff0b93c27bb82ba469edcc012f25a291ff9
ecshackweek_impedance.py;5b3e87eb1ddf33dcaec3a355aaf184c032f6c70b
ecshackweek_impedance.py;5b67793773c86e93c6a51bba227e73632db62d24
ecshackweek_impedance.py;5b821d42d321bc720a629540a550c72ce970d359
ecshackweek_impedance.py;5c36be81af77bce50d9dfdd6dbe73f2dd17c3cb5
ecshackweek_impedance.py;5c6cfc8247df2a23b1099e790934d3c9fcb33a74
ecshackweek_impedance.py;5cbd2d5cf500e5a4ed20da83b8774d765e249a32
ecshackweek_impedance.py;5d5e42ef90d1474fedf37ad11b8250422debc903
ecshackweek_impedance.py;5d6fa1f48fc7b091e3088dea90be14fd1737ab92
ecshackweek_impedance.py;5db5a0ffb269df3e1ec61f66cf06e7932ced6743
ecshackweek_impedance.py;5dcd3eb95690c116dbfd038ac15080819a8dacd0
ecshackweek_impedance.py;5de310b04f20341ed41258b9009338a06c40ebd8
ecshackweek_impedance.py;5df719f3a0d7876021c7db78da68502d51f07907
ecshackweek_impedance.py;5e343c35e12371300c97debc4509554d2dca943c
ecshackweek_impedance.py;5e6dfa2d4b17937e291c6d73cab75bdbae5ecbce
ecshackweek_impedance.py;5e785338a92c08b135539f1da781e3a74315151f
ecshackweek_impedance.py;5e7b4b43901a390199e68ebaa15de7187e8ece5e
ecshackweek_impedance.py;5eafaaeab3f350bb7ca8814870ddd1f125216eab
ecshackweek_impedance.py;5ecbb824c39bdbfb926bd5a81b349eff5b8e656b
ecshackweek_impedance.py;5ed337b4ac3b30abf751e3f4225e7d1d7b839bf9
ecshackweek_impedance.py;5f2657c9aa76a4d3b347fed81eb9311f84c4cd0c
ecshackweek_impedance.py;5f477748ee9476b28c6f6a3b563aacc181c44f32
ecshackweek_impedance.py;5f571534fdb87d7f767912c9beacec5af7b3b8a8
ecshackweek_impedance.py;5f8c995749ed4fce45377e64d06d46a22f751c64
ecshackweek_impedance.py;5fd9102e946722c11d86baf889c68ff467c8aafc
ecshackweek_impedance.py;5fdfb7fa6a500e646d75e7fbc704d77df024c16e
ecshackweek_impedance.py;6013e4c90654a767d0a5bbb27d1ce79984c64ac5
ecshackweek_impedance.py;601f400da68878e7b69ad2f4bffade9f388ab20d
ecshackweek_impedance.py;60bc1b7ffae4b9318674c72d0521830f3dbb1580
ecshackweek_impedance.py;60e2d2426e0cf69b3e01a6a742fa573db8e77fdc
ecshackweek_impedance.py;610695fb1111d650eef4f5d358dec471724ec6fa
ecshackweek_impedance.py;610a0f2213c663b35b7a7061c395e1e15c3fe905
ecshackweek_impedance.py;61394e2b23f05ce0461474b005ee32dfe1f653fe
ecshackweek_impedance.py;6164a815e6d2dfe88b52b71a7abede93c7d3292e
ecshackweek_impedance.py;617ffe41036dfd9d2ba4c8ec36b887992a777ca4
ecshackweek_impedance.py;61ab30bae7677143d556cece7122b549a72cb8ec
ecshackweek_impedance.py;61b8331d841b6b6948d726fdeaa17e3043da9b8b
ecshackweek_impedance.py;623f71190339615fda3b2ddc402236eb4d604079
ecshackweek_impedance.py;626a2250d765876c97e43eb1f31fc8ba3527fe80
ecshackweek_impedance.py;6294bffb531197abe1fe7fbd9ba3e0b3ce5fec83
ecshackweek_impedance.py;62caf5bc2a38b2cd7f37a069517f737cb87299a1
ecshackweek_impedance.py;630c65bcf7461b369834534b79ad2461cdcb13c8
ecshackweek_impedance.py;63533977d909350caceba1281662cd67e41ad698
ecshackweek_impedance.py;637ba3be00486a7c51e68ec8552431d1c6a0ea8c
ecshackweek_impedance.py;6384fc72a3f50c274d5b17fb88702bbbdb475770
ecshackweek_impedance.py;64328336f5b2e6873df6073b435a62735df9aaf3
ecshackweek_impedance.py;64cb8908ab8fab9fc5e35da92b269c56e3728287
ecshackweek_impedance.py;6536a9b9184be1e7c6df20d9de76f05f94bf15ec
ecshackweek_impedance.py;653cc158ee24da69e61434314f7e5a32c847ef04
ecshackweek_impedance.py;6545e1ce89e0c941f31ea2189625ca72eaeebbc0
ecshackweek_impedance.py;6579cc55c02e692059108169a1fdb7071368bbf0
ecshackweek_impedance.py;658d7f2592fb3e130514a89723b90cb0bb393e3b
ecshackweek_impedance.py;65950fbaf4bebac167b4365bdaff894aba59fd19
ecshackweek_impedance.py;6599e4231c78f2d2e8924c8e5d3cc8542e1bf585
ecshackweek_impedance.py;65c3d6a0de7e4cd7eb6fc50e087c1688489ee206
ecshackweek_impedance.py;65dc3791439f1f66d3b183b04fc9f96e2be095c8
ecshackweek_impedance.py;66940a6b5746cec5f7c074629e57c130778fc939
ecshackweek_impedance.py;669c3c21c96304af1e4cb8e8e269fe775f40b1b9
ecshackweek_impedance.py;66b389cb818be0f00fd5584e100a651c73005375
ecshackweek_impedance.py;66fed660fae6d046f1dc2a5da92088899d493287
ecshackweek_impedance.py;67792b9956158df3287aa53c5bbc0a765c324586
ecshackweek_impedance.py;67ba8a47869c7297708b2ee642c02f70a609395f
ecshackweek_impedance.py;6805fd17389e0f80d3a1d024d283bc5d9269db4c
ecshackweek_impedance.py;680f203f966c5a21439066519c675910ecf2e730
ecshackweek_impedance.py;6811169e2328c4dac3f25c551589471716e21736
ecshackweek_impedance.py;68e38c2d27698a43e38944e32cf0df41b5347489
ecshackweek_impedance.py;691773f75526d92212a80261a324d413d881e832
ecshackweek_impedance.py;69338c94512439b018fd64b2ea53a62497c59aa8
ecshackweek_impedance.py;69dbe84682d76f7ba36e2825d2ecf539b847a578
ecshackweek_impedance.py;69e9508ac4da1b05668a8cf8a835784ced62fece
ecshackweek_impedance.py;6a0b939257eae5277604795aafc38726e7f5782e
ecshackweek_impedance.py;6a269c4ef79b27cf52d1773fa6a8041af497cce1
ecshackweek_impedance.py;6a28e6cfecd97f36ab3f73eb32f0a23562d1a533
ecshackweek_impedance.py;6a31cc91fa42d344da846ecfe157762245028009
ecshackweek_impedance.py;6a72c280a6111235dcaa24ed1d2f5dffc2a46b77
ecshackweek_impedance.py;6abfc5f7b160d288fbbe75ddde71bcc8284423bb
ecshackweek_impedance.py;6b65dcdb85bea499ecc1173976f1bdeec4e2816a
ecshackweek_impedance.py;6b80b4129115e246adb90f2179d088f3ada5a5ff
ecshackweek_impedance.py;6bae62a226e9accddcf4f524c4d6d802bfb3449c
ecshackweek_impedance.py;6c4b36ebec7e2812c96b588144b81d2ed62f32db
ecshackweek_impedance.py;6c692dbf142cfe011e4236996b50de1b4d828dc0
ecshackweek_impedance.py;6c999392977466202889362bc47cd8b2fb63be67
ecshackweek_impedance.py;6cbc6fc37aaf8127ee3106c1d55299a0c92592ec
ecshackweek_impedance.py;6ccc9fc6d32e7a88f8bd1f207832029bd3b1e365
ecshackweek_impedance.py;6cf41026fe8ef3f175294e7eddccee79a036244b
ecshackweek_impedance.py;6d0131eb14c2e8df98b07b80eb683ec59cd606c9
ecshackweek_impedance.py;6d4a8c1f53512e837ab744f27c7684cf233440b5
ecshackweek_impedance.py;6d802e964d8965778cc5af854f2265fecfe63625
ecshackweek_impedance.py;6e71616fe0f5b38de0095a2493a363c4a66af57a
ecshackweek_impedance.py;6e795704693a2bf588df370ac50a14e2f7be94e8
ecshackweek_impedance.py;6ea97acdbd65e34fbf9849b9dc8e21012b815b56
ecshackweek_impedance.py;6eb5392e9622b10d02b3fe1e9360cc91c9af1fda
ecshackweek_impedance.py;6ebc1eed9e62873ff2b79ea4b9dff432731003bd
ecshackweek_impedance.py;6f48265d611b7e1be116713505d6de5c9a97f3c1
ecshackweek_impedance.py;6f9af94ebed08c3a512d8ddd949d9b2a79834ad4
ecshackweek_impedance.py;6fd722b1f2fd8b8e0030e4a6a255c5e38d86f046
ecshackweek_impedance.py;7033bf85b867fb742554b630d023e8406f7aa124
ecshackweek_impedance.py;7045b8fcd064023f8f208f33a71a284d9a4afa76
ecshackweek_impedance.py;70540dd0729ce1c4600657bf4c4666a17ff56abc
ecshackweek_impedance.py;70654d0014a8af36e595a490a68eb499fac5d55d
ecshackweek_impedance.py;7078a35bc1880be8eb0734680838e9f6f9eccbc1
ecshackweek_impedance.py;7081dcd2c290c12d30745fc75510521c58c35ce1
ecshackweek_impedance.py;71181746393e6aecad7576dd1fcd9cc490553282
ecshackweek_impedance.py;716d9913c9577069617580fa781d9a51e2384e74
ecshackweek_impedance.py;7171c04f481911ee97e72be9414f09cb645a4036
ecshackweek_impedance.py;71c6b2355768c7855f8d084712ef178d4329ca6e
ecshackweek_impedance.py;72178b55bb2cded0139c9aed32a3d6a05929c355
ecshackweek_impedance.py;7235bebf885a592b5b1817fab004dce32648238c
ecshackweek_impedance.py;723c77da9eda5bbb3156b046ca609c3c2b728bda
ecshackweek_impedance.py;729a992b0438437da9313562e324fa5f09b1bb2f
ecshackweek_impedance.py;72b57cdd48924bab2c41938382bb5da7788368eb
ecshackweek_impedance.py;72f7c15d2428d41a5e1d6a37ade1ab43a8fc136b
ecshackweek_impedance.py;72fb2df0fc0a7b916eba28fbd620412ba21accd1
ecshackweek_impedance.py;730036e3afb92dfe595e3dd268c667105a42eed8
ecshackweek_impedance.py;7384f0a51e21cc5c3951c99278ad1f0d5c881807
ecshackweek_impedance.py;73fe2ab411609d9acdc812719d8304f79646d034
ecshackweek_impedance.py;741f406f397103051741f4848cd23a7355237101
ecshackweek_impedance.py;74226f5f211212f098fd00c5a9cd0e0d45d1709b
ecshackweek_impedance.py;7443e2fee4ec8d12922f51d56222cc48fad2181a
ecshackweek_impedance.py;746741a5b7a917eb54a692b8075180962980751e
ecshackweek_impedance.py;750ceacb1d1584fc91ab0ef020ef353c68e1a838
ecshackweek_impedance.py;7515982109f9a32433f0a9f949ef7477fb0e77dc
ecshackweek_impedance.py;75715b17fe0cfba94e0f80021af748a3423aa280
ecshackweek_impedance.py;75dd27f8651ce8a1d96a6e251fcbff2d9e62c1b7
ecshackweek_impedance.py;75f035d99a280531639fcef676e9c643b9f36242
ecshackweek_impedance.py;762efdc1540781dc2b74232721679a89370f39b6
ecshackweek_impedance.py;765f435514a0a4d7a1131722c8139e974977a72a
ecshackweek_impedance.py;76fd9c7b6c2b3ad87ce2ea8450cade402e9b3709
ecshackweek_impedance.py;770b3cc57b2a9c32712b1b511f12ffb2adfd1350
ecshackweek_impedance.py;77f3c3b2b611fb83cf01e4bd7de912e74547053a
ecshackweek_impedance.py;77f51f39e04942c94a1003085482416a5d0bd56d
ecshackweek_impedance.py;78a2018c5b68b1760e6aa5549888a8c282ce26ca
ecshackweek_impedance.py;78dba95bc52b8c87fc07c0b151cf881c56f6f9c7
ecshackweek_impedance.py;78f7033ef4b72bb51b5434e20670c5a69650a943
ecshackweek_impedance.py;78fd7c5c291dba03491e0dc59b898838539d4c28
ecshackweek_impedance.py;791ac364554ff9b734df0486ff473be8e53a1c35
ecshackweek_impedance.py;79c64c4152345e6409edbebf4a34ffb86b714abf
ecshackweek_impedance.py;7a3e18aa3e286631226180f7487820a8050d0e61
ecshackweek_impedance.py;7a6c20c1454bd8ce1c0f8deeeaef513af2488ee5
ecshackweek_impedance.py;7a93518c5aecf311a1643415f9923869e93a9aab
ecshackweek_impedance.py;7a96043f64e205f2c58153f5e9cd564c6f59f980
ecshackweek_impedance.py;7aaf6be54b50144d93a1851e940368862e51b421
ecshackweek_impedance.py;7babd5a74e9e7bfcf706c1720c4a2ed85bae98f1
ecshackweek_impedance.py;7c1abe4f425e9addc3a386b8df73400ae11728a7
ecshackweek_impedance.py;7c2e49a5082e54c20c1a24572d4a2ab632a4df3c
ecshackweek_impedance.py;7c3b8755128ed63fd7940743afe79c7e35922f69
ecshackweek_impedance.py;7c584a42e8c437052b1bf8b74ae13a17214ab6e4
ecshackweek_impedance.py;7c6b041d7b1628a1b03ed63059ae58e557f84b16
ecshackweek_impedance.py;7c81b149890f62493fddb928913583bdc9a3a6aa
ecshackweek_impedance.py;7d43755a3d719502421f4539d355011f7a8ce098
ecshackweek_impedance.py;7d558c7eee46688c9fc9ac1a756d982f85250688
ecshackweek_impedance.py;7d813ef6625545d279780ac89c7a452c5af27f55
ecshackweek_impedance.py;7d846d998885b7f7613dd6d335f6be43bef62549
ecshackweek_impedance.py;7dd01cea5f2f65cbf1d18c1f9a37a8782229b431
ecshackweek_impedance.py;7e57dc7fddf5bc15f8176e80a0c59a5bb5f898bf
ecshackweek_impedance.py;7ee36060808f5831adfc756b8bb666c92b515d94
ecshackweek_impedance.py;7ef820c94897a5a5e4a3771849d2a8210a018fd6
ecshackweek_impedance.py;7f4590b0176633e2e42d854f6db18789d71eac0b
ecshackweek_impedance.py;7f4b46a7cb7bbce335718b58d1e8fe76a7b86443
ecshackweek_impedance.py;7f4d2ea114829cecd78b618734395531074aca20
ecshackweek_impedance.py;7f6172b55fc39e040339e4bf84413d128adb0038
ecshackweek_impedance.py;80087aaa0800b0db49cbb41266818562f417a570
ecshackweek_impedance.py;800d260643a508d74c618ab770934c58c11f0cc9
ecshackweek_impedance.py;805d545d0402b7b83a031df90b6bdf07746c4a88
ecshackweek_impedance.py;805f12e6e2e0d9847304c5d6d4e14cd9233366d7
ecshackweek_impedance.py;806edb3ba64094ba5c3cde27805adbbd91402bce
ecshackweek_impedance.py;81b2474d9c95f521734f9ea88d613633cb1925f7
ecshackweek_impedance.py;8214f36e85d21d6e9a314bb6b7b6b741c0090d71
ecshackweek_impedance.py;827d47b8a34b937b2f6902b197c4f461c330c02a
ecshackweek_impedance.py;82b56542c51b929884b9ee9373d8df94d177d079
ecshackweek_impedance.py;82c8099c14726bae62bde61b08929e95205248b1
ecshackweek_impedance.py;8310df19712c03b0cd9805e6f9d3d022f87e3249
ecshackweek_impedance.py;835046f9a915ed375886c076b37ea4609d601955
ecshackweek_impedance.py;83900f342888724a728ec47072baa7d2c09656b2
ecshackweek_impedance.py;83cb658d29e39928dcbe3154bfb7c011f317136f
ecshackweek_impedance.py;844eb62045552b257ea8b475b6c845b1d3c0da4c
ecshackweek_impedance.py;84c31336fc27973db482b62149e2bf94fd9ffaae
ecshackweek_impedance.py;857370ce794038661ab61c8a9203330003baab05
ecshackweek_impedance.py;8590558757c07595cba703a5d12d6ecf3c5c0cd2
ecshackweek_impedance.py;85e569f51a396dacc4a729a07086c5067bf4bc25
ecshackweek_impedance.py;86377cd955d63c8e9b464a94fe39ab512eb25bf6
ecshackweek_impedance.py;8678c98b8034eee5e1dc8445f410cd5653ec0100
ecshackweek_impedance.py;869a503eabb294eba48486c86e5912ce70028d5a
ecshackweek_impedance.py;86fc43e377012841e9bb1a6824ce377e7a03ec28
ecshackweek_impedance.py;872f71aabde2d23d7249148af94b1e83695f9ed3
ecshackweek_impedance.py;8738203bf4f28eb8a5afbf5ffb9fdd5d13c6e347
ecshackweek_impedance.py;87ace41842f75beaaf48c8988809d5504992b8f0
ecshackweek_impedance.py;881f830346adde406c9986af4925ace3f6df6927
ecshackweek_impedance.py;88482f6403d64b02e206894367e27c8fa0be3d97
ecshackweek_impedance.py;88ad61820579122a47ac8ad2ca28ec81bd1ae6a5
ecshackweek_impedance.py;88bd3356fb166261df773ffdc0fc6c444127662f
ecshackweek_impedance.py;88f300274e4edde392466bfdee27c3a57d6b10bc
ecshackweek_impedance.py;89521aa59d6b28d84ec5bae5ec36f3caa89a2e5b
ecshackweek_impedance.py;8952874475da2d7126d895a252d5197d92330a59
ecshackweek_impedance.py;89720c7a0aa73357db5965bfd86ce4919318088c
ecshackweek_impedance.py;8995fef3991ef69d7b7286bea2b7309af02cca8f
ecshackweek_impedance.py;89a5f659e35bc24ec1dea10b64b309c846e588bb
ecshackweek_impedance.py;8a29e65099279fc489f1f54892327dee67328e50
ecshackweek_impedance.py;8a4f71e1920c28123f602681c5750fa478bf957c
ecshackweek_impedance.py;8a9df33ce1fc5525435a0c4a14913515d348c8fd
ecshackweek_impedance.py;8b563fa95829456044791b95e7bf67608fb16e17
ecshackweek_impedance.py;8b5f70dacaf925825ece700719b24c5d3e3aa3a1
ecshackweek_impedance.py;8baeacf352a5fef157fd8d5cad601c4c3e7e02c8
ecshackweek_impedance.py;8c5f59470e029b8afcd6e3112a29f671d8465dde
ecshackweek_impedance.py;8c901bdedcb4780449ea132b51ab76760448138f
ecshackweek_impedance.py;8d366a2754c2e1755f9a7daa4376894f580f7c9f
ecshackweek_impedance.py;8d425acaaf53a4c3240d6a7058fe096d2fc3ba76
ecshackweek_impedance.py;8d9a4def34210ee0d75c279204dfffd59684dfd2
ecshackweek_impedance.py;8de84e66d78e5e36c53eee78aeba79c7cf995e95
ecshackweek_impedance.py;8e00f56d2abc6bc706291f197588d21ddb5155a9
ecshackweek_impedance.py;8e05ad2b429e6c19b1f09a34e68ca15af0898d50
ecshackweek_impedance.py;8e252c4a4346a2b63bb0f9972e54deec64ea6fd9
ecshackweek_impedance.py;8ecac5bd4d3cc95ab068d270d97ebaa776f7a2ec
ecshackweek_impedance.py;8f35aca461fa3c09e93aa9057f3bd89497d28951
ecshackweek_impedance.py;8f526aba14638a05e276c6fe3a6bd8f96d9a696f
ecshackweek_impedance.py;8f952ca9f71635124f4a20c693bff81a9ba6a0a7
ecshackweek_impedance.py;8f9b642690f0235e1bdb64893694e22ba58525d5
ecshackweek_impedance.py;8ffacb4a882b96f456a6d35a92dd1b9d289088e6
ecshackweek_impedance.py;90b257a5c9a26bb73e3e4ec2e013c45f0a8b33e0
ecshackweek_impedance.py;90c1d29811f1e4708cd5b0632081bab0a7aeccf8
ecshackweek_impedance.py;90de8ece9a3c06d79623c6cebc567964f26ccf68
ecshackweek_impedance.py;90f25dd50c7321d97faa8115b97d3f29a392f13e
ecshackweek_impedance.py;91921df0089c467dcb878725f59a356ad7854e05
ecshackweek_impedance.py;92355ce33c738eff92c5eab6e2f9cef525af530b
ecshackweek_impedance.py;9249d1953278196b7fc47aa95a62480dd7970747
ecshackweek_impedance.py;926b422ce55d6a604252be62eeb09451d2479d89
ecshackweek_impedance.py;92adfc22061202d666d4843e9ac913759a7595b7
ecshackweek_impedance.py;92c0bdd8ae33eedd01ff2dd9a59d18033e047155
ecshackweek_impedance.py;92d2aff9483ba1a7fb86792e93bbb23a39a7dbf3
ecshackweek_impedance.py;92d7c85e81bfd7075f11785e0e0f763d02c20cdc
ecshackweek_impedance.py;930d988b9a12cfa70883bab2e11c8ba72e54b9f4
ecshackweek_impedance.py;933c2fdccf5f0dcf614ca525990566260f584ce9
ecshackweek_impedance.py;937653218eee9db62dbb756ac190e098d9f9ef78
ecshackweek_impedance.py;93b611763070ef999f882aae63b2bf4af9864a16
ecshackweek_impedance.py;93c8442ef3bd0d4b3471e756a34c02faefe5742a
ecshackweek_impedance.py;945ab35d52632a491d4c54b176a337509dc9f47e
ecshackweek_impedance.py;948ce8c51b0b84b38a010f4799dbebbb61a1acff
ecshackweek_impedance.py;94aa5f78c65f2a06d09d3c5b58b1094c025991e4
ecshackweek_impedance.py;953eeedb339e6fdc5e471ac43010f09c2f1737ae
ecshackweek_impedance.py;95725205ad755184aedaa90e758519ec0961375d
ecshackweek_impedance.py;9592bdb283be7e06f474ba6d2015a1079b26ec36
ecshackweek_impedance.py;9627caeb02d5a08cea99385134b6e8136f54e90c
ecshackweek_impedance.py;96380b031c7ddc4b6e669c5da5327ca2636c06ec
ecshackweek_impedance.py;963e94d16dbe698b008ab7851abc348f91e3aa2b
ecshackweek_impedance.py;96b1ecc38f4a1adfc378a2b298a5820f5e6062c0
ecshackweek_impedance.py;977df451755dc32a3dfbcf06e21022e5a20395c3
ecshackweek_impedance.py;97991e62b13602aa992f0a8f4941561d72b2fde9
ecshackweek_impedance.py;97cab54ebea56f0b01d54221d5e897a83dcaddc7
ecshackweek_impedance.py;981b748d0effa985966b55288804794ca33063c6
ecshackweek_impedance.py;98306ae3e168a669ef1ef0b932aa237f64b24c33
ecshackweek_impedance.py;98d1158ec59310abe94b12f736e6ed8b7a278bb4
ecshackweek_impedance.py;9914f48738883ba059c196d0331ca10abdee6101
ecshackweek_impedance.py;9953cb76b88e8ae0f154b7404641f4d894e51e51
ecshackweek_impedance.py;9a23167788a73f340913bab4690569cb059ad11f
ecshackweek_impedance.py;9ac62e1bf89a027e6a904681c4e046bbf24f0eb4
ecshackweek_impedance.py;9ae61306e72c92099d1232cfee95d800330f0830
ecshackweek_impedance.py;9aee7073c35a989300c398c09e3114b8692c1604
ecshackweek_impedance.py;9af2e8314af8e8494fceffff1ab99a1e0eef25c1
ecshackweek_impedance.py;9b42380211eb234f42aa0e0653b81961cbaaacf5
ecshackweek_impedance.py;9b9030835186a93916ec98a66af8d0a1769e808a
ecshackweek_impedance.py;9bb9c12097739c0553d2c67dfb9731ff69900450
ecshackweek_impedance.py;9bf6f8c36324e09f461a9cc69dee1cd95f9d98b3
ecshackweek_impedance.py;9c28fc43bf1b9bf2ee230722defd8b8921ce34f4
ecshackweek_impedance.py;9c2b715b697a59b2a2348c8bdf8e28f8e9ff820d
ecshackweek_impedance.py;9c641b25c0bd7dffba3700f2cbe09ce872b08617
ecshackweek_impedance.py;9c6b6f843f35940b6c091b1459d5ac121ffbb048
ecshackweek_impedance.py;9d115b34a72b84415f3030caacb345f02373d8cf
ecshackweek_impedance.py;9d3bab633d60c72c77057dd9e728278a52ec9465
ecshackweek_impedance.py;9d8e2fdc7c92fcc4cd0528808a449875ecf0a861
ecshackweek_impedance.py;9dab304af79541af1aba7c98a0a414345c9a014d
ecshackweek_impedance.py;9db926bb5215ac77f7fc5fb9fb37829d09296ee5
ecshackweek_impedance.py;9dbca0928c84b0e8750ff686ea1cf7f4f6b29637
ecshackweek_impedance.py;9e059388b97b9e6db9c99f8f14fcc677e0bbffe1
ecshackweek_impedance.py;9e8a875188a64ae6398d8bd7cc6bb9048c27007c
ecshackweek_impedance.py;9ebc2eee4912d78ad647526981b899d6f6b0f62c
ecshackweek_impedance.py;9f2fdfe83286e7d0337a5eed49ab0839e4a8cb98
ecshackweek_impedance.py;9f5fec7b1bcd429c5be18bad0348666649c983b8
ecshackweek_impedance.py;9fd17c75c5821c05756e487ec59c25327dde67a5
ecshackweek_impedance.py;9fee780c0d23e957bc45b2b04ff8ac0e0272714e
ecshackweek_impedance.py;a00c46f3a30f8f8dd4843c78852df29dbb97b89e
ecshackweek_impedance.py;a044e2248be2530ccd6e7c2e4cd2782c1d8afb21
ecshackweek_impedance.py;a04cb6faae61e7d53550cc72940e02d14366f940
ecshackweek_impedance.py;a05e7f039523ab63ccd44a992727e2a5335e84a0
ecshackweek_impedance.py;a067170c0e80815d0633f82a360d27e05df32d8a
ecshackweek_impedance.py;a07f31b3b01a5b4881cc953b18ecd22083cf9407
ecshackweek_impedance.py;a0a48ca3daa087be855d7c35e27a3d85d58fa8f5
ecshackweek_impedance.py;a0e6e4e3e919ed0c84ed5860b7585c6390209fe8
ecshackweek_impedance.py;a111cf3559e88e46ed4b0f5ded378272daa5f093
ecshackweek_impedance.py;a1618e810ef90b70db681a2a2230134f6e80e272
ecshackweek_impedance.py;a16501a5c20286b8cb89e94227b28d9f1e9649e5
ecshackweek_impedance.py;a19fdbaeb727b6d3f5b0a38f856d252ec926abfc
ecshackweek_impedance.py;a1d5ac325f576bc9242bf756f29e5c9d4172f25d
ecshackweek_impedance.py;a1e910d799fee3a0944cb520a56b82a1a9cc465f
ecshackweek_impedance.py;a1efe6b709318521e377153c234e9be066582dbe
ecshackweek_impedance.py;a21a2011b6e0ab56faee9806d42bac82ee3370af
ecshackweek_impedance.py;a29fc851121bde76b24825e600f8e1d81f815fa6
ecshackweek_impedance.py;a2f3a946f3db0c31ba49bd268ee1b05ad5a0ebf4
ecshackweek_impedance.py;a323a8a4b7cd788486b1383bb4b3796783cee780
ecshackweek_impedance.py;a32ae191fcc0752a3e2c006b744f3e5374b1afc3
ecshackweek_impedance.py;a3337645ec384e1c390dea54350deff1ec36d776
ecshackweek_impedance.py;a364faae1f0ced2ba4095fdee7a91ff3e2ba205f
ecshackweek_impedance.py;a37c9d90cdbbaf49a744c404946e1b58bc342c5e
ecshackweek_impedance.py;a3f8ff6c824bce55a4059112f4c0edcb82cdb392
ecshackweek_impedance.py;a43e656f3cbf9b0f9be4c419a177ebfa2a36e4ca
ecshackweek_impedance.py;a49a19dcbf8b76af02fb1f1822c5017a24252c90
ecshackweek_impedance.py;a53b16ed481c57cb2d3845fad58741e58858ed9d
ecshackweek_impedance.py;a60d58f687e5f3eaf6bf7f80e1b216e943b7d97c
ecshackweek_impedance.py;a63576004c71325508e2839f3658a8991687fb50
ecshackweek_impedance.py;a6cac70eef01fe5b04d6d305d4a7dd0255b6f31d
ecshackweek_impedance.py;a740c7051e0b412f7e6e382891173d2f912c5a20
ecshackweek_impedance.py;a789a0dd09ad5920b2bbed7539107895fd07c3a0
ecshackweek_impedance.py;a79eca823c1041b7f09457ad378d84108474e254
ecshackweek_impedance.py;a7a809541df4cc7416b7d691b3cfb2ce5abe80c2
ecshackweek_impedance.py;a7e39c410e1782fbfc3521ab7d8bf36496c97ff2
ecshackweek_impedance.py;a819020b11bd896c38e40e86315e6fb346c7cffa
ecshackweek_impedance.py;a81986006eb651acb1c60d00d037ec409032978a
ecshackweek_impedance.py;a86a0b8a5628eb3f2e3101a1169c8ced3daf3fc9
ecshackweek_impedance.py;a87ddae1bc41577d330d5ab744072fb7a65a2397
ecshackweek_impedance.py;a8a922e3b9c940fd711c7e02bf37b93415e66ccf
ecshackweek_impedance.py;a8b18a2ab010d3d6827245ecaa746a538cb113d3
ecshackweek_impedance.py;a8de44d633d7713ae764a59c7453d2a0cc4f0bfa
ecshackweek_impedance.py;a97610ee285aaca601b9dd74c126d550864db78d
ecshackweek_impedance.py;a9cde549501e0df95e493b364a9f2bc26fc6b900
ecshackweek_impedance.py;a9f20acaa34967c2890cb57c29d7ef10c46b6b91
ecshackweek_impedance.py;aa370380580ed4e3165a8ed8b49b15e3c48ee392
ecshackweek_impedance.py;aa69b88d9d4da49dd9a0dd789b1112ee9b8435d7
ecshackweek_impedance.py;aa8f731f9ea1d0233c499b224c19899d7e9d016f
ecshackweek_impedance.py;aaaadc661a9828260d720fdf7c650fb788e50fb5
ecshackweek_impedance.py;aad404cd058869205c2bade867ce43dfe7a2835a
ecshackweek_impedance.py;aae2601fe98a496cd25ead6f56a3829f637296a6
ecshackweek_impedance.py;aaf7f06a80f08facd1bc9abbecbbb0b64adb4abc
ecshackweek_impedance.py;ab5955ffc2d118046af41e84d64de6f9afeee535
ecshackweek_impedance.py;ab6a2f56fe2244c4ccded7c5426557dadecf4752
ecshackweek_impedance.py;abac2c5350e1b8a0fd75cbf9cab13cad50614d65
ecshackweek_impedance.py;abc30162a57cdb3ae1ee3a5340b07fd434ae4595
ecshackweek_impedance.py;abc4c8536a07601b46a9db5f246d6d724943b4f6
ecshackweek_impedance.py;ac02a6b40e8c3b3dca05fb7d7ca9e089c70912d6
ecshackweek_impedance.py;ac66edc86a8deaf72320197548fbd25603a5fc35
ecshackweek_impedance.py;ac708671b07ec170f2c5a21ba73a2a04ac027666
ecshackweek_impedance.py;ad092a8f5eb54ecfacdf09a10e769aea49a62c95
ecshackweek_impedance.py;ad3c4f2fe3eb0cd6fbb4d9fd18f764c81bc278c7
ecshackweek_impedance.py;ad47c620503dd9fb90c0e3a5f25b8f492a4c2d63
ecshackweek_impedance.py;ad6af707a00f41cf980f5f9db3a222e1d1939ba3
ecshackweek_impedance.py;ad8c9046ed1ff1732fe877788130bf76acd88979
ecshackweek_impedance.py;ada3b4e16caf047c0d88ac2314050f3b98235b4c
ecshackweek_impedance.py;adbbccfa2a02546d33d513dd035d9d11930a3709
ecshackweek_impedance.py;ae249b4984168a9020c995142bd1a942b5c64a07
ecshackweek_impedance.py;ae34119ffb2e2e8cdc0d3d67232994acf0f0d2a6
ecshackweek_impedance.py;ae7237cc5b49ea8bdab4264a2b1872c25816d26c
ecshackweek_impedance.py;ae83e9b9ca7ebd65ad5623dac2e60a287ac1f015
ecshackweek_impedance.py;aebd4208fbc0c08b9df8af97c6f8345cf3c934e2
ecshackweek_impedance.py;af329ace7f619f8c8d4e4f0b9fd6b5500a9d70bb
ecshackweek_impedance.py;af661b562c96a00d94612ab232f5bb3a79fc6164
ecshackweek_impedance.py;b0353cfb39775fc2974d13385a1a23cba5c77ac4
ecshackweek_impedance.py;b0589daeb874e5ada65505934013d6ac703c2fea
ecshackweek_impedance.py;b06049efb067566ea40c0339b0912feef9a65ad7
ecshackweek_impedance.py;b09af500e6beca8253cac2d0a81742e92c5d6f96
ecshackweek_impedance.py;b09e1232e0ae3290300bdcbddfee5983b0293191
ecshackweek_impedance.py;b0a31cc3479c29ce08a5614667efa0e1db795dee
ecshackweek_impedance.py;b1838632b1f00e1ea933be952a1a40e28ea56f0c
ecshackweek_impedance.py;b1926a7a9898f894387e598869405bd840254895
ecshackweek_impedance.py;b1d5f4bc4b9a6ecc832b73e786b95c5ba7b6deaa
ecshackweek_impedance.py;b1e3c89fdc9b71057c5edb3e8e17208f41757591
ecshackweek_impedance.py;b269851139833300145efcf5a5636493333bacb7
ecshackweek_impedance.py;b2ea8701b3e720ef0fc4cf820cf5436f4aa7acbd
ecshackweek_impedance.py;b2f234bf6c31d3b95f6dd86fcf5d86c110e79770
ecshackweek_impedance.py;b32a3148cad6eab93340cbc24b3260135e251ebd
ecshackweek_impedance.py;b37353ed118dc523ba4d1682c0a2725c9e3bc461
ecshackweek_impedance.py;b3e7ee20e18d6bbc11c68149eadbc698f56e4ba5
ecshackweek_impedance.py;b3ec3e5fe605579951eefefe6fcf0e11b2f7e481
ecshackweek_impedance.py;b4128a062e8667805c368d49ab0eec4b4e80fa79
ecshackweek_impedance.py;b471880c09f93ede6325e1e086cdbd87cb90ebea
ecshackweek_impedance.py;b4c82fb1c3a91918e0c7d47f2c1b3ebe113e5f62
ecshackweek_impedance.py;b5324e0b90fd1af9b52dc84aa54258b866b2f7e5
ecshackweek_impedance.py;b558e08456a3d725f494111f44ffe16d77094820
ecshackweek_impedance.py;b55a1045c85bc0ea061f29b342e3041c0759e5e4
ecshackweek_impedance.py;b58886b7485537b32eef6136730645940939309d
ecshackweek_impedance.py;b5a928e43b511a93495b22033982edb4e7576930
ecshackweek_impedance.py;b751119d548229b212c87a9d6c17606300c2f8f6
ecshackweek_impedance.py;b7b8f84d54f23209b4a94094507817e6444d9603
ecshackweek_impedance.py;b7f52f86c3188078dcb4f48ec6f0f8a9ccbb4c8b
ecshackweek_impedance.py;b7f69be097afef625794853086612fd4d953cbda
ecshackweek_impedance.py;b89d006877ce62b010091913832a41219016de02
ecshackweek_impedance.py;b8a61382c3b977a61337f49ca5fb6a3bbf850646
ecshackweek_impedance.py;b8bc4ba0003b362792e3313462b89ff6c03a9047
ecshackweek_impedance.py;b8c4106c3b22eceebea7930f0f33eb4607f78550
ecshackweek_impedance.py;b8f9526eaa54afd780a64fd788e6d4b81d61b47b
ecshackweek_impedance.py;b918c9ec2d3da7d813ac26139f49d0c256758cad
ecshackweek_impedance.py;b942f85f0f419271e95e63f9c2884277131a7adc
ecshackweek_impedance.py;b9586e91435262c22fc309ad5f9ff097d0c2d576
ecshackweek_impedance.py;b990006a242d478ad97ac14cc6e3078e084816c2
ecshackweek_impedance.py;ba2fc718dc94ebdca75d02aa69f08549b4a791be
ecshackweek_impedance.py;ba3e3cbee5845b445f57c55ea7035dcdd383509a
ecshackweek_impedance.py;bb71fceecd2755510092ddc40f072cf484f543a3
ecshackweek_impedance.py;bc299afa542d54881d7507ce0ea98801ad504f8a
ecshackweek_impedance.py;bc7139c7923764a0ab4f14fb57cd43b369706cfd
ecshackweek_impedance.py;bc82d524a9b71522bb25ee299b56395ce90339d7
ecshackweek_impedance.py;bcb91ebaf0eaac893ec0ed0718ca47ef0e5807ec
ecshackweek_impedance.py;bce6222ca47b70e593f6d0e681060aa80017db53
ecshackweek_impedance.py;bdac813e2251428f0cefe6f50a96121f8ff44fe6
ecshackweek_impedance.py;bddae0cca516ebcad606b6399ca9f3578f276a28
ecshackweek_impedance.py;be12c9a08daed2c43d8eface4c3b02d953a896c6
ecshackweek_impedance.py;becb844afaf406e56f3579213edb8bff2e8b7de0
ecshackweek_impedance.py;bf0104a87fc9c8fd6f072da6eeae249baee20453
ecshackweek_impedance.py;bf060c668faa6664cc8a2e5a98e1974dfe622eb4
ecshackweek_impedance.py;bf1de05fdda888d459cf631e2362207e4b1b29bd
ecshackweek_impedance.py;bf9386510809eae293716d07d39b360ed02b78bf
ecshackweek_impedance.py;c04a24267454129482ab94172e7402ff76a6a1a9
ecshackweek_impedance.py;c07ed3bec375cc3f7f3682d81c30394d5ec6afa8
ecshackweek_impedance.py;c08e8de037f98e8a5d886fa866ba066fbf180cab
ecshackweek_impedance.py;c109ff93bf3eca91efb79854a4cd1be5f28a7718
ecshackweek_impedance.py;c111e23d2b33ffa35171bf2bcad2f302a1e9d8bc
ecshackweek_impedance.py;c15afcf3689a917f6ce3eb0254d25c477cf158e2
ecshackweek_impedance.py;c1dcafe5f2a41e1b17a4e314f015089918baf4be
ecshackweek_impedance.py;c299e0026cf7059622416a740cb9887f034385c1
ecshackweek_impedance.py;c2e76bf671778b64215320327bd46c6f5a039667
ecshackweek_impedance.py;c3339a9caed3d9dd710f3a3296c9e2009ca5404e
ecshackweek_impedance.py;c38fe81d3ddaf18ec171287dc7857daf29eb60e4
ecshackweek_impedance.py;c439cabb2a3fd0d273964094c02209cf63559915
ecshackweek_impedance.py;c477201562ce8278c1eea24901168260f82d7d75
ecshackweek_impedance.py;c494d40170c7083357479fc47a5a3f7c808ff194
ecshackweek_impedance.py;c4a5cf30aa0fcbd522aac1183c617ef85b13bd0d
ecshackweek_impedance.py;c4f5f623a2c534a44552d5a8d980a2ba0880d7f9
ecshackweek_impedance.py;c4fbdb425c8c74a88c6dc315872dd33c60e34ce1
ecshackweek_impedance.py;c53ea8c98fff572121e2dd61ed27650c88df19e9
ecshackweek_impedance.py;c55c7b3c1b71f20ea55ce7e85ef10fe13423c7b1
ecshackweek_impedance.py;c5d69aad515a7dd62986685948b3deb0297abffe
ecshackweek_impedance.py;c622f512095a1d786a5afed7d7e7f82f4cf57a3e
ecshackweek_impedance.py;c64e44fffad07407fb621b1db92beff690fe4611
ecshackweek_impedance.py;c6b990633b8a343de708529b8d32b150e47e1e88
ecshackweek_impedance.py;c7315215bf3fad192ba07f2d3f749b4342a51424
ecshackweek_impedance.py;c7577f8966450a18c8bb9f794b6098a31dff0437
ecshackweek_impedance.py;c772e6f3b0211cad6e8fd856c6d08cd4c1317680
ecshackweek_impedance.py;c7ad0f383286d5f8771b2ee1a6b6eccea3b8e83e
ecshackweek_impedance.py;c7e07ac6f1b6ea72d9be0c6cf7d0798dc06f971e
ecshackweek_impedance.py;c7eba3fbe6ca07770636c56d07e1416a676e3dd0
ecshackweek_impedance.py;c8709c8797ac5db93d41dc92762b12ea069dc7f8
ecshackweek_impedance.py;c8b3ac01a7339abcf687a24c64bb72b98d9dc09a
ecshackweek_impedance.py;c8b45beb0d44c2fefb089c8ac5fa429ee3fd3767
ecshackweek_impedance.py;c96bdcf36e4dc6ae4b25655d28d432716066756d
ecshackweek_impedance.py;c9be3361d867f836ee7195b7713ad027d54a2270
ecshackweek_impedance.py;c9e7cbb45f18efad67a8125ab1ec71dac9f28a6a
ecshackweek_impedance.py;ca56df9f221dc0bfc8b2faadde31c15f21eb6735
ecshackweek_impedance.py;cb4cf40689faf688f704a6ccd0f9815f129958cf
ecshackweek_impedance.py;ccbc6313870d04f7ce846a3bbc34682635fbe2ca
ecshackweek_impedance.py;cce75859f733024ba79de30787113b40d06a7bf8
ecshackweek_impedance.py;cd00b6a8f11d0cb8126c9c4c42d03ace3d41c66e
ecshackweek_impedance.py;cd216567cfb0c7f9736f155c07c2804f9be65bf8
ecshackweek_impedance.py;cd978b1978b11ac2b231f93e5e802ff9e5cf8033
ecshackweek_impedance.py;ce06aa659f93b24807a9b2302d2141d23f171b4c
ecshackweek_impedance.py;cebd223cd4cd5113e3b181513dd3f80ba9130c23
ecshackweek_impedance.py;cf2b18ea841d4f5f86061c11f13d10142bab7d8f
ecshackweek_impedance.py;cf42532fa955de3c53078c927982aa89d29d6f31
ecshackweek_impedance.py;cf476642b98f216aaf25d07647b89ad93c49cea1
ecshackweek_impedance.py;cf6235ffbdfcb314420abcd1a7bbcf18cef58a94
ecshackweek_impedance.py;cf63337fa800ce768373163701bd175e74913f0e
ecshackweek_impedance.py;cf6e755acf5075539d68462f6555dff685f0ecbf
ecshackweek_impedance.py;cfa2a7ecf83266c863f87f022ffd4fb2602bb828
ecshackweek_impedance.py;cfa3089eb198192d10f7f296c582e2bbe2b77ed6
ecshackweek_impedance.py;cfacda2f67fcd232364e80458ff7653d05677c82
ecshackweek_impedance.py;d04f4da69be63e7bf4c83ef5e851da2712f476b1
ecshackweek_impedance.py;d1019c161be9e967ae227117b72acae4351e198f
ecshackweek_impedance.py;d10548bf22e011c328a14ab0883f7e37e71290ff
ecshackweek_impedance.py;d1315b25a551afd80b45cb1e575c0b2d2be36fb6
ecshackweek_impedance.py;d13b33731580017c8120a84971e1eb7bfbe5c32f
ecshackweek_impedance.py;d14e646c898a7e3ce9371fa55bd2979306a7104a
ecshackweek_impedance.py;d18999f51b2833d2c94c0ab1b803062fa395f7d8
ecshackweek_impedance.py;d1964cd842fbdfd198ee1fd2893bba07ff3a5e11
ecshackweek_impedance.py;d1cac8d64cf3c10f528b6d8405361f2ff30f5c3f
ecshackweek_impedance.py;d1f3bd0f482ca5846f4b331402d30e732a0e0e19
ecshackweek_impedance.py;d2086cfd889c6125cdd3d17b3a1f9f62a37e7ede
ecshackweek_impedance.py;d2531da1e8cdae1a267a4a21e12277f46b4fba1c
ecshackweek_impedance.py;d262e5f054d429d2a20673b0eb7020984b235a44
ecshackweek_impedance.py;d312b1051452a229a2baeee05cfabdf1d4056315
ecshackweek_impedance.py;d321f6fd433318eb4846ea9f08645918c06310fc
ecshackweek_impedance.py;d385eb0be5e96bec062f92140cbf47d26443c33f
ecshackweek_impedance.py;d397483884f1c747afaba2fcba31ecd5095ea38e
ecshackweek_impedance.py;d3df11fed37dca71c6fdc82c006a29adb47bb2ac
ecshackweek_impedance.py;d3ffdccbb49f17609afbf8094b1d0f851b22e8b3
ecshackweek_impedance.py;d42050fc1847f9011cbc50a052aa848e12086e8c
ecshackweek_impedance.py;d4723e2d81c07d4914abdb3809960d7c068741ab
ecshackweek_impedance.py;d5d263e138071519bb943a49bea579ee954f1967
ecshackweek_impedance.py;d5f9fc9ff2d881e8b039b55d6cb5ff4c5e18c2c1
ecshackweek_impedance.py;d62122857b0cefa1bdc43912c2c522a6c0b9d0d3
ecshackweek_impedance.py;d659e37d5990d5aeb25efdbdf6e6ac21ed40c055
ecshackweek_impedance.py;d6b63c04e069fd9e8d103f0fbf512f3bd63d4d10
ecshackweek_impedance.py;d71c7ab49f4f5332a181fb7546de802444a384cf
ecshackweek_impedance.py;d89620f25d4dc47c4365dd550f1d7a125d9fc3e6
ecshackweek_impedance.py;d8cda0b7e9d16802ed706bd18be386e9d31d09ca
ecshackweek_impedance.py;d8fb957c757854c5213622877745df79e3e29846
ecshackweek_impedance.py;d90defc9877e930402cf42f547bda9f35dabe1e2
ecshackweek_impedance.py;d93a46b971d50a2187f17fe7cb52b6589508fbce
ecshackweek_impedance.py;d951766f5304a5b6427b525c91cd741f893e7f0e
ecshackweek_impedance.py;d954cef1e529916d678639a719ff8498c7b9a57c
ecshackweek_impedance.py;d976ec67588ff36dbab73701997d45d0e3b0b5ba
ecshackweek_impedance.py;d99218ea087eb32a906fb1be13147273eee26eec
ecshackweek_impedance.py;da3067eb3fd1e5fee2d712acc1835453e5cd82af
ecshackweek_impedance.py;da7b06cd15a9f1705d03e9829f912cff02efdd0b
ecshackweek_impedance.py;daa18564adc083d604faa67f2a41612b6a4a37f7
ecshackweek_impedance.py;dae983db31d6d669aba6e3be34e123872e10a6bc
ecshackweek_impedance.py;db1057a5338bacc681b887dc23ae4968f65647df
ecshackweek_impedance.py;db902e18f2c29d85001602f3b4ec5a364d0581bb
ecshackweek_impedance.py;dbc20f69bf394f7575fdc094c433656ce72e9657
ecshackweek_impedance.py;dbc358a4d483dbb0522f8a92b80bb21688c1d106
ecshackweek_impedance.py;dbe556a1248250fa96e2a5ff97449ae31db1597e
ecshackweek_impedance.py;dc3a8a93ab2b15584b4af6f20bfde2d0db3cfc19
ecshackweek_impedance.py;dc9836128d38955b586ac8cf9855465cee082568
ecshackweek_impedance.py;dcbf36c274cfdcbbe6e3ec77d9c8822ed93d7549
ecshackweek_impedance.py;dccd32795efd1202cada4f5176be464b0ca99ed7
ecshackweek_impedance.py;dd2468982aafd928472a0663c0c5dc8cc8e7a755
ecshackweek_impedance.py;dd3ef8d4ec521ba86afe3549ec2d7faddcdd25e9
ecshackweek_impedance.py;dd7960510dff6cc3b46f2f68cec24de8cd3e0071
ecshackweek_impedance.py;dd8152ce024d6fd31b9687c05d770778f918c54c
ecshackweek_impedance.py;dd94ec573e81c9126118cf35002a8caade80060d
ecshackweek_impedance.py;dda23110ae93464a58ffb275ad1e0120ee91660a
ecshackweek_impedance.py;ddd3805a7db825c832d353661213a75adbcb3c74
ecshackweek_impedance.py;de1395c92fc371baf3c576c7e8899dc408b5d151
ecshackweek_impedance.py;de665d3144c4b2b4da385166a267fc7cec105f3c
ecshackweek_impedance.py;de732aba6ec2a0bd9fd00f8bb3d3ce4f27c56f82
ecshackweek_impedance.py;df1060cebb672f693908644e20979a7c03ea636c
ecshackweek_impedance.py;df109101abbc22e773ab097a06d9d506c99e3e1c
ecshackweek_impedance.py;df74fbbe5a6f248d9e2bfb696f4362233cb92448
ecshackweek_impedance.py;df78e27882262cbaa7e820268431a6d970de06aa
ecshackweek_impedance.py;e07c341a626140e834620b71fc20910402258872
ecshackweek_impedance.py;e0938911bd3ed188420de8bfe7abf282da708c23
ecshackweek_impedance.py;e09c3c42028febbc862b67dfc2bd5944869d203f
ecshackweek_impedance.py;e0dc591ca45925337bbbfbb9f265bf531f1096bb
ecshackweek_impedance.py;e0f3295c1dee9dad9ef5e1ddae8c97dace39e7d4
ecshackweek_impedance.py;e13f0275342c4be1212a2acfd3424114921d1f73
ecshackweek_impedance.py;e1470bfb96614c04e007238a3fdf1d90590d9403
ecshackweek_impedance.py;e16e9ff5e1e6df9327b073f2f8886188bd3252cc
ecshackweek_impedance.py;e1aebeaf642a30291cf1f1dc59480bba71e3c7da
ecshackweek_impedance.py;e1b9ea3e3ac7fd66779f6138f7ec594e194abfd1
ecshackweek_impedance.py;e1e5e8c41263671fb8c617367d40a159e3bba150
ecshackweek_impedance.py;e217c445d9cd23be680f11c2446ff0180ca87a51
ecshackweek_impedance.py;e2345574badaa3c34d47c12ae57b06aecfb148ae
ecshackweek_impedance.py;e2516a1b67eef881eee6a5481e6935b0b55ce6a4
ecshackweek_impedance.py;e2a820583cbae3e21aeef6e954344f9b87e6b2be
ecshackweek_impedance.py;e32231de71b7ff47a8cf610f624da161528c41bf
ecshackweek_impedance.py;e3413a065c0e872f49000cdedc6bbe21d8b1f354
ecshackweek_impedance.py;e34301bf274b9a99ab32a693b24831dcdf12b927
ecshackweek_impedance.py;e3da4027e1125a8b4b201a262f01cc9184e9940a
ecshackweek_impedance.py;e4d9054af7aecab914a6c4bedf51d2540930b5eb
ecshackweek_impedance.py;e51de6a6df3489ee2ba8496848c933319190f91b
ecshackweek_impedance.py;e5870df6a62666978663fa5f5c1375e22ce3f19b
ecshackweek_impedance.py;e58e7a39970494637ea1f987f044ee91d3dce70d
ecshackweek_impedance.py;e5c91bbc0bc3b4737d48ac30cebc714915148aad
ecshackweek_impedance.py;e666b1298c527450570c5a89934ed73605c76efb
ecshackweek_impedance.py;e67caf0c28440a90ecba34986932a0aad68be118
ecshackweek_impedance.py;e6f8296f31b4f7f219caf3a6ab7fb7a7df881566
ecshackweek_impedance.py;e70ae55eb92bedd2ffeb2ef5b9e7ba407d227171
ecshackweek_impedance.py;e754390cadd790894009a6fc848ee9496ff4703d
ecshackweek_impedance.py;e754f8b4eba89b0f6b11fbbb714580e7b3c6ad85
ecshackweek_impedance.py;e7a559d5573e39a4dfa3e3a1e94ec271fdf4452d
ecshackweek_impedance.py;e7fd777040dde34e668629a8b935e27212d573be
ecshackweek_impedance.py;e8501751b21b5056233bdf6547db150519cdff69
ecshackweek_impedance.py;e86d7563c080821380e3f741f8cfd0c33b100bed
ecshackweek_impedance.py;e8c005afb0b27310b6db33d911f317b8c517292d
ecshackweek_impedance.py;e9396c0835e4d7ae391d3b7b0631e2dd62d5fcf0
ecshackweek_impedance.py;e93a8748286da01fa6c50a561cbc2f904ad6e358
ecshackweek_impedance.py;e9f07a05b95e73d703ad50ed9dfb5ca173612e89
ecshackweek_impedance.py;ea2c0921dfc9d67f372fd1133c8dc8270f9b0dbc
ecshackweek_impedance.py;ea8f04343e13c2769ca2c26f917e1465cd343e11
ecshackweek_impedance.py;eb0ccd6c193e56ce2724430c663b37b201baa5c1
ecshackweek_impedance.py;eb58533222aaca5ad21f25b4df892e871fb2ca11
ecshackweek_impedance.py;eb783ea6b6e6db6ac88a90c64fd4ee490cbf12ef
ecshackweek_impedance.py;eb962c3bfe30489ca11a4d8f4ee9d66019b08dc7
ecshackweek_impedance.py;eba6b0014c44c83d4b246fabab5dfa2dc357bf98
ecshackweek_impedance.py;ebdb8552530b0e2d292f30fee766f73e601a0e9d
ecshackweek_impedance.py;ec45ec858761a5c4478be81ff1c6af273ec94b39
ecshackweek_impedance.py;ecaae60f6bf20d2d87db7a18f131cf69bebbe43a
ecshackweek_impedance.py;ed056ef5d35c137ae4c332aff9ff04475e6fde39
ecshackweek_impedance.py;ed2eae8be4ce861092dafec6aa307045f053cc86
ecshackweek_impedance.py;ed5cd7b64c6209c4a264ebf0925843a97db577d5
ecshackweek_impedance.py;ed600a75dd157febd35f208573bf244850f77e6c
ecshackweek_impedance.py;edb2a1c67cede1acf625f0eb5bc13439283e6ad3
ecshackweek_impedance.py;edbccd7342ea4e50588a7009821a0b8af049a8ef
ecshackweek_impedance.py;edc554127cc20d9d28eaecda214e5b6f5ce840b4
ecshackweek_impedance.py;ee5bf15b110938ea0ca0827687d277471f524c01
ecshackweek_impedance.py;ee9d9e576a0dea68d373755ebe6c5fb7c20bfd67
ecshackweek_impedance.py;eeea110b7bee8696c5d9063b0acf388cd09cbcd4
ecshackweek_impedance.py;ef0d6f6eb6c87aec89cee1445fe4fa36d33cf6c6
ecshackweek_impedance.py;ef4b159dedad316a2c766a604efcd0b8345dd4c3
ecshackweek_impedance.py;efa41b0bf4764cc204e8390bb7002f36ba6f17e8
ecshackweek_impedance.py;efd1e9c9123cef82643dbf774ef47f547f479e35
ecshackweek_impedance.py;efe04e084402f33b275a3e13542f1816ca8af2c5
ecshackweek_impedance.py;efe1a17377bc66a3205ac5e25553c1ae391561d8
ecshackweek_impedance.py;efe51227b030e2180bfd689b761f32a65fc2e496
ecshackweek_impedance.py;eff1724be358b50669e7d79499e4e73e76ed7644
ecshackweek_impedance.py;efff4486f98de99a46543399f81e5e5ee6c696bc
ecshackweek_impedance.py;f07e9fad67d4ed2bb8d4db5b48bb6e23dddecff0
ecshackweek_impedance.py;f155f8495ed9d017b3b9e6f1d1bdc92340ab6271
ecshackweek_impedance.py;f15e365a96e41afb7514776d0571ca40f67bdf95
ecshackweek_impedance.py;f1caf7c88695fbd6eb6021d95e25e235b8d4bc33
ecshackweek_impedance.py;f2fe5cd3d05b23525c9ac117b0f01a0378954604
ecshackweek_impedance.py;f35c956dc64ea6cad364667bffd46acd7a4453c6
ecshackweek_impedance.py;f3625618acb71c73041bb4bf5d8306065fd4f925
ecshackweek_impedance.py;f384486fb11be34aeb0a4f39a15beeb06b86f13a
ecshackweek_impedance.py;f3949208f364f7cdab8e0286ef313b30a70bb8cc
ecshackweek_impedance.py;f3cceee49fd2ac56a0620dd44c7fa62872e69df9
ecshackweek_impedance.py;f3cec99ec956d6efed861ce45d0936abbde25e95
ecshackweek_impedance.py;f3fdc5b5474d040ce8122f7d613bfefcbfc936cc
ecshackweek_impedance.py;f42bdfe439a8e32a327db65475b9ed2d1e003de0
ecshackweek_impedance.py;f438def51e88fc31b948af84ecde4d60920f8442
ecshackweek_impedance.py;f4f657ec1c7f810ff78e2976338b3cb67c08ec71
ecshackweek_impedance.py;f577c28eb09bf13a6ab5236f328905ce6b08b75c
ecshackweek_impedance.py;f5f8c6511c5b624c753307454491cfe32c2199c3
ecshackweek_impedance.py;f6d4c9d52c80a0b868365ec0c16510a21fa98881
ecshackweek_impedance.py;f6d5de198a32f3d8ff129e4ed28a9a43075f4c35
ecshackweek_impedance.py;f727318327bf96280691c51ac5ad00c552fa49d8
ecshackweek_impedance.py;f77ae5d4708f0a44ad0c72385d3467805f0b2ce3
ecshackweek_impedance.py;f77c5dc9801c22c0d8de47d09bacbea2dda6d288
ecshackweek_impedance.py;f78493d478bd60ce2729872962c60b05911c2468
ecshackweek_impedance.py;f93ca726ed72bb974b329f960f83eff8e9b9f165
ecshackweek_impedance.py;f9d088869e82292fad7485b1c88ca894c2c142ab
ecshackweek_impedance.py;f9fb12e7a1988c3a8cca49dea905b841da0dbbf0
ecshackweek_impedance.py;fa0fbbe2a7fb80c3f5ba6573da14f8e1b9af59c7
ecshackweek_impedance.py;fb5da5c32f2e0cf6609f93b1b85d5f7a66a8e25f
ecshackweek_impedance.py;fb77b70c88f8a5e401a48f988ecb2a432693b972
ecshackweek_impedance.py;fb91e8294704f6888a79d7591d022a41548cef4e
ecshackweek_impedance.py;fbad2fc53d69f488033cc65783c11a26b36bcbe0
ecshackweek_impedance.py;fbd0017c2e68118bf8d1febb46856d78b24d796b
ecshackweek_impedance.py;fc253c2394caba0e948b37c0bee14611e2e00ef9
ecshackweek_impedance.py;fc28468ebccedb4e3107cb097a1ca19a6c89b509
ecshackweek_impedance.py;fc88233f21c98391eee75e4ceec3b54b44909f2f
ecshackweek_impedance.py;fc8daad89e42aefa2d9f777cde9a7a45811c3d94
ecshackweek_impedance.py;fcc361c12f5a172ef998ee886e1a0afdff73e272
ecshackweek_impedance.py;fd2e91b95d111228da6edec90a9fb52cb6b7276e
ecshackweek_impedance.py;fd3446570d7e766c9727c9c6752f0d81646c6f75
ecshackweek_impedance.py;fd74c1e544981d11f67e3cc2fd4e730789e05988
ecshackweek_impedance.py;fd81f20c00d41e6633a7bf2b8226c539f6a85a10
ecshackweek_impedance.py;fdbe4e667f6d1099b4154b2247eb087110b87b74
ecshackweek_impedance.py;fdda1d84dad24bccaf21135dd646b185e40d25b0
ecshackweek_impedance.py;fe5364640279275579f41f3d804f0eb1d7c05068
ecshackweek_impedance.py;fe56c49f716b973ef290a644554a251e1f745c46
ecshackweek_impedance.py;fe9fdd3ee541aba814f8a540d16b2f277d34ca55
ecshackweek_impedance.py;fec249b3116cca4009975d4bcd2692a2e32dc183
ecshackweek_impedance.py;ff159730b6ffe013085eeaf28cbae9b9bd14bf47
ecshackweek_impedance.py;ffb64022cd5a143b1bccaf3c2e8d797f495b1d86
ecshackweek_impedance.py;ffc23d608e14d337c9045f84abdfd8d35803693e
cesiumgs_3d-tiles;00235d285836bd129eda5cda59005ca3e115680c
cesiumgs_3d-tiles;0025bfb378820b3eb4dc3d30b49af8e64d92c100
cesiumgs_3d-tiles;002c71357c4acce805b7b585aa5f1cf047308bd6
cesiumgs_3d-tiles;0044d03e5804e920494cde15b5e81d4572cc21e5
cesiumgs_3d-tiles;00490d7cbe9326d468d14cf15da52f442c486fd7
cesiumgs_3d-tiles;00570e33d070c7ce6a0ac357c059d6f0b7f97cc5
cesiumgs_3d-tiles;00861768a0b8898f7ad058ebd21bb81bb9109621
cesiumgs_3d-tiles;009130511638711b393de945dfa1a1aaa56ba344
cesiumgs_3d-tiles;00ae2c56769800de36ace6da1fb6a34a1ddf8cf1
cesiumgs_3d-tiles;00b66c6fd56ff6d3cbee0b1007691b622823ed90
cesiumgs_3d-tiles;00d3a41b1fc90de9eb83e4b0a975c5bb696c14cd
cesiumgs_3d-tiles;00fb712b7160f90985187b8a7e9b6667d4167dea
cesiumgs_3d-tiles;01001ec862172283e37c2089be9536a5c83f3770
cesiumgs_3d-tiles;01027c89537382ab832b0a2506feeeeef2a56b7b
cesiumgs_3d-tiles;01244130f1d8c9926e70a9e6bfe040c870b80e03
cesiumgs_3d-tiles;0140cc6b58fb7941f8af4830ecd9a039fdb5cdd4
cesiumgs_3d-tiles;01501aee9523d6bc09973154694445d71c78bc20
cesiumgs_3d-tiles;01516cec565feeba8c887edb2b5ca979826ccaaf
cesiumgs_3d-tiles;01929f4bff852ffac2fc94b1761df81adad37c85
cesiumgs_3d-tiles;01b04f8cca2a3a27e74cab309225be01332d2253
cesiumgs_3d-tiles;01c852a4bb86105a14ed00aec55508ff14eba4cf
cesiumgs_3d-tiles;01d180310d109aed1484172431278b6a1a623b4a
cesiumgs_3d-tiles;01e86335c530d67c3899e238babc3cc7b5935c2d
cesiumgs_3d-tiles;01ee2e88052b5c68115ae561f11df6561d052123
cesiumgs_3d-tiles;0227e15db34c63dbb751a25d4c7f9a1e7d98d97b
cesiumgs_3d-tiles;0228a6d4f2aacdbcb56649f628a91f4ef1138b54
cesiumgs_3d-tiles;02321cf9c1bcd200cf4c11a58ed7c66a4a0ae834
cesiumgs_3d-tiles;02329b04dc381342fa9ce9913f4f387f51993b9a
cesiumgs_3d-tiles;024a45efbcc4384343c9f567a8da8454ad75d125
cesiumgs_3d-tiles;0252dfe664f5bbdde806ae21e875f83ad2a1c026
cesiumgs_3d-tiles;025bd39d7ce934fe407804c615217b5d339736db
cesiumgs_3d-tiles;026711616044dbd174509b1af3321ca339c3b18b
cesiumgs_3d-tiles;026d7dd2495009e64511d65c00876f0cdd372614
cesiumgs_3d-tiles;026e66f3c6ac56c7f931f5c8577e3b2dac439fac
cesiumgs_3d-tiles;027118a2c33e940d20d0a3ccffc89d3944ceb901
cesiumgs_3d-tiles;02e146d5e0dcc790866d8d3a50196bc3796ca111
cesiumgs_3d-tiles;02e19c257a316d6279f30a6bc589fbf9185aa741
cesiumgs_3d-tiles;032e2ce785d403b964d600b5108d3f010d5ad38b
cesiumgs_3d-tiles;034eadb934aebcf682a89eaa05e370647e9cf7a6
cesiumgs_3d-tiles;0371d70026b2d1b70ca074d829bfd5f090f46fe5
cesiumgs_3d-tiles;037fa1d1a8b0b9edf563dd6ad539c710d03c706f
cesiumgs_3d-tiles;0402bdf9514c08a80209b83bf7c150b837d90da5
cesiumgs_3d-tiles;045a80b8482683495158e125289f58508eb06f20
cesiumgs_3d-tiles;04d0316c0ac859ee40071f0b5088eed6a488ebd8
cesiumgs_3d-tiles;04df6ed7f5a10f32b9b68c956daefcb8b4d11509
cesiumgs_3d-tiles;04f934a6edd8832c56d0df7404e5ce8cc148c6d8
cesiumgs_3d-tiles;04fe7bf72cee223375c765eb6c187732f15e5308
cesiumgs_3d-tiles;051e78df3d935e5c0621cec1a062ef0ed7276361
cesiumgs_3d-tiles;052f2b9ed48a92b7a54d95f19b6b02f5f4a1768b
cesiumgs_3d-tiles;05335b2b8f353e2d54cfa3671951efb4dcefe276
cesiumgs_3d-tiles;05364154a5cde73599aa864483084cdf1515b688
cesiumgs_3d-tiles;0549ae508f1f92a09270570845a5521e02600459
cesiumgs_3d-tiles;054c790710cf982479f6424bc9250d3a9e0dbcd9
cesiumgs_3d-tiles;058174decec2d32e3528edcd65c0c889b951a3a5
cesiumgs_3d-tiles;0599b7ae139f61b7808b12c32f65fe8a327ac743
cesiumgs_3d-tiles;05a22b6a1f4f3d31b0efc0b1656c81dfe4ffae10
cesiumgs_3d-tiles;05a9da152f333bf69eea9b2ad4d172dbf2f45322
cesiumgs_3d-tiles;05b50d8372d8f04c5f828dd97b7c54996ae7511e
cesiumgs_3d-tiles;05cc8bc47b3593c8fd7e32b4a762b78b8b225ac5
cesiumgs_3d-tiles;06047d36df60619809347753c04209ed449dcbfe
cesiumgs_3d-tiles;0614a1622253dff8d5feb5421910bfa036e630e8
cesiumgs_3d-tiles;0630f7f1a2d454d6d44b86d4822355176b7313f6
cesiumgs_3d-tiles;0667d3bcb259e8c297d0482ed415e5877a55619d
cesiumgs_3d-tiles;06825f8625c141263a35fc6e0a990536a222b2cb
cesiumgs_3d-tiles;0695ec68f864b45f2704ecd5ec43ecbe09172c80
cesiumgs_3d-tiles;069a30704b6734173adbb61ed0a33de4c053a878
cesiumgs_3d-tiles;06b1305d1a9da55e6d20518011ba4140d862b28a
cesiumgs_3d-tiles;06c1cb6918f34423cd041fc44e5cc8cf3b58664d
cesiumgs_3d-tiles;06c4a27aa053d3852f90ff45d97b89c3665303ab
cesiumgs_3d-tiles;06c58028dac46d3cd89393c1be165ccae0669f74
cesiumgs_3d-tiles;06f57322ccff3dd1cd286a1a5c84ab9e96caf3ed
cesiumgs_3d-tiles;070493bab4d6b4922993f0fd3fb49f84bebe5bab
cesiumgs_3d-tiles;070637acdb432626f18dfc3f46b0b680536c3d33
cesiumgs_3d-tiles;0710f9631000a3feaa726e732f5846d620979f37
cesiumgs_3d-tiles;073cb9f4999504181536c6a7f26e3b77e00a6436
cesiumgs_3d-tiles;07446cc83da9288ae8ba8d0e4ab9329b69d9ffe9
cesiumgs_3d-tiles;07866ca750c44b777999d47c17e9e3f68f00d727
cesiumgs_3d-tiles;07b5926401bc0d4e0b1b17d9b48ba67449206962
cesiumgs_3d-tiles;07e9f950d053f74a9fd19dd0b76a583bf8a5bbbc
cesiumgs_3d-tiles;0829da57d4258f2b33bd1f5457d765981cebbd11
cesiumgs_3d-tiles;082ec852a4dbe723d24214a722ce266889f893f6
cesiumgs_3d-tiles;085d66ac43da9a4872f6ab7b20698111d45a4d8f
cesiumgs_3d-tiles;08971aaa42272fe45529a3b5965275827ff7a93d
cesiumgs_3d-tiles;08abd234ef847f810cda127369da01c206d4d5ba
cesiumgs_3d-tiles;08d7683a40976056fd46288e7ccfdb9ee3da16ba
cesiumgs_3d-tiles;08f34d95363e1b8354b769b6d9279e0d536d52a6
cesiumgs_3d-tiles;08fb060a956870a853a2a3ddbc70564679ee1775
cesiumgs_3d-tiles;090e50a1b0b57f93d3d5e24b617bcb813c514d9b
cesiumgs_3d-tiles;092e95675ee80e85d65a3de819d27b8534c2c711
cesiumgs_3d-tiles;0960d84e87751baf7d36a32c3d5fe2fe21346e66
cesiumgs_3d-tiles;098b099327b2bd52eb292b8ef592bf848fe644cf
cesiumgs_3d-tiles;09a4e977daa68fd3ad778e060444cd66a2ca4de1
cesiumgs_3d-tiles;09b0014617d676d57a6fe7cc25e68d4b218ab8a6
cesiumgs_3d-tiles;09c6f642af2e91e23bcfb4568360902d3b6b3d50
cesiumgs_3d-tiles;09d5d774934dbd805185c119509dba97607e92af
cesiumgs_3d-tiles;09e6f567e09c437b94b09d2bdb638f7bafdbb392
cesiumgs_3d-tiles;09f1222b174038cf2c640c0e33b9e160e9b7bd64
cesiumgs_3d-tiles;0a4e811ecb7ad7f4121573245546ce229136c4da
cesiumgs_3d-tiles;0a663cf3ad5f2199465c1a3a90bd2ef55c45abc1
cesiumgs_3d-tiles;0a7ec42c1c5e27514dd39e0e1c496519e4fe5fc7
cesiumgs_3d-tiles;0aa73fda19037e3f55592232f8d9d462202b0a8c
cesiumgs_3d-tiles;0ac6807db94927914bcb4af00520be47a0334803
cesiumgs_3d-tiles;0b0c24b8b5268758b8c112470a3bbdf28d9685cd
cesiumgs_3d-tiles;0b11659d1070b79fd274783ac2aa6888ae83403e
cesiumgs_3d-tiles;0b42e6fa55332bc9ef4df64d9ce21df08e39ed14
cesiumgs_3d-tiles;0b6e133f9c1dc007d8fbcf7bd23fa4946901a26c
cesiumgs_3d-tiles;0b7fed1b1b6305636052abdad2b48d865235f66a
cesiumgs_3d-tiles;0b887c9608a768c499d0a5c49667ec9be297b179
cesiumgs_3d-tiles;0badc5d87bef4781c7d8b87162ed460ace77cf99
cesiumgs_3d-tiles;0bbfa6d086211babd063b0a25f2c69266bd5c0b3
cesiumgs_3d-tiles;0bc40520cbeb64651a6448ad8e2550e19bfe7e6a
cesiumgs_3d-tiles;0bf3af9924e3ac7d188f470c1c57c5b08e506661
cesiumgs_3d-tiles;0bffdee002d8f304e718d1164a781f0853233a9c
cesiumgs_3d-tiles;0c0ed1690263e9f1105e35770d14824b2ffa3fb9
cesiumgs_3d-tiles;0c2e371cf9fceed0c5f1e407e1a2cfb481259905
cesiumgs_3d-tiles;0c3d9a7bc2667e63d28a8b6a86fb8af8a86e2226
cesiumgs_3d-tiles;0c3e66e9ac045455a41b91f01d836119f05f90fa
cesiumgs_3d-tiles;0c650e65f86034583863364718096bb211b94726
cesiumgs_3d-tiles;0c9b7b6b2932db4afc664a99af771d6f3a62f215
cesiumgs_3d-tiles;0cbba7890cc983c65b13f249c074956d54904e02
cesiumgs_3d-tiles;0cd3b30fbe56c7efa41141edd4630aedcf3b83d4
cesiumgs_3d-tiles;0d23514402cfc4228f440e82eed5b20ca862f02b
cesiumgs_3d-tiles;0d3beb99cf8465cb5797983f3f58df59f9250630
cesiumgs_3d-tiles;0d7cac1f48d562170fe35285e6f80502ccfb211b
cesiumgs_3d-tiles;0d90d1a0dabfadeba1fbf985dcd3e6a15a1e706a
cesiumgs_3d-tiles;0da88ae641917c3f106e54bb97451c9bacd1a965
cesiumgs_3d-tiles;0daa5c03e05d418178729849e23c4993a9c154c9
cesiumgs_3d-tiles;0db32657eadea09865d136dea733cf6ed025e80e
cesiumgs_3d-tiles;0dcb9a07b28975f433e2302e3e07b1e71f1cbd36
cesiumgs_3d-tiles;0e061c384106d6638b81180d310ca1590689d975
cesiumgs_3d-tiles;0e22b00bd0987d09e590131b77cfd3c4442497fd
cesiumgs_3d-tiles;0e2a564b84adee3701a0e1b27035082c710ded6b
cesiumgs_3d-tiles;0e48695e2d59471c020ddacbaabd329a81ce7d77
cesiumgs_3d-tiles;0e58b5ea048df7597480191e8d57cb0e29595ca7
cesiumgs_3d-tiles;0e9c4882e99f8b58bc5a6b38a66d068e26732e34
cesiumgs_3d-tiles;0ea4c680bbc3ab48f20bc722f2f6ce4e6dde5200
cesiumgs_3d-tiles;0ea68462f734dc710cdb1c73a0651686eea467f2
cesiumgs_3d-tiles;0eae9b32f6304005ed48408f165ffbe4e04b6ee8
cesiumgs_3d-tiles;0ef787e9ea59d43259181fd67b926bccf15b9a41
cesiumgs_3d-tiles;0ef97ebd97cec7c8f55ec7ab06b6dc342f8300ea
cesiumgs_3d-tiles;0f190b1009407c775917407a16e3fabc7887995a
cesiumgs_3d-tiles;0f2886489b568caa7f6c7f0c9ce497793605ecf8
cesiumgs_3d-tiles;0f2e8a28f1f9bde9e28f459bdf591e3149ceadf4
cesiumgs_3d-tiles;0f3347fe21d23869ddb2c3ce418cd366808f1891
cesiumgs_3d-tiles;0f403a751fa760e87a2b1c0ccef702031d705140
cesiumgs_3d-tiles;0f842e86114bda31cb30ea8d9203e0cb7043e055
cesiumgs_3d-tiles;0faaf507854e0b44022eec816d915c2158dfa5f6
cesiumgs_3d-tiles;0fab3ee872b6fb8bc7fa1db94f2b67f1306dca9a
cesiumgs_3d-tiles;0fcc8afef8e6e94e930fac0d4baf4f687a7a0af3
cesiumgs_3d-tiles;0ff1a18f5b60ec9f4610426f85b0ab384d0d928a
cesiumgs_3d-tiles;101e8a5a3876334e92d488fe5438ecb410f02347
cesiumgs_3d-tiles;102aadf492a445edb8d81b8134f795385b7c0202
cesiumgs_3d-tiles;105ffb41574d6cfaf1f02fd7829c7ab192c49ce5
cesiumgs_3d-tiles;106249f5704f3ad9065ea33891ab8bd6ce60be7a
cesiumgs_3d-tiles;107423da4b867df1d9c2e55968ebc2d79f2b00cb
cesiumgs_3d-tiles;108e76af0c6fe3a14ec097052b64936ab85a0e74
cesiumgs_3d-tiles;1098b647e01bedf7bea84ad080cc7fc0937e36c4
cesiumgs_3d-tiles;10a67c2e418c1e63805f9a8ee66fcd2bdcad35c6
cesiumgs_3d-tiles;10b0b98b3f444907300191d78242508192f992d3
cesiumgs_3d-tiles;10d28a93a43cd4188e3c894461e3102cff3dc833
cesiumgs_3d-tiles;11155c602ec2445db6374e053b0ea137a6952ed0
cesiumgs_3d-tiles;1117dffcc869321124dd3c855a6ef3fae5479b04
cesiumgs_3d-tiles;1134833085c380a52bad55a644f31a3adeed6519
cesiumgs_3d-tiles;1143bfa323a44e97a45a13e9aa2b60426edc3b25
cesiumgs_3d-tiles;11470a9326c9c774024286cb48a733057066e456
cesiumgs_3d-tiles;115f9f2d33f543ac7b18c0a24a13059bc7873821
cesiumgs_3d-tiles;116cc707c3201874f7f2fd139a9e850de3038bd4
cesiumgs_3d-tiles;11c4567a24f3e57aea2dd1d63e004ac67a322c84
cesiumgs_3d-tiles;11d575e822200434a6bd127c6a469d5650cdaa78
cesiumgs_3d-tiles;11f05e0fa271955b1ad05db1516a2090b2c6dcd5
cesiumgs_3d-tiles;1228e293568f18bedafb7398db03ef5edbc285ea
cesiumgs_3d-tiles;1234f7330a999d8ba3fcc0208363ae42c8b24394
cesiumgs_3d-tiles;12439b62c7f27651b9ac04a5902e5313f36f0130
cesiumgs_3d-tiles;125200b1e56a49a48bc13436a2b4cc9140287d4c
cesiumgs_3d-tiles;1255af166f36fe212c74a42eafdabe7be318a716
cesiumgs_3d-tiles;12574dde77f31b1df088b5500024c13e29162974
cesiumgs_3d-tiles;1260dbc50d7a218c065b925ce866749c9a0972b5
cesiumgs_3d-tiles;1264192c1e675e8c770cfdf1165473b7932993fd
cesiumgs_3d-tiles;12729ddb7fc33f0be7ad537f64406ceabe4fe3a3
cesiumgs_3d-tiles;129f10da629aa9425f6a68cc742abc1b64d61418
cesiumgs_3d-tiles;12b56d3cde78dfc5077e323b42eae6e276693c9b
cesiumgs_3d-tiles;12b86e47532331a83d6cb43c4d8998d537489cdc
cesiumgs_3d-tiles;12c7b2abfd03cce1a8856d9ec7a0f043c7e9322b
cesiumgs_3d-tiles;12d2583ecbf9d23574a52fdaefc242b09abb9769
cesiumgs_3d-tiles;12f3d258167401f76c636f712566106996a56e50
cesiumgs_3d-tiles;13205985d76414d855fc4fec5e3c8e65a3f9e072
cesiumgs_3d-tiles;133aedc94e0e5316d88b9f0be9e1c21165ab7368
cesiumgs_3d-tiles;13486ff660c0ed6a1f236e9ea1877ce099619960
cesiumgs_3d-tiles;136286448ec7962d6817b462bc8cf00f986f8a93
cesiumgs_3d-tiles;139de83512f41cf67267d82092dcfe8f313c8988
cesiumgs_3d-tiles;13c2a80acae4a8fc397801612433bdfdb39a26f2
cesiumgs_3d-tiles;13c4b73cc28ec03423c3e9587775e6d289822a3b
cesiumgs_3d-tiles;13d6f78fe5d2ad0011e3d3fada1c83aa8e48cee3
cesiumgs_3d-tiles;13e14ca853655abf091dea5e0f521ae4c85db953
cesiumgs_3d-tiles;13e8b8c444877ce736cdffa82d74f8a044cb3d6a
cesiumgs_3d-tiles;13ed4d44004f366f222ee7883ed08c375b166ef0
cesiumgs_3d-tiles;1402953a97a1265e623aea356d5a6178ca591001
cesiumgs_3d-tiles;1423b32f67897a86e8bb6977418ab86b09a8c612
cesiumgs_3d-tiles;142549c648bba27e16ea0a73221588a5d195fa26
cesiumgs_3d-tiles;143013baa5db68b1206a7c2e566b53241d8f428b
cesiumgs_3d-tiles;146f9a9b0adf080b342811f32dd806ff3075b998
cesiumgs_3d-tiles;14755a14f2cbe17fb6863e28e27d5f90f13575ef
cesiumgs_3d-tiles;14d6928d305f29ff4b79f1f50ab73bbc5e99cb31
cesiumgs_3d-tiles;14ea71112a62999e65affeb9db4a8b7a528a6baf
cesiumgs_3d-tiles;15172e5b2dab787806e8829186a5453cbe12a938
cesiumgs_3d-tiles;153aa03ea967b9f14ee1dfd2c9bc654fffef52a2
cesiumgs_3d-tiles;15404a2572dde9646a5dad0fd36278e0fd65d1ac
cesiumgs_3d-tiles;15453776ae5046c1550ead3bd5d58bdff8cacb9c
cesiumgs_3d-tiles;158e15e7bb19b8ba49a6a411a25c26318053fe14
cesiumgs_3d-tiles;15ba93663a615e1b39da8f5187a750f641d2d7c8
cesiumgs_3d-tiles;15c34bc30837417dc94490305549cf2d480693f0
cesiumgs_3d-tiles;15c4725f0672c8f70fe8bf5f09325d762fae771e
cesiumgs_3d-tiles;1635d183ff3a084e063d87eb2436baacf5f2dc90
cesiumgs_3d-tiles;164ac5020490ea82b3b1271e8bac518cf04fbbc8
cesiumgs_3d-tiles;167e3f1999fbf2ca7efe696f67ce4fddb4b9d45c
cesiumgs_3d-tiles;16a94479c19c9d09e4bfda3e48b385e11b3bfe8e
cesiumgs_3d-tiles;16b6d7f67acf541dcaaeb3f748e0588eb25ea027
cesiumgs_3d-tiles;16ee39f02f56388c6612e447446511d65785ec98
cesiumgs_3d-tiles;16f7491da0af0babb50bf5d9b9292e912c1ab1ee
cesiumgs_3d-tiles;1700ab286fbd23e54cd07cd35dc2e96b425c0619
cesiumgs_3d-tiles;1704e07266a3e9be93cd4627972bc5b6c15e79d7
cesiumgs_3d-tiles;17264778b09de1eb1de61064438cf36e4b014026
cesiumgs_3d-tiles;1746ca99df2a50a809a984f917fd8a7011579354
cesiumgs_3d-tiles;17743a072826ddfbc7a151c127c89152ab44ac36
cesiumgs_3d-tiles;1775c809948df03d268cf7f9b0470ae7888b3def
cesiumgs_3d-tiles;178bcb383ce20bd2f159daea3edd277cb32a0bce
cesiumgs_3d-tiles;1794fa59e36c526caa9c7ce4861586b9876ae101
cesiumgs_3d-tiles;17bf0158a59ea884e43206b781506e0c30c1f0e7
cesiumgs_3d-tiles;17f5222ed41f1dfa36f5f61aeeabc0ad6806d970
cesiumgs_3d-tiles;180bb7ce733313e5d6f249b64c39567c40cfb75c
cesiumgs_3d-tiles;180c8e4068ec9cdd3b283a4999680fd33a4247d4
cesiumgs_3d-tiles;182d3f6b7060ff89ac5d5ea319d77c2e1eca229a
cesiumgs_3d-tiles;183d9b4745100bb2443716c8ba39c87bb6fad581
cesiumgs_3d-tiles;185272326c3c870c019d9f4d13ff03cb97b5310a
cesiumgs_3d-tiles;1886325f722fdda6e3997e04e0891a85603ae3b6
cesiumgs_3d-tiles;188e14e74a3ae8d5f6dad9c85eef3152ac987620
cesiumgs_3d-tiles;188f7e5f41029c8fbc0421ab21d834a9de489237
cesiumgs_3d-tiles;18a0ae693a963ca322c340a39e3844bcfeb56c10
cesiumgs_3d-tiles;18a270bf1faea75af127c18d1967626d1af2ce42
cesiumgs_3d-tiles;18a438bafb527eaa71637deb1dc4995bf2c0b865
cesiumgs_3d-tiles;18c7caccee01f88edeb3f60b0bc575625129a4c4
cesiumgs_3d-tiles;18d1c9573c83d4738f891038106874a7065128fd
cesiumgs_3d-tiles;18da61fa4dd9221d594782f1eda22e48704642fa
cesiumgs_3d-tiles;18dabade8062bc3f1a31367fe64b0f079633433d
cesiumgs_3d-tiles;18db861e5c0b4b1396c4dc34149078bbbfaf6026
cesiumgs_3d-tiles;18f4a4cb6dee19aec44796352d9c637cae223cb6
cesiumgs_3d-tiles;18f9ed3a34b902478b356a8ea7429a45317f87e7
cesiumgs_3d-tiles;191710ad357178ec24a68b389ee7641a2c604691
cesiumgs_3d-tiles;191ba6f7cf7980d54ee27a797fcd015ada3311ce
cesiumgs_3d-tiles;191d0f07a7619303a96add9f745f217bca80dba6
cesiumgs_3d-tiles;1929e6f58135c6ad96cec27b2a9609d1a17860e0
cesiumgs_3d-tiles;192a6326145d9f3d98fb5ddd91f4483a98d8d886
cesiumgs_3d-tiles;192a9668dbd847477c9a3f2ee91815bf2348032d
cesiumgs_3d-tiles;194132f7ddaffe365eb66366cb0ed421e2572512
cesiumgs_3d-tiles;194402b45e92baf20162a017a1318da1476c2b40
cesiumgs_3d-tiles;195d290f1585d420892ee0d561a3917395a4ae46
cesiumgs_3d-tiles;19e6529977c80d6352aa64838ac81e7328cc53ff
cesiumgs_3d-tiles;19e987a9ffe47807f203ce29bcd96303eca48031
cesiumgs_3d-tiles;19f30ecd1a442a209daf5566a4f52454e3cfdf25
cesiumgs_3d-tiles;19f89706bfceebcbd624970ec98f712a89aaba59
cesiumgs_3d-tiles;1a26cd6f4d94d4f78c34b277083557cbeb0fc514
cesiumgs_3d-tiles;1a391866dec4552dd4443b0d2deb4208fc7a8da9
cesiumgs_3d-tiles;1a50b95f6b3cc6d366cbb42afa0de330d8e4f9f7
cesiumgs_3d-tiles;1a5243c3d43339a370162a26be17dc77bcaa2c44
cesiumgs_3d-tiles;1a5cafc3f3bef19ecd6ad0aa0bb1886ab4a11502
cesiumgs_3d-tiles;1a8f534045c316d1d8525e4fb8d93fef3cce9b20
cesiumgs_3d-tiles;1aa79685c7be7c26ff5938ca6c08fe7cf17c0a0b
cesiumgs_3d-tiles;1ad2424143e425571ba89f71c5308b042f714e2b
cesiumgs_3d-tiles;1b338fbc5ccfecca85eab477ff68816e91d2b149
cesiumgs_3d-tiles;1b438f6927162826d60505a75dc8c94c5d0370df
cesiumgs_3d-tiles;1b450384a2e7dd20c8a2f5654ca02333ef2159e9
cesiumgs_3d-tiles;1b50e2eba0d64657636bde61d2ac96dc560c93c8
cesiumgs_3d-tiles;1b523c76206d82d8881f5ee338e0e2aed57c99f0
cesiumgs_3d-tiles;1b624afef33b9acdf28767550f89be9a9edc4422
cesiumgs_3d-tiles;1b78e6c7b30a4493ec2ac6dd3574312ac904e2a7
cesiumgs_3d-tiles;1bca3cd4bd5ef24d2afce3f6e751e2933fe26942
cesiumgs_3d-tiles;1bcfbabc44f80b2e293a26e50ee7fad56eef9d22
cesiumgs_3d-tiles;1c1aed4ad506c3b1df7a039a7b48b595e4eb7242
cesiumgs_3d-tiles;1c1b792c15f8f4c42a375d3822e78f5b57567259
cesiumgs_3d-tiles;1c1cad475e54a4c54e27d9423c176671d0a29e34
cesiumgs_3d-tiles;1c30cc1f40ea482becd3bbd99b4d504276d928eb
cesiumgs_3d-tiles;1c79bceeb85723d99bc767437168be257e42016b
cesiumgs_3d-tiles;1c8453560de29e1158cff2025a8be55c6b0d1eb1
cesiumgs_3d-tiles;1cd2e1860784c0297e9ba9d9304f97a331c0f59b
cesiumgs_3d-tiles;1cf1209935beec4b4b19f6734e6c210c75dc8b54
cesiumgs_3d-tiles;1d190653cd4e01764f2992b73ed12a7ea6733f2a
cesiumgs_3d-tiles;1d2ae0e55d5107eb923c08897fc9e7eda5551e29
cesiumgs_3d-tiles;1d3531ac0408030d9d0b1877df1438d34e26941e
cesiumgs_3d-tiles;1d5040b7838709b567d4a1591446997c2563c6cc
cesiumgs_3d-tiles;1d55898e4aa5e602772fb59936b4037e56edff57
cesiumgs_3d-tiles;1d66617b868495be494ce22c0cc40a51d5fd1376
cesiumgs_3d-tiles;1d69bc97f0bb3211cb34332c48cbac0313d4b432
cesiumgs_3d-tiles;1d87749bd492f4a1db6b5b97162135e9f49f1bb3
cesiumgs_3d-tiles;1da7be88c6fd8ea929fea1d0930b858147c43b50
cesiumgs_3d-tiles;1dba409812c550d9457a072d2055731d36dc9c6c
cesiumgs_3d-tiles;1dc692b33e98618d12c26ec8c024566790f79901
cesiumgs_3d-tiles;1dfebd886ab20d6272135cff7e2543069d2ff65b
cesiumgs_3d-tiles;1e08fadd33549917f1eded7ce61aada10ade9a79
cesiumgs_3d-tiles;1e0ee5e54e9e6d647d97585418f9c6606eaae64e
cesiumgs_3d-tiles;1e1f25c807e9187d7ee3bd8325fcc85dead24185
cesiumgs_3d-tiles;1e2490b53db41f12f258703b923fbba4b4e3e409
cesiumgs_3d-tiles;1e5fa1a0faf6557c4bd14591bb2f25eda581f07c
cesiumgs_3d-tiles;1e759457639827cef28aaa880938f658e98f1747
cesiumgs_3d-tiles;1ebf594472eb5e96e6c70bda617a97e1d92953dd
cesiumgs_3d-tiles;1ec45af814628a79dd3e49036bdc0dee5ce4d7c5
cesiumgs_3d-tiles;1edc954c3b9be2b5694adbf4ca60641ede022e3d
cesiumgs_3d-tiles;1ef8678014e4a08a4bf2148f255edc570b0f94d0
cesiumgs_3d-tiles;1f4ede4822596f89f2a709e393a97c32eabd2658
cesiumgs_3d-tiles;1f8cbf5d36afe51ce9bd11f9c3363430d405b035
cesiumgs_3d-tiles;1f93e191004965b70ba473a47280c85c90df9aa2
cesiumgs_3d-tiles;1fb49fc2cbff26fe737150c3291d7dde64ee7fce
cesiumgs_3d-tiles;1fd1622f505d5218a05a4766ea032f7986a19bb1
cesiumgs_3d-tiles;202982d8cf7643cba1f0d618473d18215757e115
cesiumgs_3d-tiles;2072b7e4906618be1340a878fb204bf092960d03
cesiumgs_3d-tiles;208ad77214618fed786ea64f26fbaf9b17f55bd7
cesiumgs_3d-tiles;2094a4ac3d3e183993bdd0e4aceb4ce706befb72
cesiumgs_3d-tiles;20d820105127cc3282ca523764c5ae0275547898
cesiumgs_3d-tiles;20fe514ba2611d9e49ea7d166badc07420e77041
cesiumgs_3d-tiles;211dcc8b44630a8fd58db11e0d94ada46d88ed00
cesiumgs_3d-tiles;211ddf46e6f0fcb656a4470bf533038fdd52dbff
cesiumgs_3d-tiles;2128a280efed30322bde36fcc8f76c593bfef120
cesiumgs_3d-tiles;212fa4465eeabb12e7944ead03686be16e7dea15
cesiumgs_3d-tiles;21796cc9c6b0b4f993e769886f2d7101d40bbfd7
cesiumgs_3d-tiles;2183a749312a6f13da67830fba57d57db3241da4
cesiumgs_3d-tiles;21888d64987102e0b75c16c94a3765fc1702691a
cesiumgs_3d-tiles;2188a1cde4cae8ff65158469c8f7e9e3ca413490
cesiumgs_3d-tiles;218edf0c2adb070167459ad1b168caf9b0f73ad3
cesiumgs_3d-tiles;21978df3ea5b0c5d82ba6322f5fc271427725db2
cesiumgs_3d-tiles;21aba4796c8281f33e3235493ae9040b70a50bc8
cesiumgs_3d-tiles;21c000fdee1e8c8e578cdbab59f05c99193f2722
cesiumgs_3d-tiles;21c1a836d4a676dd2880e1f8001d69f49b82b473
cesiumgs_3d-tiles;21c679f830f9c3326babceaeebca63b2c1863e6d
cesiumgs_3d-tiles;22038ffe6a083aed50796bc9ab27e8ba79a5ed9f
cesiumgs_3d-tiles;2204208f8b0a1fe8c87df3bf24bcd68b430296f5
cesiumgs_3d-tiles;2207d1ad78827f293b577e8ac6ed87d8e12665b3
cesiumgs_3d-tiles;22559365603e2d4b50d89de4f266fe6308fc55b7
cesiumgs_3d-tiles;22565e7955877f60caeb14c1f2c34b49edc6adea
cesiumgs_3d-tiles;225f66425dbee0f4919bc0d36f6dd8c4441357a7
cesiumgs_3d-tiles;225fbd09fe593d2e42f4d01dfaca0afdad67f020
cesiumgs_3d-tiles;226a5bf00c618b6dcdfc66f2f1ea6fcc8892ef3a
cesiumgs_3d-tiles;226d01f0c92a7d0b97e7c6a77d89fbf3d342a292
cesiumgs_3d-tiles;2272d6c13d1d34c0b0873ba0fc18e53e76f83e1d
cesiumgs_3d-tiles;227a4ee448e8de13f08705a8a53d7e71bd6713f6
cesiumgs_3d-tiles;22831e9c641fb787af7a307369982e014a6b414c
cesiumgs_3d-tiles;22835279395f84d74b12ff3574faf16c75e5f578
cesiumgs_3d-tiles;22a066b1114944b37e7d6dd07a3c523973ed3364
cesiumgs_3d-tiles;22a44e33d84774ce5bbf7ae36318120ccaf66728
cesiumgs_3d-tiles;22c3d8a7e338525c9b710405cf958d63ab682991
cesiumgs_3d-tiles;22db352767f13963000ab4d2f898f19ebf531497
cesiumgs_3d-tiles;22fb51cae17bbbd087a066edfdc9cb66b09741d9
cesiumgs_3d-tiles;230b39dbc4087efb306674bb85026c76d459c8fb
cesiumgs_3d-tiles;2345675cd49fc43155bd73aeb8b059d3c83f9ce3
cesiumgs_3d-tiles;2345ef0c5b0c38b60e432fe94a118b126a7238eb
cesiumgs_3d-tiles;23552d23b18de88c8285548b415a6393ee6dde90
cesiumgs_3d-tiles;2355af05ab3ddeb7505bfdb58fa5674676964ecb
cesiumgs_3d-tiles;236e1c03fb61090890b2be054dbbbdf2fd417dc8
cesiumgs_3d-tiles;238bf336cf27b89f92dd3d52a6467165f74e3d10
cesiumgs_3d-tiles;23a4e60acc9c7dae3cb3282fb3fdcf9b45f2b626
cesiumgs_3d-tiles;23c5bc7427109db7a4f51a9ad18dc97df598d43f
cesiumgs_3d-tiles;23faa4a566f3ae853f191b4eb296f417fc36eee5
cesiumgs_3d-tiles;244ed7724dd390535d0f95d7fb01ff00ed99c594
cesiumgs_3d-tiles;244edb91200f564365519868de82c95dfbc03cb1
cesiumgs_3d-tiles;245fef18a7ff931adce00a42c6c6ff7254f25588
cesiumgs_3d-tiles;248501998b11453f800561bdb4e797c4c51a396a
cesiumgs_3d-tiles;249d52198b43ea56be87ef7410f4c0a7f8333b0c
cesiumgs_3d-tiles;24b998907d5a0ebd24365a4d66b155d674ee4e21
cesiumgs_3d-tiles;24bf81326ea1083296d7718339395be57c0a8441
cesiumgs_3d-tiles;24decbb3cbef1fbb2e234d060b7d7d6acf3da86a
cesiumgs_3d-tiles;24f3702ebd5e1f5a3225478b63c028a75e40bf01
cesiumgs_3d-tiles;250317f35975a1b37d3bf0568efd8b656c78fec8
cesiumgs_3d-tiles;25308e7211dcb3ddb9c49b5b1a8184ecc2b645cc
cesiumgs_3d-tiles;254ca23fd16c07a2b65f6282fd9314aaeb6bc7e9
cesiumgs_3d-tiles;25599d6aeada3af5485e4b70e3ac42ac1937051f
cesiumgs_3d-tiles;257c72a8499eb2e24ac788e6f786f82650d416aa
cesiumgs_3d-tiles;258ac1cde985d84037b8b123688776a184367f63
cesiumgs_3d-tiles;259acc0065e80598a852cfb03e90d0266b4d042d
cesiumgs_3d-tiles;25aad74fc26446c5ad3c999ced552109e835a365
cesiumgs_3d-tiles;25cbcc8b6e61690306e47c2d28c10e9f123289b3
cesiumgs_3d-tiles;25e86d2adb579e0902c5a630c5fe0aeed7103121
cesiumgs_3d-tiles;25f0803265b441956500ba466697c4dc6d167a49
cesiumgs_3d-tiles;25fafcdaeb5710480cc63a92063f3184d0771a96
cesiumgs_3d-tiles;260da2b1d5194c198f425335fad87e3285c76ec1
cesiumgs_3d-tiles;2652648a8813e9020d499a31a968c0da1c765b8c
cesiumgs_3d-tiles;2663f437f1ffa46e331718dd34b4bbd9620d63d8
cesiumgs_3d-tiles;269219f4c1ae853a2243f234c6853832e8144aeb
cesiumgs_3d-tiles;26a5624cc98bbece60b7ed5e36116247a69233bd
cesiumgs_3d-tiles;26dfe032ed3ccded8fdf0ee207a11183c544fc72
cesiumgs_3d-tiles;26e864eefb1396fbf48b85d53871c61b9b77855f
cesiumgs_3d-tiles;26ed82fafb1490078c3405d00e0f0c49182bfc78
cesiumgs_3d-tiles;26f25aae9d1a53d6fa538a7945de5a5457fbe9e6
cesiumgs_3d-tiles;270e747fff2b0fedd92408ae4895828e2c7cd300
cesiumgs_3d-tiles;272d9b9730f6571ce4ed900ec455b685e703054d
cesiumgs_3d-tiles;272e61765f58e53f215af32613bfb6b6de51e920
cesiumgs_3d-tiles;27333e8984059695dac476666ce2d61946faad0b
cesiumgs_3d-tiles;273e2d5faa4848ee551eb5c6cc9b00220ed9083b
cesiumgs_3d-tiles;274602522c2b588091f8fbcf51ba36611e4f27ac
cesiumgs_3d-tiles;27469b78359b2f6dfc8096d022656b024bf2a723
cesiumgs_3d-tiles;2758abd84d8990b8b0895f5f650eeec9ab01baef
cesiumgs_3d-tiles;27703423905250c990c004f7087bade35f93cef9
cesiumgs_3d-tiles;27bad0a777fe4c4f3fcb59eec46b3a267d52b34c
cesiumgs_3d-tiles;27cd08bfd4826bf70a7a79669699c62d42f11ef8
cesiumgs_3d-tiles;283159f3fa66a3353541d10de30f25cb1c8c53e1
cesiumgs_3d-tiles;284439eefc2d3a0495377b7152532b066bebb12f
cesiumgs_3d-tiles;2848c44b48a4ff7126e88452922297f1c8b05ece
cesiumgs_3d-tiles;2867dd6aaeca30103ac28c087f358801a754e8f4
cesiumgs_3d-tiles;287531ed95f2d4d2947e5a616df4efc61baf9a01
cesiumgs_3d-tiles;288c176ca5f269585a5fac6fa9c27a0fd95563db
cesiumgs_3d-tiles;288e2c1313c352bf15f4eb29e77c4bd7d5f94c4c
cesiumgs_3d-tiles;2891309f6f561ddbafe7826fc15b4e99506e2678
cesiumgs_3d-tiles;2891f84d4207cbc517eb88a3c8d258ab0f3be568
cesiumgs_3d-tiles;28a097cf8eec2cfea6052e2029c4555697a29cd0
cesiumgs_3d-tiles;28b9d9ee64fcedfa8653e1557a975939f57287dd
cesiumgs_3d-tiles;28d3f734b2c92b089ceeaa25e7a53a31a22cc523
cesiumgs_3d-tiles;28d5436989f18e4e22fda9c6f6f726cbb359d5d5
cesiumgs_3d-tiles;28f0ae449ae8c42edd5b3d5925bf541f991d2b94
cesiumgs_3d-tiles;2917cc4d32efa12b6bd571d3e5976d211eecc178
cesiumgs_3d-tiles;2929d3cf4f08f9ea379c417aad423cb5717df972
cesiumgs_3d-tiles;29440e3a75843bf4ac46eb1dcf071e8f716c584b
cesiumgs_3d-tiles;294c6093a9e8baeab529b508a734064c3d1b6246
cesiumgs_3d-tiles;2983510dc42f06873a2ca928bed0372ad4330d86
cesiumgs_3d-tiles;29a426703b685003c891700e3febf8f9bd85f832
cesiumgs_3d-tiles;29bfed87e2ae0aacf97f92284d9cad8ce4252ff7
cesiumgs_3d-tiles;29c991546a2a4fec051196c01f0f4fb69bba1d97
cesiumgs_3d-tiles;29cdd408267c4b374dffb416a7aa6f616f409bae
cesiumgs_3d-tiles;29feed247c06f2651fa76b66d18a429c3f8013d4
cesiumgs_3d-tiles;2a18cb1c8cedca4468c22a95d18bf5c8394e9cf8
cesiumgs_3d-tiles;2a5b697f2c684d15dd5f5e6c5f96263d4c25af67
cesiumgs_3d-tiles;2a6f9ecf4ef2a7908f4cc60c640fd84f4fd597a4
cesiumgs_3d-tiles;2a7ef02fef5dfa1c10f4b4dccba19437749c89f0
cesiumgs_3d-tiles;2aa500ee7cd60a1144e9f366ec6d0d1ed97f490a
cesiumgs_3d-tiles;2ab2b7a99a7d43426238945e1ba6064c4f3f0b11
cesiumgs_3d-tiles;2abfa8485686136d56f937aeb498197a2870e5d7
cesiumgs_3d-tiles;2ac37bbbf00b47013d767ad7ea0b6aae62a8cd68
cesiumgs_3d-tiles;2acb6acfe4e3c6c2f5c5dcc74c85204e8b6bb30d
cesiumgs_3d-tiles;2adeddd7e42b2cf813f5c1b5276b02a246c5d574
cesiumgs_3d-tiles;2afe2de42943ea21695276bb0fe0904b37535361
cesiumgs_3d-tiles;2b1ecbadfe8823f7930e75db7a86f35cde87db6e
cesiumgs_3d-tiles;2b28630294265866eb57844828791dc76c508c99
cesiumgs_3d-tiles;2b4a7321f11c8e3c148a4b0173df7396e93047e0
cesiumgs_3d-tiles;2b54ead6cca90f01f844264761ae1fd789df0cdb
cesiumgs_3d-tiles;2b6cc711ddaad080b4b43822be35e498fecb3b83
cesiumgs_3d-tiles;2b748dda49c7605bef01c6ab56450a38d0d72d48
cesiumgs_3d-tiles;2b7bce6193025768cc377046a51838c5f6dfa11c
cesiumgs_3d-tiles;2b8153ecc3c66b091bdbdfbb64db80098bd7446c
cesiumgs_3d-tiles;2b8179f9caf839162d069bb15259767ea951b37d
cesiumgs_3d-tiles;2b9da95ed113960aebc8db556d27eec30993c984
cesiumgs_3d-tiles;2bf82acf3100bbf3d7606373e3abee1776335cd4
cesiumgs_3d-tiles;2c01ac6072bd3ea5339622a0b5e26aa33377b412
cesiumgs_3d-tiles;2c476d904101a575c759fe59702d4cf3e07782bb
cesiumgs_3d-tiles;2c4886b66aaa561f9e088594a45ad4c72d36ab1b
cesiumgs_3d-tiles;2ccbbf7b3e11b2e4daf37c3ef047b87c13aff390
cesiumgs_3d-tiles;2d5be3a2063d839591dfabadab5f347928deec88
cesiumgs_3d-tiles;2d6bb7026611339a84c9dcdb16f536073da6f9da
cesiumgs_3d-tiles;2d9b6d1aeb7556f27ebf90d42b87757a216839c0
cesiumgs_3d-tiles;2d9c149408cc56c478d1fc51603bbdfc23436843
cesiumgs_3d-tiles;2dbea59c3487b5f80b66b90adad18dc0fc087570
cesiumgs_3d-tiles;2dcf9c0496a9cb141b91f16f0148c66d443bc0bd
cesiumgs_3d-tiles;2e06c23b3b4174f8647d516a5dff7af7b707563f
cesiumgs_3d-tiles;2e26998a07966ece2ffcf793bf2a436870730a3e
cesiumgs_3d-tiles;2e4643ee5dc8f31745c1ec3ab0f86bc42b4346ce
cesiumgs_3d-tiles;2e4c27d28b1929376bb7aff20122d64f72ee7894
cesiumgs_3d-tiles;2e523c39e191fd2f8d793c78ef274e06b963bcaf
cesiumgs_3d-tiles;2e544a0f0f556228a5c301fc056b9ccde8b3252e
cesiumgs_3d-tiles;2e5739f03b1932fa408532e5d5d5655c70dfe945
cesiumgs_3d-tiles;2e7460c65d393f6b5551d1a8b7b9545159653b1a
cesiumgs_3d-tiles;2ed8bd330bdc978c8493a98afc29ceb1afd5c112
cesiumgs_3d-tiles;2edab5b71d50d6d98efca8629eb3ff62a0af47c5
cesiumgs_3d-tiles;2ef7f1b99a50deb0050e3a9889ec53922571d424
cesiumgs_3d-tiles;2f41c3866d96220b12e2350e4dec7caaac9e241a
cesiumgs_3d-tiles;2f654be51ed23aab8d82a7319bbfa1c15f5c58cd
cesiumgs_3d-tiles;2f65de477d2b15568f21b160aa390b5318655bde
cesiumgs_3d-tiles;2f89c1bb0cd2757f757ae6bb2a9f2bc0a1e85dba
cesiumgs_3d-tiles;2f9314d9b85e0120c78b8b3e8822c056a4277730
cesiumgs_3d-tiles;2f98aa8f415b5d464e659302ef948711078f5a54
cesiumgs_3d-tiles;2fb553733a7ea4a98f9f7afc383927bf56cb458b
cesiumgs_3d-tiles;2fd09f409d1884d6655bbadd66b1d3493db76cec
cesiumgs_3d-tiles;2fef6bd0eba95554fb0cc17466c95a0ea42f09fc
cesiumgs_3d-tiles;30075480db98c8683cb85b6c20b616cd22db7235
cesiumgs_3d-tiles;302b0eafb6735356809c48451ca3b576e4cef0fa
cesiumgs_3d-tiles;303affa1e1d12641c8090337f2a9fdbb07be870f
cesiumgs_3d-tiles;304586eaf0892284a4c1d17d60ffad71c96db6ab
cesiumgs_3d-tiles;3054a0ac452bf018eaadb12c0e401f070725d33f
cesiumgs_3d-tiles;308178ba05c148d6b750dbff0aa27a0b379d8b40
cesiumgs_3d-tiles;30d2076ce5b0de3dd86aa419f03f2b7834ad23e5
cesiumgs_3d-tiles;30da66f348987ca0c3f50543e6392a766c41dd45
cesiumgs_3d-tiles;31145d8032664e858ac74b45a45609f0cd1807b5
cesiumgs_3d-tiles;311c65e3e3bdbf307b84a8b3a1288837ebf170eb
cesiumgs_3d-tiles;3133ce68ffc6e239936fcb1873ddb6cd9ff25d8c
cesiumgs_3d-tiles;314474bd31b42ddf7a8c8b489c61c61042e286cf
cesiumgs_3d-tiles;31948d95e364d13b189c28ddbf6249977d6b7ea1
cesiumgs_3d-tiles;31be0d65ecb3ad950b60665f3c1823108874e525
cesiumgs_3d-tiles;31ca462f80af946fec8a5aaa41698a33ead18b30
cesiumgs_3d-tiles;322769a1972b6541c085ebfde323f075c37a4db3
cesiumgs_3d-tiles;32534b767afe2b2db34e1b50645f3c0f87a63d4b
cesiumgs_3d-tiles;328b520506ef694370903ca388d44c137fa6d940
cesiumgs_3d-tiles;328c60672d4304ede21fce6dda8fb8f7b3ae8d6c
cesiumgs_3d-tiles;329034c0120ba29bdb9c654094356e30998a549c
cesiumgs_3d-tiles;32aed830ecf3c67ddd12fe6c4712da5ae7a97152
cesiumgs_3d-tiles;32bc6b0b104c315a18ee5b11d43c7bf2c04d0359
cesiumgs_3d-tiles;32bc8c217db8d2803be0fae1b375dcaddb07c660
cesiumgs_3d-tiles;32d6852ad789f8f055f0028b45887e9d4f7b3154
cesiumgs_3d-tiles;32e3b532688ecfa1bac7597c80d99325cc9f6dce
cesiumgs_3d-tiles;32e6e2fc09c55660d4bb55f482561e1c1eedc67e
cesiumgs_3d-tiles;32eeef4f8ff55e7e020a6b47c5c4a7574015b8cf
cesiumgs_3d-tiles;330e20b633ee905478ac42e5d20da6037d77dc3d
cesiumgs_3d-tiles;3354870f35820824bfbca43cf4bf883c24b8f9e9
cesiumgs_3d-tiles;3365a7bdd0faff65b88e1bfc7795b8e655f23276
cesiumgs_3d-tiles;3387ffb3bb72598967ef9045c1d326b781ffb478
cesiumgs_3d-tiles;338f9c361f6c312aa24bfc452f31eade59cb5188
cesiumgs_3d-tiles;339871fd37740ca2eee5251a30e70ba79ac2fbde
cesiumgs_3d-tiles;3398da297db8a8d8d5ba58a23d3e681e3795f5d3
cesiumgs_3d-tiles;339e17191849c8ffa360d099607f5a8ca854ae46
cesiumgs_3d-tiles;33d4d86f77438f8e79ce4cbbc983dc77aa11b5fe
cesiumgs_3d-tiles;33d669422686a52e39b7c260a80c0fc38051be05
cesiumgs_3d-tiles;33d93eb4f433fbb368aaf09658f4b5e7c97c604a
cesiumgs_3d-tiles;33e3b227f1ea53a21b934491886e80530d2feb12
cesiumgs_3d-tiles;33f7e943e4168855b45066226bb26b3f6baabbdd
cesiumgs_3d-tiles;3433286ff5a3f02200bc911ede1d2776ab502323
cesiumgs_3d-tiles;3448bb6744e92e06afa3c568ecae99d932c11904
cesiumgs_3d-tiles;34532f7b5f1016376d879ef47160b57598875b5a
cesiumgs_3d-tiles;346d9b9e4d9a930b56ab7b036bc9bc44b58c6149
cesiumgs_3d-tiles;347216cf7ec2c7ff862f70c2e3fc3813bf24f114
cesiumgs_3d-tiles;347e05951afd43b0ab674580573bbf605d5e5b6a
cesiumgs_3d-tiles;34a127f12f725b1420db47ca3b1be346102d2985
cesiumgs_3d-tiles;34d0445a2a393072747200cd7271adce5eabb138
cesiumgs_3d-tiles;34d854c1dba4cb8bd2ef249963a2b8cfb40b4d6b
cesiumgs_3d-tiles;35027b27db52794870be9aa8176fc6161b8576db
cesiumgs_3d-tiles;352b9cedc909280d627d37a6f9926d02b866e68e
cesiumgs_3d-tiles;352babeb0745d2423d5396c6955cde2c5f8573ea
cesiumgs_3d-tiles;353e75f11f222a480115b5a19e503d457f3fbbfb
cesiumgs_3d-tiles;3549fcc176cd2fa606ef61f41cc39bfc39f3b56c
cesiumgs_3d-tiles;354eea9f360234988dc7e7c31ab2c3122098e6eb
cesiumgs_3d-tiles;3558daa8213b7a702896a86d313d04efa0fac0e5
cesiumgs_3d-tiles;356acdbdb573e4f74271942b7294bc0d2907be24
cesiumgs_3d-tiles;357b172f8519fd4ed6f9e3eb881bee6a71830c23
cesiumgs_3d-tiles;35ad563b512d93d46dc77222fb9c0340bd8bd301
cesiumgs_3d-tiles;35b984da03706a3986b1bf124fe35e9fd2268dd1
cesiumgs_3d-tiles;35c5487d5574eb517f440835bd83c2aa17945129
cesiumgs_3d-tiles;35f93d538f188b4d209d5078ccd2438392358ef8
cesiumgs_3d-tiles;360b9243de4c35ba9ef8765f96f3c741ed1282af
cesiumgs_3d-tiles;36318d81c35bd67849d142778243f216393593e0
cesiumgs_3d-tiles;364107c186cc4a75d8f14c6f836e4cfbe7cb86b6
cesiumgs_3d-tiles;36a99168db8bd546d9279cc77d8f3a5c9686d3d9
cesiumgs_3d-tiles;36b160b6916ab6f52494bf1b625340ea9a126599
cesiumgs_3d-tiles;36b4ff2c1f2664b986749d73b4ad0f4278b507f6
cesiumgs_3d-tiles;36bd2bbc36bae43c4147bf2e503bb5e4d965d280
cesiumgs_3d-tiles;36cff3b4033720e4a822c1a16497f8e82ec870ea
cesiumgs_3d-tiles;36d176ac16d25893730902bc286d99f0da7c74a4
cesiumgs_3d-tiles;36dcfb33a3a94771b7f070aecad82855dee585a8
cesiumgs_3d-tiles;36dde4645a4b1f960ffe092a7ef50b085b5b752b
cesiumgs_3d-tiles;36fc9eac0513da9750f21d10b39ebcd9575c7092
cesiumgs_3d-tiles;370ce3393e7b4522d3a599ac818cb63ee635aaa1
cesiumgs_3d-tiles;370d7dedf732734dede17866b95b4d617a6c5bb2
cesiumgs_3d-tiles;370e9af092eea30d565e1267263fb88c37b311fe
cesiumgs_3d-tiles;372d5351b79e77b50c7b98bfb6936018ae1b76c9
cesiumgs_3d-tiles;3732f7803491629eb18537a3f3ddc97ac1074a8f
cesiumgs_3d-tiles;375ea960ad36432cf36c9471783de705ec472156
cesiumgs_3d-tiles;37689e6af23e6da9b647a0632bc8f02c250162a9
cesiumgs_3d-tiles;3770defb9a77dcfdb3054e6e95aa80243e37544f
cesiumgs_3d-tiles;3774be38d29e7f6b63a0554626693310012b0b46
cesiumgs_3d-tiles;377b29e88d3cda023ed5c403f1f4de3e4b83d6b8
cesiumgs_3d-tiles;377fbed0a8382e967b8fa3582d696bee65617329
cesiumgs_3d-tiles;3793235948911c07422d549dae64c5435eb819d1
cesiumgs_3d-tiles;37af0804d560c277fb5c46f527cc6ae835c0e7f2
cesiumgs_3d-tiles;37b5ae479467039dd09618c43431341f09aaae2f
cesiumgs_3d-tiles;37c67a663985f5a5468bdeee1df794b24c4702fb
cesiumgs_3d-tiles;37d74a5cdf5f0e5c5eb49f2b919e261e9def6ee4
cesiumgs_3d-tiles;37daca4a0dfad8b2b4b266f155bf33bd4e72d5e0
cesiumgs_3d-tiles;3814078a00c38a91e597e743687be565cdb41651
cesiumgs_3d-tiles;3817e5e276a5779b7fb9a79605424866f6c619ab
cesiumgs_3d-tiles;3825c23bcc5fc945fd7998052095bbb4f5ed73ed
cesiumgs_3d-tiles;3830592e41b241d2addcbc306a37540b54ff7966
cesiumgs_3d-tiles;38399714181f4b43ff2aae3415b18a51d4d35672
cesiumgs_3d-tiles;384e74911c1aa716b345c85e3467e75f3d88ea85
cesiumgs_3d-tiles;38577dc75e88c7a4363914f24f0097c25d0e0b12
cesiumgs_3d-tiles;3879db6d1630446583f5c6b099a415d531a38e0a
cesiumgs_3d-tiles;3898281216ae35918f3e0bc0de58f280682bb0d0
cesiumgs_3d-tiles;38ab31b4cfb4bf789c9e26ad619a0c8a871ed669
cesiumgs_3d-tiles;38b6d5133b73d7545b7011391ee6343559aa66ec
cesiumgs_3d-tiles;38d009c45322fc707091ab0d7fc4f37ea798417d
cesiumgs_3d-tiles;39187a9edd9419158f0b59dfd8b95b6c5a023343
cesiumgs_3d-tiles;392c4fa6eaecb88c084fa27690ade94cb271eab5
cesiumgs_3d-tiles;393a2eaba23b5a747ea00d7346b175649a4d6816
cesiumgs_3d-tiles;395242d1bc9e13393c5dff38b304e616f423498e
cesiumgs_3d-tiles;398ef0982d5b3fc8757292393c77e80f53e067da
cesiumgs_3d-tiles;39ab24b1d194fd0263c62f188786cbc83e239263
cesiumgs_3d-tiles;39ad1f7c73562b7936420a220fe31fc42cdd7e2b
cesiumgs_3d-tiles;39c0188f219d8894ddde56dfbad2ee17ed06d172
cesiumgs_3d-tiles;39c35ebe2abd817bd41a4133efb3cac0eeba3ba6
cesiumgs_3d-tiles;39de71dc33b5ea4d982b293e18fe241720a0a63c
cesiumgs_3d-tiles;39ff902c75bd3620ac83e5327c40ea5b198e8315
cesiumgs_3d-tiles;3a13438cc96b34988b119e03da4ea2566029d399
cesiumgs_3d-tiles;3a166aaa5ba5a71b46fef433b5472d09f124b8ca
cesiumgs_3d-tiles;3a2ec2095ef8f14fa707cd6c7fb001c1b19fa911
cesiumgs_3d-tiles;3a45c6153a6846014e93d23e27521e02474b0d06
cesiumgs_3d-tiles;3a88fc7658cf2fcf848d3f4801dea179a9c39f56
cesiumgs_3d-tiles;3a9782f7c331c8f14e10e4ecb86669b9b0d6a68a
cesiumgs_3d-tiles;3a9d0a33e5e5ed1d1736cc4c3954f62543b1e401
cesiumgs_3d-tiles;3aab6fb23ef22bfc2e543274fcdae5fffd5d1f21
cesiumgs_3d-tiles;3aacdc947b0b59a614d09485f6aec71445bbca5a
cesiumgs_3d-tiles;3acd529e33e03025f43aa7ceecaa47385bbc6988
cesiumgs_3d-tiles;3ade421960ebd793958eaad2d62b36f4496dbcd9
cesiumgs_3d-tiles;3ae823ae394eec9cb20bc02cd4a1709cbe85d067
cesiumgs_3d-tiles;3aebe5a2ab3a2962f7199fd9c0307143f2a1ca2c
cesiumgs_3d-tiles;3af38f5f9afbfce987b02b18bb19306d3ac6e3a2
cesiumgs_3d-tiles;3af6ffc4c1bf06b39eceaf4db898171d2e13e2b9
cesiumgs_3d-tiles;3b2996e17e69c672fd1239455f3614e6fe12893e
cesiumgs_3d-tiles;3b357e77ea7f9592ae7b070862802895c76d64d0
cesiumgs_3d-tiles;3b441bebf882952b0e23d35bb8963220d73a431d
cesiumgs_3d-tiles;3b5788c98f7d26c419cdc32ea6a23eebfd526f1d
cesiumgs_3d-tiles;3b75f43c02a7837e2e54738a9d5fbe202b67383e
cesiumgs_3d-tiles;3b9fa881eb57045c7a20be97df658f2e0ded7691
cesiumgs_3d-tiles;3bb180b99c77d51744981190687fe8edd1134dd6
cesiumgs_3d-tiles;3bc0372e6c40d8587ec4e063c2942a840c5cc424
cesiumgs_3d-tiles;3bd39115821f581f4c37ec5d79017157ee8c2895
cesiumgs_3d-tiles;3bd5cae2fe2891ddc1ca9fb9556e9088af7d1b54
cesiumgs_3d-tiles;3bdaada6e0246b4273b81b515a695436f2503fb0
cesiumgs_3d-tiles;3bded10d5f1cafed8235d9b2df6ea0ef5aa40829
cesiumgs_3d-tiles;3bed9f33e04252bcf38728ac2ad93a459df42e37
cesiumgs_3d-tiles;3c3cafb794d2f62ca5aa18f7aa8cb633bba9bfe4
cesiumgs_3d-tiles;3c70a9c3d58f612218f1f51b12d2a0d92b3c9e32
cesiumgs_3d-tiles;3c972d6e5fdea721039f64d7da16274605abcdf5
cesiumgs_3d-tiles;3cb26053c999b21e5c91a906355efd11fc80a2a0
cesiumgs_3d-tiles;3cc445d54023a39393746fff608201290594d7f0
cesiumgs_3d-tiles;3cc8d41d7486a65077cb44726dd66854308cda9b
cesiumgs_3d-tiles;3ceef805b15155efb5d481751fa6e26bcb761af4
cesiumgs_3d-tiles;3cff17ea89f3c7bba86870a0482e72c3eb18c300
cesiumgs_3d-tiles;3d05976478fa9c17b7a9769c9be22e893b908a93
cesiumgs_3d-tiles;3d4971495e4219572d50b02b799ef942cd7fc37a
cesiumgs_3d-tiles;3d59901edced2a8ab4e488df3efba55a8ee20c5b
cesiumgs_3d-tiles;3d784c94545238a91ad25097b272c2c62793c017
cesiumgs_3d-tiles;3d9f6333cad4aaf47e43207b102d607c63b7dd7f
cesiumgs_3d-tiles;3db74d71728072073d61cd1745b1b27ac46fe810
cesiumgs_3d-tiles;3dbb617fe635cfb9c1cae58c767b6bd6abdbaaee
cesiumgs_3d-tiles;3dd9c6e0a0ee83c412ffd69782a940653be1e956
cesiumgs_3d-tiles;3de01793015f4d229c14b3afa0ec724b8d284741
cesiumgs_3d-tiles;3df8871452b27e60a3ac5d6b0780ea78ec344807
cesiumgs_3d-tiles;3e606a131cb7b9cd46f692531b96826ff26f7df2
cesiumgs_3d-tiles;3e65b1c5e4c64769510240edbfd76e66a0bcc872
cesiumgs_3d-tiles;3e7b8c36f876caae169ff102d4ca31c7cc02c6cf
cesiumgs_3d-tiles;3e8f83981a8619fcdead210bcc99cb5eaed139da
cesiumgs_3d-tiles;3e991846af65c0a1cfdb362e7acf2e5eeb87a8d1
cesiumgs_3d-tiles;3ebac090092beb13bf374736632aeb85d0d17e8a
cesiumgs_3d-tiles;3ed7328929547a17936cc8760facb617434e1568
cesiumgs_3d-tiles;3edb91a57b9dfadbcce2475ede0e6565a033f821
cesiumgs_3d-tiles;3ee271d63d1d41a52b6ec9a8a0a4fa16955c2017
cesiumgs_3d-tiles;3f1c8ffda9278d281579b8a81f697721f35c3ce8
cesiumgs_3d-tiles;3f69e3f2f56ef00f3836811eef111967344ef700
cesiumgs_3d-tiles;3f9b35345c137bf31e1512c5b40b8abb1bab11dd
cesiumgs_3d-tiles;3f9eb55cfe9785c09a2c984198f388343642e2d4
cesiumgs_3d-tiles;3fbdf79ab1d960224055751675186529a9abdbca
cesiumgs_3d-tiles;4043af76383604341eae4b9f0c1b128dba004129
cesiumgs_3d-tiles;404dbd507d59ba58684436cbbfbc45f60f89229d
cesiumgs_3d-tiles;4070c8a272585a28a440ff9d0a1ce469c70aa5af
cesiumgs_3d-tiles;407ab1a6952db5ad436240141c16137ed4c39a16
cesiumgs_3d-tiles;409a2acf516b68e6e9730bc12fac3eae70180d7e
cesiumgs_3d-tiles;409f12a31d88e7d313a131fb181d109b65977703
cesiumgs_3d-tiles;409f2cc292e318c735169ab7b9855dbbacc5620a
cesiumgs_3d-tiles;40a00bed05700e449a94c9ba85a765854f840d48
cesiumgs_3d-tiles;40c1b2babb50a614b95af1323e25d6db34d7e289
cesiumgs_3d-tiles;40d8a8b3efc5046fd020a49569b1a5865aa3a426
cesiumgs_3d-tiles;40db8394dc7d4d571b96eb3f1a0d13084d260771
cesiumgs_3d-tiles;40f3813777be5a9129b9ad93c9932918d84e6695
cesiumgs_3d-tiles;413329c3d7eb5cf27fd08e852bd4b381665ead1b
cesiumgs_3d-tiles;4140dd638fd0834d85bd6fb79eef3ef732bcaa3e
cesiumgs_3d-tiles;415bdaac62841ef55ae71a138e6d091ad04e0cc3
cesiumgs_3d-tiles;415d0873daf37726c901fcb1a1a018eaf4492196
cesiumgs_3d-tiles;4170a725e307b18d9b82626fac904945ed4b2b21
cesiumgs_3d-tiles;41a36ea9b83dab1088ccb572cfdee83a891c8949
cesiumgs_3d-tiles;41a4cf4082ce71f42f1e2ca6807db1c2bbbb1bdc
cesiumgs_3d-tiles;41bfe3c74eca39f1e0618ac143cd124344f1a120
cesiumgs_3d-tiles;41e98f73e9d0889ed8c939f46017af10f7d03783
cesiumgs_3d-tiles;421818de27cd046cf5be55da5cc86400e12f8a3d
cesiumgs_3d-tiles;429a2cc7101f3067fc16afdfc1357a12e1172550
cesiumgs_3d-tiles;429f94345f7aee9327dc400051f71b0925a2aeaa
cesiumgs_3d-tiles;42e879b0b01a058b752a7ccabbfe9b40a6714df7
cesiumgs_3d-tiles;42f8218de40a2de3c1d9d8fe5ff5aa24cb16f030
cesiumgs_3d-tiles;430e4b08296d59159f4e78e434888d4693c7b596
cesiumgs_3d-tiles;432c3e297c47727c6077875e574d934ce3db33de
cesiumgs_3d-tiles;432d20d7a43a2dfc252ec157ca3e84350d8dfaca
cesiumgs_3d-tiles;4346ab158d17d1a3eb418af3de583d9292e15fe2
cesiumgs_3d-tiles;434bd7106af4c595d6cdb011ee12bb3df82d0be1
cesiumgs_3d-tiles;4391342f66dbed46993fc5a292758748a8c6fda5
cesiumgs_3d-tiles;439ac6106e190ad10c93fffe5291c3fc2e4ea616
cesiumgs_3d-tiles;43ad9c017cfa6b108e023f6ca85f50b2a0880006
cesiumgs_3d-tiles;43b98786d95882d4cf9345116495c55af53a622e
cesiumgs_3d-tiles;43c2c25cadfe3b98873b5257979ef131168821e2
cesiumgs_3d-tiles;43c6d7b591b1b6cc4b17305b6a5d95b436797b98
cesiumgs_3d-tiles;4400761ebcc2b65ace17e77b218fa6699df78af8
cesiumgs_3d-tiles;441375f0b44ad09a7cf41ff47d0b0aa893afcabc
cesiumgs_3d-tiles;445a179b5a5b74a062656377f25cd945912d837e
cesiumgs_3d-tiles;4460533b856278f4c481acc842cc8620b6d78855
cesiumgs_3d-tiles;4475a14c76c8aeef4eee604e9058077dbee771cb
cesiumgs_3d-tiles;44915f41c7b2fe17fae15317cbe0e7c842895459
cesiumgs_3d-tiles;449bd5a742eb6a3b62d0bdbbc0e561f1be42dc45
cesiumgs_3d-tiles;44b4ec830cd9ad761bff28361e7be708e9925742
cesiumgs_3d-tiles;44dce93902d0dbf66e510d9f4c358397eb2e733b
cesiumgs_3d-tiles;44ec275a4881b37812c3dad9d706ab6aee251e1b
cesiumgs_3d-tiles;4512f4a0db8b343cb343624fc3dc4c1ff85968bd
cesiumgs_3d-tiles;451b63f2629220001c6fed3027e43c97550c7fa0
cesiumgs_3d-tiles;453b3a30dac6b29caf0a9c3c17a908de67ed3de3
cesiumgs_3d-tiles;456b23dec4f0a2cb516402cab2abc262da89e298
cesiumgs_3d-tiles;4573577aa561bb09f0a0253a6cb514be10a02e44
cesiumgs_3d-tiles;458c2d6ee83e1ad0c848601035a4c54dda284f88
cesiumgs_3d-tiles;45ba294a6097aa7a784a2b4a1a3122ec01e976d0
cesiumgs_3d-tiles;45d07c3a4a6ff6928cc333893c5ded081e87610f
cesiumgs_3d-tiles;45dcc5f5b2d77ce584e6db8e58ffd1c7da0e3d61
cesiumgs_3d-tiles;45ecca2d8697a37e045ec4cce9c454adbe8cf80d
cesiumgs_3d-tiles;45fa8b27dcc58b5b28b7ef90bddd762dbc799fcb
cesiumgs_3d-tiles;4615dcb0f972291d61038b7de67764afa7c5e617
cesiumgs_3d-tiles;462b5058e4c36f8ba6e161b61f31ddd5c16aae51
cesiumgs_3d-tiles;466d50d7cf832a568ecded0a2659c1b29272d6b1
cesiumgs_3d-tiles;46729c6308424d4fbd90311e586890e4e54ace44
cesiumgs_3d-tiles;467d8d42ab998e8dbdc15681d3e2fd40d2767210
cesiumgs_3d-tiles;469a8609508a7a64d684ced3f2c30b4152669d7c
cesiumgs_3d-tiles;46bcb6f4e398502cfd0a5761dae14ff67b85def1
cesiumgs_3d-tiles;46be4e759d24c4517275f3916aa55a1a1537202f
cesiumgs_3d-tiles;46c6c78aadc5b34129753437041209600f114674
cesiumgs_3d-tiles;4704a9c020acf9833f6728732bc1af839c7c8832
cesiumgs_3d-tiles;470dbc15eaedbe09babc35d858e58d780ae4094f
cesiumgs_3d-tiles;47182e9bc6dc185eaba3d5d58a04755f3fb3454c
cesiumgs_3d-tiles;4721deb676c5fa1236d93c9e9a7dcd8714665a89
cesiumgs_3d-tiles;4735974fe70f8e620cd1442ce31e4fe6bacd1ce1
cesiumgs_3d-tiles;47384d4fb283ba5298a89bc894e9a86e57fc5afd
cesiumgs_3d-tiles;47472df263d1f6882a23a48e4622a0e0ba9f886f
cesiumgs_3d-tiles;476858c6ebd07bfc4e741194a2405489a0884e48
cesiumgs_3d-tiles;47a1e8f9e1d6dd3362fa3cf0e610d9bcda2d653d
cesiumgs_3d-tiles;47a7e8ce7cab03dc8f2d822d5305454c99fc298f
cesiumgs_3d-tiles;47bed03b7d2e82819af2b970ef3c31f3871726a4
cesiumgs_3d-tiles;47d6089d2a9998318f22c07aba9f61cbd8b0f7af
cesiumgs_3d-tiles;480e1a98790cc49f53fcdc7562e4ea9f0fe81b91
cesiumgs_3d-tiles;484e21337b785cf2fc6134f16a95ecca3a86af4a
cesiumgs_3d-tiles;485526741e5345a76d89e6379ccc7b41ad0e356f
cesiumgs_3d-tiles;487b25898ccba851c4036231aa45d42e55dfdc90
cesiumgs_3d-tiles;48a2d62050e27abc645e38822f3e4f6d165c5707
cesiumgs_3d-tiles;48b465f40c12eafcd4ccf6ddf2e71340f6767c7e
cesiumgs_3d-tiles;48c484146b3d28d79f76c28899ba74e4df6c50c3
cesiumgs_3d-tiles;48d5f995152d72481e4a6aa61931865dd1e795de
cesiumgs_3d-tiles;48e9e205afc7f022bbb9ed34da08fe939dd1ed56
cesiumgs_3d-tiles;48f6e920439bb6e5fddfd2a47e06f54f1b427730
cesiumgs_3d-tiles;48fba38a7856432e3cd8af499481e800c81ed6e6
cesiumgs_3d-tiles;49067b02e826ebcae8d714028d7d5c2b667254f3
cesiumgs_3d-tiles;491a43afd68cc72e10ad1055aff9403ad86fa592
cesiumgs_3d-tiles;492adb06b00870d9ee99b8d97c261a466783034c
cesiumgs_3d-tiles;492be698e03657197491448995c4b85836aa5686
cesiumgs_3d-tiles;49313563b57358fb0aa9b5c4c30ef78ae57773b7
cesiumgs_3d-tiles;49419c4c5177417af091e466c347ea1dcfef7bcf
cesiumgs_3d-tiles;49699b4953f26ba8dd7abf085c87c0d94d11ebce
cesiumgs_3d-tiles;4971ce3261597dad4834622e1ab703ff944811b3
cesiumgs_3d-tiles;49732c3ba0b67db4f6a2a8f9f3337a7876c39371
cesiumgs_3d-tiles;498f39151edfd2d00667dac75d079ba7f37b1930
cesiumgs_3d-tiles;49bf1c23e1dd50c4e0bbe0cc580220bb7513c129
cesiumgs_3d-tiles;49c246cfb19cc4930d64322ff595e16f2134ccbf
cesiumgs_3d-tiles;49e1575827ff14fa0ba8af06a904b5a4acb5b2f5
cesiumgs_3d-tiles;49f0c234a3ff903a5bdd23752329fb3529afd114
cesiumgs_3d-tiles;49f99eab54a9f18a7874767c0fb62ee05f9b019d
cesiumgs_3d-tiles;4a1dbfc51f91042e2476fb513b126e0b473ceed6
cesiumgs_3d-tiles;4a429b837a472be6f2a8c839e365ae1a470d9209
cesiumgs_3d-tiles;4a6f62ef749931a26c13f5d22263641ca46f8772
cesiumgs_3d-tiles;4aa21dac10e01871cada49056dfe4b85217355f8
cesiumgs_3d-tiles;4aaa476751b0e9ebac1ed97971a413c3e6ede41f
cesiumgs_3d-tiles;4abe20bfd7d40cccf501a5c9db03ad4a112a25d3
cesiumgs_3d-tiles;4ac0e1e4af69abdd282d5ff0697a6aa70d9b6db8
cesiumgs_3d-tiles;4af223f7648356867c92c4a5a310abfdc6054cd7
cesiumgs_3d-tiles;4b01519d584c5933124f5ce3e0eb048cf3b954c9
cesiumgs_3d-tiles;4b453c5c58d00485885611deae4a2f2ff686ae1b
cesiumgs_3d-tiles;4b46afec35a1a5c1ae3631b8d20c30189195f03c
cesiumgs_3d-tiles;4b59a6717ae63d512b7d58d88f22db4a89cbc249
cesiumgs_3d-tiles;4b660522ec621b223f7ca1cd974324c9e4cd3794
cesiumgs_3d-tiles;4b6682b19705e5876444511959fa0345c11ad054
cesiumgs_3d-tiles;4b6fe12c95cb44c9070d042530ce75a4519d8a15
cesiumgs_3d-tiles;4b8baa5d4dabe1fbf955c4c46c3149753480441a
cesiumgs_3d-tiles;4ba746a98d3bc5b958aff84ec1eb364905a9266c
cesiumgs_3d-tiles;4bc6f90fec87487524411d3392ce3234381e6f4e
cesiumgs_3d-tiles;4bd0d0bb62c5994a6f23f5b9e2860ddc19c26678
cesiumgs_3d-tiles;4bd1084e677ba119846342f55022ba3d4f3ecd5a
cesiumgs_3d-tiles;4c0909034b08656766f8df98ce1084600445b58a
cesiumgs_3d-tiles;4c32c3bc3063b2440d96de800054a1b511dde65d
cesiumgs_3d-tiles;4c474626e3bc980e8fc3e2b90ed28d6f7df05853
cesiumgs_3d-tiles;4c85e5b34dfaf38e4b33752504348c3964cca2ab
cesiumgs_3d-tiles;4ca2a1ca61f3ac3c4e17bae0d51a8331d4dc8cf0
cesiumgs_3d-tiles;4cc944f6e0ca8c0c2f1a3c5f51a3d129e2e60bb6
cesiumgs_3d-tiles;4cdee187b1815e4534aae2df20b4ae6577cc4d8e
cesiumgs_3d-tiles;4ce23f89814030b35641f753fd307f7405a0ac52
cesiumgs_3d-tiles;4cee57faa212b97279a5b061b8a886800f8d91b1
cesiumgs_3d-tiles;4cf46ee599b653d978c656f5755bfd5adc1673c5
cesiumgs_3d-tiles;4d0662726419bd037fd4c8b5801b465fffda874b
cesiumgs_3d-tiles;4d1e322f40ef6d05ef699456b7eb01589e1384c8
cesiumgs_3d-tiles;4d51f22b964b23f20083cfd1b4d84dcd7987495e
cesiumgs_3d-tiles;4d861f664f40c3e6664e928b3efdf8db385b5d7c
cesiumgs_3d-tiles;4d8b3ff1682b6efe43f3935739a292a417ef7dd1
cesiumgs_3d-tiles;4d92ba0ecda99d536fb4ffc8bbc904d8cf223a13
cesiumgs_3d-tiles;4db89fa7f4f1369eefb6eaa44debda2f833fb4c0
cesiumgs_3d-tiles;4ddcaf4f46d845a64652de617aace7f605096eaa
cesiumgs_3d-tiles;4ddff45f460076da88a418911eaffc2b43956d3a
cesiumgs_3d-tiles;4deb423f0e96e6a88ee2aa206f7b13e05f3c6413
cesiumgs_3d-tiles;4df538bdec857421d5b7900c62eae59839f2a29f
cesiumgs_3d-tiles;4e4122b6a203a50cf3a2ed06d2f6bbce8e8484b3
cesiumgs_3d-tiles;4e6c5f564c3ca57fde57e3b99577b033c959b5c3
cesiumgs_3d-tiles;4e71269c16b6cf4f1720ad8f68841ca19a67d9e9
cesiumgs_3d-tiles;4e857bc04c646e74a658653092bcceb08c7f3221
cesiumgs_3d-tiles;4ea5f0ec0b3a476b62c674e7f01df7c813c08294
cesiumgs_3d-tiles;4ea82a9a61f64e02ea27375b004f31d9bcd8ba8e
cesiumgs_3d-tiles;4ea9b96086258427630a6cc8c2ef209384390d3e
cesiumgs_3d-tiles;4ea9d2dbffd3c4d4a05936e027c47bb95dc34d56
cesiumgs_3d-tiles;4ee8ccffa200dd1b2aeeeb7db4ebfcb92f72678e
cesiumgs_3d-tiles;4eece08fca0484b5dcc9eab83da8545913efee6f
cesiumgs_3d-tiles;4f280a3f11c7ae6ad194a158adef5df8f79e1c01
cesiumgs_3d-tiles;4f45306a842cc8a13bb0b0265fb6edc018708f06
cesiumgs_3d-tiles;4f4c9402d3ac778745705cf2b5b26e4dc50f47c9
cesiumgs_3d-tiles;4f50fe2eb2a8d1f5552d0e50dd43602410bcca24
cesiumgs_3d-tiles;4f6fc6857ed74473074be07078acccc568159dc4
cesiumgs_3d-tiles;4f855b337f1c1e79a49f07eb31ece949ee9d0b66
cesiumgs_3d-tiles;4f9903ad25fdcd5a92e57c8c57fadc87869a9231
cesiumgs_3d-tiles;4f9fd5005302ce2d88e52a289ea4e0132c21a979
cesiumgs_3d-tiles;4ffbfa86b968f651dc1db3f297fc013a9dacd5f1
cesiumgs_3d-tiles;5015490b8a0ccbdf2e1bae11e9c1514ebd88cbde
cesiumgs_3d-tiles;5020644511e587b41208b22b33d41061b37aa7c1
cesiumgs_3d-tiles;5026838066c4ff87ed6557c8309c7ffb82974cce
cesiumgs_3d-tiles;503b991f6633c527aca7c120b0c6964c410abb04
cesiumgs_3d-tiles;504689098870f2b97904ca330bd3654f05ff156f
cesiumgs_3d-tiles;5063f6839090459a5314f36042703057be092c4d
cesiumgs_3d-tiles;50a3ae1da336da01c054972718d2effcd1daf981
cesiumgs_3d-tiles;50c17ded14fe1f8a4f0a693425c3b7166e34d9a2
cesiumgs_3d-tiles;50c9f976f1f190578c590bf5d76642b1814af762
cesiumgs_3d-tiles;50ca4c646da460395b0a06ed85d7f54a727e09a5
cesiumgs_3d-tiles;50d1eacfbcbd75ed1a5a6fb13d71d8d4cc6aa256
cesiumgs_3d-tiles;50d8f0778eb6dc759d5929edac7c079b280b9ce8
cesiumgs_3d-tiles;51098594e11289b23235d14178fd58bf044c6c0a
cesiumgs_3d-tiles;51173939e51e695379337afbcc6983261946d39e
cesiumgs_3d-tiles;511fc9db5544314e56bd3a324f8bf3b04b23915d
cesiumgs_3d-tiles;512392122952e026b1fb3323d55f8bb03b5596dc
cesiumgs_3d-tiles;512e39e7af8e843e846efa8615545a03285b0f39
cesiumgs_3d-tiles;5132751a174b3a2b0d8e6c59adff3aefb253c67d
cesiumgs_3d-tiles;51389d985d3c94ced02694b1f53f39bdd63b8198
cesiumgs_3d-tiles;514137ad8e1ae2d5f3f41f2e7fef510d6bb42e01
cesiumgs_3d-tiles;515917204b93652616aee69922d5b8469b28d8b1
cesiumgs_3d-tiles;515d773d046de7e814bd772c2b110301d25ed566
cesiumgs_3d-tiles;517f04c38f6a84d89d67e140fcc71304949d0e27
cesiumgs_3d-tiles;5191970b74abac78d89e5ee7c91bd555ee80915d
cesiumgs_3d-tiles;5199ebed3cf3d94b31a8230ef4a3f8bb9de028fb
cesiumgs_3d-tiles;519f006144812db86e15134df122ab66110f0740
cesiumgs_3d-tiles;51aa9ceabaaa6bdf7d9645e54c610480b4122a2d
cesiumgs_3d-tiles;51ad1250dcc9dc240257005ae4b5115dd3b66def
cesiumgs_3d-tiles;5208a72cc60a5d16d78cda8fbc9025ff97eb3fd6
cesiumgs_3d-tiles;526bc35f6d5e05d2d7313e92226874d069a7aa8b
cesiumgs_3d-tiles;527312e9443f0dce8fdc1483129b14ae3a8d03c9
cesiumgs_3d-tiles;5291ca79d556a271b4ccbbcc05e91c52d45cf9cf
cesiumgs_3d-tiles;52b2794e43b5692a0e88fde6eda7efe79469dd34
cesiumgs_3d-tiles;52b4f6f553c66b26c563f0b3877dbc411f770935
cesiumgs_3d-tiles;52dde10c5352e277e1189406085573d3b33ff8f9
cesiumgs_3d-tiles;53280215be8ba518a785acafb8648ef79b060802
cesiumgs_3d-tiles;53481cb3115240455191286b1fb9f6c2baf73928
cesiumgs_3d-tiles;5367720a417d7741b0f613fd29d0a584990a6548
cesiumgs_3d-tiles;536d4c9362b2c821f3dc126655076e75ab6bd76a
cesiumgs_3d-tiles;540a6b4b5093459e5aab5814dadf418befb19867
cesiumgs_3d-tiles;5424f918bd7114f0650165a4393005d91664fd1f
cesiumgs_3d-tiles;542a26fa81e05fd731bf9172a171e5cc3b5b6947
cesiumgs_3d-tiles;54724c85f724a3406b9d6f6b09c1b20079a1c94c
cesiumgs_3d-tiles;54b96f77cf36d61bf244cfd575096aeb13ef7db2
cesiumgs_3d-tiles;54ba552a7a0f9fb2fbbae12ffabee8c21a7861f4
cesiumgs_3d-tiles;54d4cc36bfa7a2e0c225a3afe291cf067ad6cb44
cesiumgs_3d-tiles;54d7750be003d81a9e3a3b2f9a1a533e7f8af38d
cesiumgs_3d-tiles;54f693b7d332891e4f06ef751068deece76ae837
cesiumgs_3d-tiles;5520084c95c701e4a8afa1368087153cea0ee7d5
cesiumgs_3d-tiles;5520a9e0403f07fa8f73fdaea60173eb0b840cfc
cesiumgs_3d-tiles;55433980cad89019f2e999630099579c9febbacd
cesiumgs_3d-tiles;555523520261b23cbaab3dad234de86f2a2b81c2
cesiumgs_3d-tiles;5564dff388df299669dac006388a769ba10053fb
cesiumgs_3d-tiles;5583d3dd97fe55ac00f3ba0ab60b772d7014e47e
cesiumgs_3d-tiles;5586e25c4b22e811d09801836af5399b53ee4c9e
cesiumgs_3d-tiles;559a8b3a77a04a86a08ddb60a7a037a454bb4a9e
cesiumgs_3d-tiles;55a2960d67957bc31dc92e31b9c7a387ab673385
cesiumgs_3d-tiles;55a582dbdd87e9b6b063b7dd5b2e18cc9baed6b7
cesiumgs_3d-tiles;55b79d411d8def9d3d4eb0a2bf4679d4608a8f63
cesiumgs_3d-tiles;55b9951c94862cf07043c933809059c9e398e1bb
cesiumgs_3d-tiles;55d87a59af2300500da1c01a4339ceacfd9bcc40
cesiumgs_3d-tiles;55e2d6f838ff6b8ed2b784be413b933b57764c15
cesiumgs_3d-tiles;55ee416b231974c65efe0f64e5c35864e953fadd
cesiumgs_3d-tiles;55ef045a9f8ba1236cdd64c98fae43b00eab9b29
cesiumgs_3d-tiles;567ddcf55bdcc071ac9bdeb76e5f6694fcd1bc9e
cesiumgs_3d-tiles;568c72f82b3a80542b21c86a9d135b8f2998154c
cesiumgs_3d-tiles;569cfa15b57895d95ba3174e8d47d06384255206
cesiumgs_3d-tiles;56c68a95b333d3d5d3228fc5a04ce0fe70577940
cesiumgs_3d-tiles;56ce213e61174fe87aea05c638422ad696341573
cesiumgs_3d-tiles;56d4d0302640682b2f3d2c31062d524ed87c7dbf
cesiumgs_3d-tiles;56d64d704b5b109b74c01d027c21db633ce299e4
cesiumgs_3d-tiles;56e5c59fe4ef189046a9375099ec7cad078f0e0a
cesiumgs_3d-tiles;56e7b8dc6758ff24a6cda5a0486ccb996fe47e56
cesiumgs_3d-tiles;57041830938a3d6fdbb7b308ea468d13bed28899
cesiumgs_3d-tiles;57286bf2545badb7bdd6868ccbc1da7ccc2a4a28
cesiumgs_3d-tiles;573ad475c2d0d08bc3e342d0564663b169d192eb
cesiumgs_3d-tiles;57576261c90d5af3a159004c241a514a0a9e8e9a
cesiumgs_3d-tiles;575a348005b8de838ac49bdb7a1447cadefc1a7c
cesiumgs_3d-tiles;578707a0e8222922d1ad3288736de1550d2a3761
cesiumgs_3d-tiles;578f57b5a200aa23378f4586bd297e9e09485332
cesiumgs_3d-tiles;579502aa277035ac3d98e257eda279085a453aa1
cesiumgs_3d-tiles;57d4974ce037a306ad6762ce3b19f2b1e7e0cdef
cesiumgs_3d-tiles;57d4ad572bec2cf6bb3fad2cc288ae89a7e5b4e0
cesiumgs_3d-tiles;57d6536e3af08da4354f6fbbd83ee10c14af0879
cesiumgs_3d-tiles;57d72c8b59b0ca65001b048b5cbdc0340be7c8f9
cesiumgs_3d-tiles;582bf8f2f0b60df1d606ed2b310a4442fa67eacc
cesiumgs_3d-tiles;58b59d92726d7889c51b55129bc31ffdd41e033a
cesiumgs_3d-tiles;58bc518df1ffa1f0d9d9999f4ad642e2a2bb5dfb
cesiumgs_3d-tiles;58c4e562fa0d2e4112056d22648b5e10f0cd241b
cesiumgs_3d-tiles;58d6d7435cc51715f0aa6b593b78ffb0b4243414
cesiumgs_3d-tiles;590cae1f59a3c248e542c2fd8e3ffaab347ffe9f
cesiumgs_3d-tiles;59247c49c1a5046fff9498e1e55021b60f20efcd
cesiumgs_3d-tiles;5934c0bb082537bbdbad9ecd503dd2bffa80a4b2
cesiumgs_3d-tiles;5943045b68e86806a7594d224e6d41b9347f509b
cesiumgs_3d-tiles;594ff9ade4fc9e0c900315643f3a548f43095aea
cesiumgs_3d-tiles;595925c4a3d81a456ba83f4f2b96a0f5b76d7cfe
cesiumgs_3d-tiles;5967578e81283652ad5c135859946512904ffce1
cesiumgs_3d-tiles;596b1cc7772371fbedde51f8b686623455980127
cesiumgs_3d-tiles;596b6e0a449d5153f22340f56965d86c7b0dad62
cesiumgs_3d-tiles;596d30eb327203f87f443615626ba2acb2a70e0e
cesiumgs_3d-tiles;59a9c4a3ebb4a52faa5a625090c4bdbe559b645b
cesiumgs_3d-tiles;59be8ff2c686e2bed3c10d6608ac480d3dbecd79
cesiumgs_3d-tiles;5a08d5cbd97c68f446e78ac1603a60b5932aa75e
cesiumgs_3d-tiles;5a25a5a1c61960bc43a496603c5f099723d042e8
cesiumgs_3d-tiles;5a28ffb29a396ef4e0c58c21f573ec585bc7073d
cesiumgs_3d-tiles;5a2f4a8d139287c53530a4dbb2a2a83fa76f6580
cesiumgs_3d-tiles;5a39ad108527eddd0d899bad4507c36d2d658888
cesiumgs_3d-tiles;5a4bc564360a96623315d5496c3b51c1230bcf38
cesiumgs_3d-tiles;5a4edeb66ea06460fbf81b85571643c9238f6042
cesiumgs_3d-tiles;5a62d6fe29109d9a3dead9eddef06e443ca61407
cesiumgs_3d-tiles;5a801946223f198e38e22c7569245d95820951d5
cesiumgs_3d-tiles;5a873440518338664649b577642e961b56fe8484
cesiumgs_3d-tiles;5ac33e084f2ac3569a3819c2121dc0aff795be5f
cesiumgs_3d-tiles;5ac568a3f1b8e8a1294d573c410529f8dbc2b770
cesiumgs_3d-tiles;5acd8d36681560bc2204db6ade69ab7a2cfbe8b8
cesiumgs_3d-tiles;5ad6bce2a7924367ee5dae705bd9c0340cc32fda
cesiumgs_3d-tiles;5af2d71fd15363822f034a94dca2dcf83297c968
cesiumgs_3d-tiles;5b51d525773d5c50411633cfb5122411f2b1f438
cesiumgs_3d-tiles;5b541f9a52797c7b03f23ae0c8d1a538f0c2ead1
cesiumgs_3d-tiles;5b5c4432bb77cecd9f5898b82f04b70425123337
cesiumgs_3d-tiles;5b7783d2c5f358f4868413ea68d862d989c1ade2
cesiumgs_3d-tiles;5ba2c94efc4e8627caaa8679292d3ac794257608
cesiumgs_3d-tiles;5ba688ccdf1a3ae92a3e361c8749a61e200a2607
cesiumgs_3d-tiles;5bbffd0dc9147f7aca9740d0a3b85eda155a13f2
cesiumgs_3d-tiles;5c09e5f735950f075955f87daca15fe8d2eddff7
cesiumgs_3d-tiles;5c16f69927a2535c701430cb92265047c81fd5cf
cesiumgs_3d-tiles;5c4023ec123f84662cd81b80b5260b03d8a1fe60
cesiumgs_3d-tiles;5c51746a2501432b4bf0210fbf0a5b9b2f05c5e2
cesiumgs_3d-tiles;5c51b3cb78e342c22b03f9f75229fa3c061a045d
cesiumgs_3d-tiles;5c6342459718969a94e9f3b6c284fcfa105abbd2
cesiumgs_3d-tiles;5c75cd9caf0cd60ac80c6648dda93ff1e994d558
cesiumgs_3d-tiles;5c83c9f6aef94bf4a6b320d643bf4c6d03734b2f
cesiumgs_3d-tiles;5cc32f78e629c9001ec2d7a31e8feca1c48a13fc
cesiumgs_3d-tiles;5cebae593ff965d5fc76e56eb011be887d529a0c
cesiumgs_3d-tiles;5d55eef65e326c687db256c0f6cb030abe137c5a
cesiumgs_3d-tiles;5d857c2afaa8c429b49c413b63da9ef0f6bff659
cesiumgs_3d-tiles;5dc24bd84bbb89742131f4a822b342b544ecc72b
cesiumgs_3d-tiles;5dca75d2f4d665a33fbe7ae582a84b60f8f9a978
cesiumgs_3d-tiles;5dd49cf3ff8a1a87c012dbeafae450081c1d8e43
cesiumgs_3d-tiles;5dd5120f773219a061df98667861ba9901a59985
cesiumgs_3d-tiles;5ddaaa5afb498ce0a9b2f47fc70c5b1d04390a44
cesiumgs_3d-tiles;5e019596b25139baa4c4a317ff2ab2b8b6faf231
cesiumgs_3d-tiles;5e0890a25be3ada578b1d88e9e270a2251b747af
cesiumgs_3d-tiles;5e157fbc4e3659126f3422855f8e7d6f5f6f94f9
cesiumgs_3d-tiles;5e1dbce5fdc0133dc85638dc0271d66640d60d2f
cesiumgs_3d-tiles;5e2f8de693445d6712e4caf4f204f6b196192da8
cesiumgs_3d-tiles;5e41fff736cb326984d13044d9a664e3c8051474
cesiumgs_3d-tiles;5e4a1342f27a0cbd450faf44502485f316ddba85
cesiumgs_3d-tiles;5e50f057b968a4776cae7019e76f9c373e3c5be6
cesiumgs_3d-tiles;5e627c509b93be028a39209156f7b469655dc633
cesiumgs_3d-tiles;5e7ef1c687ac51290f3249c60ca5450a68d4ba62
cesiumgs_3d-tiles;5e8c1216f01183391d6f7f759245652ccdd8994a
cesiumgs_3d-tiles;5ec78a34fce29ba9284cd6a81d67a35c91780f36
cesiumgs_3d-tiles;5efd645bb3db54d8f446af36ff1a03adb0e0781c
cesiumgs_3d-tiles;5f0ef0d618701fa0cc34cd2ffa429fa48b5cdc81
cesiumgs_3d-tiles;5f165c0a21a8a7dd699884ebec553e134ebbb2c6
cesiumgs_3d-tiles;5f379691008bb2566615716e7938f34b20c9be2c
cesiumgs_3d-tiles;5f6aabec2d86b8793d2e4fe86975019420763f8c
cesiumgs_3d-tiles;5f6d78f7bb6d590e93a2b0a28b85aec0c02bfd96
cesiumgs_3d-tiles;5f78defa3e0dfba59c3745401ca833c4cf12b21b
cesiumgs_3d-tiles;5f9ea4e1bac0abbc89727bd2102b6c76a6fae18f
cesiumgs_3d-tiles;5fa10a92ebe9fb8d325b9da8840bd4632e357eed
cesiumgs_3d-tiles;5fd48566c2efdabba72a840e67cbf1de04da57ba
cesiumgs_3d-tiles;5fd78d72cc64ec96a4223230f5e46a573f4c4342
cesiumgs_3d-tiles;5fdbc938186de63f5400edf989430d73fd39af06
cesiumgs_3d-tiles;5fe8ca3ed20c303bdfa2a815ea44d1ad98ba415b
cesiumgs_3d-tiles;5fffd6f301e52472a116c966042e5b55bd3d7c2f
cesiumgs_3d-tiles;60000101e6af71acf6d2765d4011593e586b2cd8
cesiumgs_3d-tiles;600f4ef3dc021320988bc9a1255a5205fcbb5f72
cesiumgs_3d-tiles;6032ed9f55dc216e528a4805b6aa807237b9ff8f
cesiumgs_3d-tiles;6038b48d4d39171f91e9ecf1c49ad3603466aa19
cesiumgs_3d-tiles;603c617a2879a7154a0b85111590e616b6f37387
cesiumgs_3d-tiles;603d23d3f85b676b08fa7d381b3661dc8d07c186
cesiumgs_3d-tiles;604b51afc5250dd568c39ca26fe9a9728a42d775
cesiumgs_3d-tiles;606da2fa1ce1d5729f9393b3ca69e456528841ac
cesiumgs_3d-tiles;60bcc55e5d92771c4d4272e521e056a6513550e0
cesiumgs_3d-tiles;60d728dcd5a4f7d21ed64723060747731df8d022
cesiumgs_3d-tiles;61218357ea7faeb4ff2b20e4b227c6661131b09c
cesiumgs_3d-tiles;612f46b064f045ac1f888fdb1625d626697f8976
cesiumgs_3d-tiles;6140166672cd50dcd0828af1c1b902b689072810
cesiumgs_3d-tiles;6144ab6d3f0c99cf8138614d1efb4dbcf295aa3a
cesiumgs_3d-tiles;6149c0ddb0bdadaaf09062145e9f660334b8f081
cesiumgs_3d-tiles;6150b16a62a542ae21f03bf65ea92c4b05a662c4
cesiumgs_3d-tiles;6155a5af3cd067a187b69c39cf09f96399b044e8
cesiumgs_3d-tiles;615bd9581425335ad44789d3f00bfc7033d04c97
cesiumgs_3d-tiles;615c452fbb5c8f68c79b0af937f02a43958654b3
cesiumgs_3d-tiles;61aaceddf56b1d150ff1bc4e2512aaa1b28b78d8
cesiumgs_3d-tiles;61c913ef1a818991cddedd9a2f25166569d4b81d
cesiumgs_3d-tiles;61dbe26322d530e12086f2191790696dfce71610
cesiumgs_3d-tiles;62044e257a1d3fa794c2517c7a60320af989bdb5
cesiumgs_3d-tiles;62151120572883cde4f954d4abc10b70951065f6
cesiumgs_3d-tiles;62181f91622687601efdb853259f197aaf2ffb14
cesiumgs_3d-tiles;621cd036c76ec3442124dcac4c9ae31734f82a5f
cesiumgs_3d-tiles;62331e563245d07f78600bf6656a0a9ea8bb96d5
cesiumgs_3d-tiles;62486b6da24ae845cdc82c18c54643c70ff01570
cesiumgs_3d-tiles;624a2a50d1bdbe9de1347a8d8b8626c8133da690
cesiumgs_3d-tiles;625f312e8e20a6397d52fde50df07295151dcc6c
cesiumgs_3d-tiles;627c33788e07f47ceba29547838c167ffba52621
cesiumgs_3d-tiles;62832c3d8294e2c530ac928f6ef4ccc62f4d176f
cesiumgs_3d-tiles;628e3699d5e4991e7bccbe8dc6cbeee5db25c10a
cesiumgs_3d-tiles;62a6251c774d41e1dd186b211d2893da539d5462
cesiumgs_3d-tiles;62a6f2072db39067d0dfc9186cb36c4679261a10
cesiumgs_3d-tiles;62b137b1706653c43ccb6d35a038defc55bc64ce
cesiumgs_3d-tiles;62b6928fa1e1644e379018f17a0d695cf82b940e
cesiumgs_3d-tiles;62c430fad9613355cc66f23d3310956aff93d6d4
cesiumgs_3d-tiles;62ee78df13887d50db0342e593345721bb74ae2e
cesiumgs_3d-tiles;62ef4bc1817d04638bb15a64ab2bc10486e57c8e
cesiumgs_3d-tiles;62f4889ae54f3b599c815ade941cb71e682ee1aa
cesiumgs_3d-tiles;63086b97078eb16e4c459d91a83cd41b8efdc5c9
cesiumgs_3d-tiles;6349da7920bb14f9573ff8c78a0c84fd977b5348
cesiumgs_3d-tiles;63605e7a4ec221f63294b3e2bc04ec8b42592907
cesiumgs_3d-tiles;637761b4a86c81028284cf4d1c515fddb802c869
cesiumgs_3d-tiles;637e53f2d0af1968b1e0a60a0863fbe2debb2759
cesiumgs_3d-tiles;63869b6f877759aac69a41a7663d21f9ab7e9ac4
cesiumgs_3d-tiles;63886041588a1160b35c4e24e65ceaf2c96f754d
cesiumgs_3d-tiles;63a70fb78cd33e2604eb0b68097d510290d1bf74
cesiumgs_3d-tiles;63c68d18ba658c0fd7d4de0efdc11f89b94d31ae
cesiumgs_3d-tiles;63e1577c3dcb9181d6f278904c18a26c92a80dc6
cesiumgs_3d-tiles;63e6dc1e2f25cbf74c0eb320c081ee65a2360f6c
cesiumgs_3d-tiles;6417a171aac0d3ff59c0133c897cc0b88bd90962
cesiumgs_3d-tiles;641d3defd82e4921aaa1c9b42114b3db10a438b7
cesiumgs_3d-tiles;642c2c31039bc34507d7024a1a8b962c2ebda780
cesiumgs_3d-tiles;644a56c3e13492585d6e0e4d779fcd307be39013
cesiumgs_3d-tiles;644f1c3c826862a053d8cbdac4de116b3fb17651
cesiumgs_3d-tiles;648958dd92f0b10e9aaaa3f6554330ad835156ef
cesiumgs_3d-tiles;64bc2cba3b802d3f1886c90fe7950bea17d0a340
cesiumgs_3d-tiles;64cd5edf5237de9ac46b594fafaadd7577f10012
cesiumgs_3d-tiles;64d5d06c3f83a76335fbcb57a8846b44bafa9065
cesiumgs_3d-tiles;64dc5510b58bd8bca6cd6c899a832c7419b9350f
cesiumgs_3d-tiles;64de28b60fde76324184eb58fb97d01eb2bf8391
cesiumgs_3d-tiles;64f3c91ab21eb30e9636db21ff2ab7f1972293fe
cesiumgs_3d-tiles;654548cc80a1b16b37df56cd5cf6e7d2b3f33bfb
cesiumgs_3d-tiles;6549c536803bb470f6f691d859f78acf49471b7e
cesiumgs_3d-tiles;654e35a874c05462934062c0189ac801c55d4c09
cesiumgs_3d-tiles;655f0f3222ff899c222db4785487c75fe9cb3c5e
cesiumgs_3d-tiles;6574e71caab60139f9c767f7be0e72d3ef2b89eb
cesiumgs_3d-tiles;659b2dd21ae31278966611cbcecc67dd5d52e527
cesiumgs_3d-tiles;65a873c8ffcef7b335f3a9524864c9db5bbc58b6
cesiumgs_3d-tiles;65ad429d3723b0cf24fb8b23e057bd576d099741
cesiumgs_3d-tiles;65cd66b242b4f3b68b84712bc75be9deb1781a4b
cesiumgs_3d-tiles;65cdff44f7f2d42858038ded1fc221951a5ececc
cesiumgs_3d-tiles;65ec0c61be15db1012c05a3e6f1ed394e2392a12
cesiumgs_3d-tiles;65f54f83ddfe7e4f2407e8a9c6e32aa9a627602e
cesiumgs_3d-tiles;6608251605378fc03e05a60800aa30fb10ee4ecd
cesiumgs_3d-tiles;6618bb95b47cc26e32b7ea557b60e091cfab778c
cesiumgs_3d-tiles;661ad08623ec3480e2a7879f658a45d27714fdd0
cesiumgs_3d-tiles;662462f5c0fe4a1cfd439f3dec6e75b3b56a1715
cesiumgs_3d-tiles;662684679ec6d8a69130c676f11bdff08ba5b624
cesiumgs_3d-tiles;6653aa4df67d83ef52c077eedb24711bc58d80f9
cesiumgs_3d-tiles;66c6de7778e1fd87f599d209050c4bfdc6afb688
cesiumgs_3d-tiles;66eb6b2ba2acefbc86bcabe94c668cf6fefb0301
cesiumgs_3d-tiles;6722a64067d2a054d0d6226d0e23e2970c3699c4
cesiumgs_3d-tiles;672dcac75e2fcaee0532cbeb46dde0260b1754e7
cesiumgs_3d-tiles;672f68287b8f626d4ca3ece8069be2b7b6059949
cesiumgs_3d-tiles;6782812d35611cc5f794373de840ec5e973c0c16
cesiumgs_3d-tiles;678ab476b096b2694bf1f4291a733e40e7205c9a
cesiumgs_3d-tiles;6790827daf7c558e1e608a11650977fdee110237
cesiumgs_3d-tiles;67a5b447f1c25c13f54fc17b3fcb511ad323c55a
cesiumgs_3d-tiles;67e862ba1ee97b1431b0e7bf85c126de7f45be6c
cesiumgs_3d-tiles;680fe12c0744b3b51b5f6c4981215ab792632456
cesiumgs_3d-tiles;681256d187d28c7d30dde9602d1060f3713b4298
cesiumgs_3d-tiles;6815678b209b6c713a3f4fb543d4b80ee430f6ef
cesiumgs_3d-tiles;681bbdf48b22ce2a5bd35be80a7dfc0aff0d5925
cesiumgs_3d-tiles;6841a85df4cee02d760db75d320ea2b2329ecd3e
cesiumgs_3d-tiles;6841c8ed01b011ba74889cfc0598880a42d04b2b
cesiumgs_3d-tiles;684e7d19d5b64b7ea39ecc85b776531dd0278235
cesiumgs_3d-tiles;6868f2266c72577b9831a24ed49bc0611f0ff150
cesiumgs_3d-tiles;6928b7ce04518b3e2c6445beeaace42d100864ac
cesiumgs_3d-tiles;693923ef2c8a72cba40db513901975877def157e
cesiumgs_3d-tiles;6968726b9fc8aa88ca048eff3314742a50d53dd9
cesiumgs_3d-tiles;6979cf0f6680809629280f195e46cd1aabe0b74c
cesiumgs_3d-tiles;69a03564ecc7ec331aca819e28da70719094e1b0
cesiumgs_3d-tiles;69c17b9a9e6bb92a59c1e13cfad9eef1be3d2bf2
cesiumgs_3d-tiles;69ce181cfb3b37744f0ed7d1f59ae8ee6bec87b8
cesiumgs_3d-tiles;69ceb1122f2c18fea6e32067e7837b400450fa3c
cesiumgs_3d-tiles;69ded1472cf515c7467ac2f3ca1ce91f05a81667
cesiumgs_3d-tiles;6a04c813285d32c584ff2f98d09eff7e8fdb44d4
cesiumgs_3d-tiles;6a1e93f3d4f62e7d002b70e4b1ecf94be4883ca0
cesiumgs_3d-tiles;6a49f17243eb92738e78960bd1a667afb48f3409
cesiumgs_3d-tiles;6a54d942ac11173c1a546f877057b8b755c001b9
cesiumgs_3d-tiles;6a5726cddbdb95fbc62b9deac706b4cbd5b050e6
cesiumgs_3d-tiles;6a76285d63369e836e353f8a030bb7d955e82727
cesiumgs_3d-tiles;6a7774078de5c3b2ca532cfeea64fdd4096536ae
cesiumgs_3d-tiles;6a988c6ec38069d2a093fb851c0d4a249b4936c3
cesiumgs_3d-tiles;6ab169ba1801cd142af06ea14c9f4dbbfb4b1416
cesiumgs_3d-tiles;6abbc201b497ff50d95ba7358321735007976866
cesiumgs_3d-tiles;6ad33ba8e5dedb7204c1ec852f8a2da26bff3a56
cesiumgs_3d-tiles;6ad78ee7b1bc48f6795f3a350e284ef3c90175a6
cesiumgs_3d-tiles;6af12430a4d5eadb03855ce5a66dd4f27ebd0f4b
cesiumgs_3d-tiles;6b052b72acb5c90795e4a3c4ac9c4a072914afe9
cesiumgs_3d-tiles;6b0f2d04c2f1a5138fe6d0f777e18e62380ac872
cesiumgs_3d-tiles;6b37961d1a50963177bef1853d7e1b271c11e4ef
cesiumgs_3d-tiles;6b869142e3fc175725317b177599137bebbd9c91
cesiumgs_3d-tiles;6ba28333923ac5b761a09b5e6495a86d4d9d33d6
cesiumgs_3d-tiles;6ba8fc6bd9e1a6730c4a1b05ef93e45ecb5fea7b
cesiumgs_3d-tiles;6baf8a67acc39603b71bf00daa3e395d34851e26
cesiumgs_3d-tiles;6c0cfc9e379f6636f5bd49d4f679f0d06c5a57af
cesiumgs_3d-tiles;6c269bc1f3630e0eb4a6d9f78737fb546c9cefcf
cesiumgs_3d-tiles;6c2c5dab6ddd0dd1597978b759bdc9d0cc59a1bf
cesiumgs_3d-tiles;6c4bde979d7598688b49ea7a9da01ad6adc81450
cesiumgs_3d-tiles;6c5dd76952f48d50e253d6888e4b2e4c681deb63
cesiumgs_3d-tiles;6c79b04e7cb12460110792ae7d8e568d7f5c9967
cesiumgs_3d-tiles;6c7b4fd3a35130d2f79e8c7d1782bcdb09b78807
cesiumgs_3d-tiles;6c80f011cb7d97d6c5ef39f9a827fb4bbd952fbe
cesiumgs_3d-tiles;6ca0facad0bcfba694dfc4b66e7937160ae052e4
cesiumgs_3d-tiles;6cc8237abe3d8f330cf721f0984d5e5e19ebea50
cesiumgs_3d-tiles;6ce8d14637d7287f3d3f22666c30d7a1473bcfec
cesiumgs_3d-tiles;6cf340a3ed2e288fae24996dcb778187ed6988ba
cesiumgs_3d-tiles;6d0601aa2f6f2b0b4d8e8ed2e5a224c8ed8b5074
cesiumgs_3d-tiles;6d09d9e67b3e3733dffc7b1c255da458cba74b91
cesiumgs_3d-tiles;6d281a3da40a66af86e639d320fa0afd9fefe6b8
cesiumgs_3d-tiles;6d31e91a62b7b070765eb4026666f1a7ab80f830
cesiumgs_3d-tiles;6d43f940fc047adb7da54bc80f85f9c2f316fc0b
cesiumgs_3d-tiles;6d6f1d03a36588eaee5285f2692a924b2a13adb7
cesiumgs_3d-tiles;6d78925d22ed00e0a7bd627e0d2129a41b09c620
cesiumgs_3d-tiles;6dce1a44f98f9f0db9c489c6d421f246eec702d7
cesiumgs_3d-tiles;6de58d6e6211689453f26542363f13129520de08
cesiumgs_3d-tiles;6e87edbe9b4fb70eda99b17c5399286c2897a49a
cesiumgs_3d-tiles;6ea28b84f9f5d5ef59d46b08089aaab1a7a7ded1
cesiumgs_3d-tiles;6ed25cc98ea1b1b3aae65ed41483710c50451759
cesiumgs_3d-tiles;6efc42183499bd78250ef60d20424281a1d380a2
cesiumgs_3d-tiles;6f0637a5cd0384d1a301759cc5334046e37f2328
cesiumgs_3d-tiles;6f07463685ea9cbb696de747f62a5e3b099bc17d
cesiumgs_3d-tiles;6f09dc9db6c1b51a161a3bc652c712162556ec75
cesiumgs_3d-tiles;6f188009eb1e1516f0e0718ee9270c04ed6a5998
cesiumgs_3d-tiles;6f1ec96ca84f8bb749808adacf136593d16d9ed7
cesiumgs_3d-tiles;6f4d564332538a016cbe406a43afb1f1523741c0
cesiumgs_3d-tiles;6f6bde1fbcb4f6083de8b9eb3b7680e7d83fa352
cesiumgs_3d-tiles;6f8669219326d25549d501ae0c9018b81e7e933b
cesiumgs_3d-tiles;6f907022de1c45ed55a7f32b2bb512c26981c2cb
cesiumgs_3d-tiles;6f941ac00e83029c309201e8801e92aa1807b5ce
cesiumgs_3d-tiles;6fc9445b3b7ab1185808594b4951bf7494440137
cesiumgs_3d-tiles;6fd269502080300cd1a61ecfd0a1fdcad04db021
cesiumgs_3d-tiles;6ff0681117f21c3b6b3beff276fdbd949019bfeb
cesiumgs_3d-tiles;7015e67cac9c4eece7105caced71bb79d47ba27b
cesiumgs_3d-tiles;701866cef979432270b1817eaddb152197396662
cesiumgs_3d-tiles;702cbcc35c50e7068d763f519aa07f5e38c15930
cesiumgs_3d-tiles;704a08b85c17a02ca321a3724be3facb36c2687a
cesiumgs_3d-tiles;70955bb1d3640947ef5911761b59aa6d685b2ee2
cesiumgs_3d-tiles;70b10b259daafcaf398370b7a7843c3a175ffc83
cesiumgs_3d-tiles;70fa550e2a2e7fc93ee7b4aaf1a12dc33de2cafd
cesiumgs_3d-tiles;710225bc3e5590a005564f9daaae25b702cc7243
cesiumgs_3d-tiles;710b6f13ea49789a47779216c5a6d7a38f032928
cesiumgs_3d-tiles;71414d97be1c6d3e88911469ea423998d3ffba4f
cesiumgs_3d-tiles;7169305f4a84b3cce9ca2747628ec88fa7cbdae6
cesiumgs_3d-tiles;71852e9e313300bd148f8c5d7b792b2a0d9d7d35
cesiumgs_3d-tiles;71ab855f4a0f2c7c109ff6850a18761f577f0366
cesiumgs_3d-tiles;71acc0108fc5903cd7dfaaafd8a85fd4c7d6f9b1
cesiumgs_3d-tiles;71beb3d7b24004e3aeb61516dc61534a20dc6a5e
cesiumgs_3d-tiles;71de3e5164d2a98b079ccc7110a8275d6fe69a1e
cesiumgs_3d-tiles;71e24a29e2c8391170d5ad4db9d96e4780340230
cesiumgs_3d-tiles;71fd3a5f3f2fcfd375c03b41722e86f00224b914
cesiumgs_3d-tiles;720548168c126dbcc5ea7a5e070a2629e759c10e
cesiumgs_3d-tiles;723406ba45933a3647a1a50364766d4a519b8db3
cesiumgs_3d-tiles;7240f3377353e437acbc81a440c39c745b69d8b9
cesiumgs_3d-tiles;724180b10c8a41d0549453f93c648dccb3212bc2
cesiumgs_3d-tiles;724c92a12bfc4bec42f0267943c339ce581ad1bb
cesiumgs_3d-tiles;72682da1b6a037990dac11f96b121265dbf47c80
cesiumgs_3d-tiles;726b56ce9de3ba7690045d6cf96275284a1dfad3
cesiumgs_3d-tiles;7280fd1095169fc359f934fb8d6ea26f57d4f4ca
cesiumgs_3d-tiles;72a452e64fa8f6a300252676c90837d5aa55d961
cesiumgs_3d-tiles;72d55b3f9818a11cdc658e638a4af6179da4caf5
cesiumgs_3d-tiles;72de04d4ff1e6b046931601136297366dcfc88e4
cesiumgs_3d-tiles;72ecbdc6ad94d63bcd372d1a89dfc2513e77c578
cesiumgs_3d-tiles;72f01d2d5c4bb104bdea32415a6812bfd949b9bd
cesiumgs_3d-tiles;72fd2c3bb5e4df6c737c9e1029f80026a89f9abe
cesiumgs_3d-tiles;73005c8aec8a86956ba23da09d1659608a4f40b2
cesiumgs_3d-tiles;7318c09547d5f5d426ccd719235a8b79b974aab2
cesiumgs_3d-tiles;7323e77725e56349b45e37980c9efd5054cd4013
cesiumgs_3d-tiles;7326e8dd13fd3f212825473a901e649f06a1eb54
cesiumgs_3d-tiles;73424daff70dc5fc85c2ed7b458b2878d4c7874e
cesiumgs_3d-tiles;735f46714f1ab2a546383bad63fd96f40b0cbd8e
cesiumgs_3d-tiles;7379ffde3ccb9e3b5e54e63631f77ea0c9e8fa16
cesiumgs_3d-tiles;739b904c67f35b5fffb039959b82408f1ee755dc
cesiumgs_3d-tiles;73a885848167847cb3b13742f7c2e97d8bcf9d1b
cesiumgs_3d-tiles;73ca10a4557ff8da6aece96291ea3549ee4ae8b6
cesiumgs_3d-tiles;73df278db9d08c35734f53be4193460bf7c2dd47
cesiumgs_3d-tiles;740188d0272cf1f815bef2f6c691826521bc1d6c
cesiumgs_3d-tiles;745740f025b33e6c19c07831ce9b9388dedd3fac
cesiumgs_3d-tiles;74a3691a96490145f83546573cb1e8822891b785
cesiumgs_3d-tiles;74b93ffb057199611562c95b3073fb0832b4077f
cesiumgs_3d-tiles;74c6b688acf14af5158d5034007bd5e916fc3fb3
cesiumgs_3d-tiles;74f079387715c5ca8fa266f6758d86e7dc926bfa
cesiumgs_3d-tiles;75185f295cae48446a9face82f0a11999de79422
cesiumgs_3d-tiles;7522a29f8efdfb72abebc38005b41f9040a79a0a
cesiumgs_3d-tiles;755fda19ed72cb5b98c0d78b647a1a62c45047ca
cesiumgs_3d-tiles;7561c182a3e69e11422bae973ebc0e523fa6c998
cesiumgs_3d-tiles;756b0dc39f051aa1041023238183513a4e8612eb
cesiumgs_3d-tiles;757a4e03d31ed1be1652a3b3d62f2e0022f2b080
cesiumgs_3d-tiles;7582cd273e471a4b0371dfd20fb74e48a42a5034
cesiumgs_3d-tiles;758a192e240619a4f56d443149ddf67c7df01072
cesiumgs_3d-tiles;7590ca8443d0d55a95162af78a16dbab7b1d2e5d
cesiumgs_3d-tiles;759dfaaaf370036de54cb81a5e5df973824604ab
cesiumgs_3d-tiles;75b9778a17b76eeb009c4ef294d36f40a28e2b8e
cesiumgs_3d-tiles;75bb1e24fe359748f2f0f91d4d2f326a04d09ae8
cesiumgs_3d-tiles;75bd7eb2e6682765073166a1debcb3ce44160118
cesiumgs_3d-tiles;75cb69aca6a9646a4af88ae9daed3b3555b6e48c
cesiumgs_3d-tiles;75d782e3b5e4c84d41a13b07bd059fd9bf89a69f
cesiumgs_3d-tiles;75fc8977e4ae35a9c0303c6ddd6aff0e1b0bfd26
cesiumgs_3d-tiles;761145f0e8ed3acabae44ed19abce98d14f72bc9
cesiumgs_3d-tiles;761809418dbdb9f09c97cb8a758250e48b16e702
cesiumgs_3d-tiles;762b24ff5404befe7b9b8bc8c3c5baa8b5a8a1a8
cesiumgs_3d-tiles;7643f05e476b593fa6d032d68f4d59730f8d2a2f
cesiumgs_3d-tiles;765adbad7ffe05e7176b3fb5ba3e4f41009cf06a
cesiumgs_3d-tiles;766c9dd2f11e019961e0468c6dff12946f24613a
cesiumgs_3d-tiles;76762ff2793fea13eb2b3de76dce264ac1a9c9db
cesiumgs_3d-tiles;7686e4a9f6f677eb6fa1d345a4f5b0de6a53ccde
cesiumgs_3d-tiles;772e361c71b62e0bf58d684a11f416399e770004
cesiumgs_3d-tiles;777516ef4019723893b61c019aa74453af3d56c6
cesiumgs_3d-tiles;77757868cdf6f02b2318341fde4758951ff6ff89
cesiumgs_3d-tiles;779b1b54c8f0b4d16d885250cb5c5d2768a49cb0
cesiumgs_3d-tiles;77bdb87ba0156515d4d390084b635247c28545fa
cesiumgs_3d-tiles;77c004111e4ebd394dd5cebecaa3839557d0435d
cesiumgs_3d-tiles;77c87f81163bda5c4ec06111387b92261e08f907
cesiumgs_3d-tiles;77ec35cafd2dfc873c7bc42d37d16847d84bc6e2
cesiumgs_3d-tiles;77ec38ae7496bfcd8f3c92e7f3ea76ad9ac772c7
cesiumgs_3d-tiles;784b93ce9ec61c879ea66918e741b904a8e93ec5
cesiumgs_3d-tiles;7866bacf8e55c2e6d798d11c4bf2db49a71588e2
cesiumgs_3d-tiles;78c2a656be4e09ebf7c08400d392c898badfcddf
cesiumgs_3d-tiles;78da5e280f02e87aac9e382a9b9c19203d911f91
cesiumgs_3d-tiles;78e46d7e72be355042e15ded6c7a680753264129
cesiumgs_3d-tiles;7905bae31c56c8eb27de022ec61316ea104faf30
cesiumgs_3d-tiles;790ce7a70a478b81586313edb81070d4c048b4af
cesiumgs_3d-tiles;7914046ef1fc6bf9cc728f34cf89fc2e37de62a5
cesiumgs_3d-tiles;7950df9bbe45bfcab92f0b82abb2e5a44f05d9a0
cesiumgs_3d-tiles;79637941eab8c182b020249280bfb8abb6042f87
cesiumgs_3d-tiles;7978fa68177d373ef01851d60a2e71dc46958fdc
cesiumgs_3d-tiles;797a38e7325953e9b326b94f783f5abb3566cf9f
cesiumgs_3d-tiles;79864013814244b92d1b2a9a0eb8e5c96cb0139d
cesiumgs_3d-tiles;798845985d35e44b9da87002ab33c27c694edf0f
cesiumgs_3d-tiles;798ecd92aa116fbb693dd8e68f498811d5f274f4
cesiumgs_3d-tiles;79b6e8af7c0cb7ed8c935165e10b0c25cbf38ee1
cesiumgs_3d-tiles;79f1604d3f70c11f3bf537f804386f02279ea337
cesiumgs_3d-tiles;7a0812bc566787810574a68ecc9da7d64fdb265f
cesiumgs_3d-tiles;7a398992c859c8715c6dacf81b970bc5e7903759
cesiumgs_3d-tiles;7a4136e3973fe109d59e683f0fd63caa862260eb
cesiumgs_3d-tiles;7a6ce17fcd28f1ce519ddde9d33b43d42ce8eddd
cesiumgs_3d-tiles;7a92735508a8ff76b2b6ffecc615e2d3d3d8cca0
cesiumgs_3d-tiles;7a971a317afc11ced310af6252dcb9098e002c05
cesiumgs_3d-tiles;7a97c00e4e1987b3676b90d3ab9e34d778f38e76
cesiumgs_3d-tiles;7a9e46b53a757c643e05028238df550a62f7f8c6
cesiumgs_3d-tiles;7aa23ff23c6dbac4a66e7e52b944edf4c205750e
cesiumgs_3d-tiles;7b0e7b2ec66f96fb5fe6ddadd48faa36f624b368
cesiumgs_3d-tiles;7b222aaa45ae1ebfd97e48c2dc3b33887a9416bf
cesiumgs_3d-tiles;7b23e688caf708563666acf0315f43350866871c
cesiumgs_3d-tiles;7b2d303193fff09edff007a158d653a41f2c0080
cesiumgs_3d-tiles;7b30dec8c8041092509a4350271280ccdf48e401
cesiumgs_3d-tiles;7b364caf1b22708e3e49d1ae814c3cd8518d278a
cesiumgs_3d-tiles;7b43c51cea31cd441c05330bb99faefb4eb21b38
cesiumgs_3d-tiles;7b5bd30e3af97ae122f7e1cb3165e473ad674772
cesiumgs_3d-tiles;7b9ae34766125875fe35c0b32e78712fe03ba9d2
cesiumgs_3d-tiles;7bab7dd951fa0fed188f6b952172b31697593698
cesiumgs_3d-tiles;7bca949b381248bb87488e585b89ac12b6b5ca9f
cesiumgs_3d-tiles;7bcd066c892588d3d697fced878aec9f3204f706
cesiumgs_3d-tiles;7bdedb8d0f068b025de9dfca3a452c054dfaae44
cesiumgs_3d-tiles;7be197dcbd1cfddae9ea324f8e2e0fe4de5ec216
cesiumgs_3d-tiles;7c09819d3a1f65c9ff9242ae820ef8f3950c0fe6
cesiumgs_3d-tiles;7c10eeb7881869604d5e12f536fc6294fd6a8024
cesiumgs_3d-tiles;7c375b03d416bb4c2845168c7cfdc9a45fcf1ccb
cesiumgs_3d-tiles;7c391ebe62f682fb357b868c10f6a7d35cc9d6ac
cesiumgs_3d-tiles;7c667229ee7a3021f7f5f6fa336bc0f1e6bdf86e
cesiumgs_3d-tiles;7c688ffeaf979d133cff7cb92aa2feaf5eaf175a
cesiumgs_3d-tiles;7c6afcf8b6d0963e7267ab8209ed5dcf5ca6c26d
cesiumgs_3d-tiles;7c74834909e5ea53f5b556a06985163c36a9de1c
cesiumgs_3d-tiles;7c84034f9c684c42e3b1d3d84bb48a0c5a340fea
cesiumgs_3d-tiles;7c906811e4e6b0d43dc36687143df8f637aae194
cesiumgs_3d-tiles;7c9d4948f7782d660d936378f4bf4216b829952f
cesiumgs_3d-tiles;7cc26a8c14beceed4373174f87d669632c864e07
cesiumgs_3d-tiles;7cd47f7a3d9988bdff32a7059804a638a4e5a9a2
cesiumgs_3d-tiles;7ce9ecb133096a4b6716514ed02b5bf9cf338448
cesiumgs_3d-tiles;7d19545dacdbccaddbffce7c974dd09f5ed26f6a
cesiumgs_3d-tiles;7d4e375ce2ba2c6ed0351b9292a112b2cc0602b1
cesiumgs_3d-tiles;7d6fcedce2868766a8899901b6f28afda6556c92
cesiumgs_3d-tiles;7d8ace12cc5bc8197dacf328a4959c4cc0269ba8
cesiumgs_3d-tiles;7d91279bdc5c32075d810e79e6755194cb648281
cesiumgs_3d-tiles;7d94ec2f3b25a33f591ca4dfbe379a61ef1ecc0b
cesiumgs_3d-tiles;7d9abe630774ad1f26613015d4122f037bf24f74
cesiumgs_3d-tiles;7db321efa948c13a022e8f2484d804a424f4c097
cesiumgs_3d-tiles;7dd651cff671723d45cb201d93c7ef7ec50c7a82
cesiumgs_3d-tiles;7dd680876bf9adcd967d8f3a52cd9bdc85a152f9
cesiumgs_3d-tiles;7e3848fd92b405760361a3b566a09f9cf3d82b27
cesiumgs_3d-tiles;7e49c3488020bd8c12ad2fa728570a26dd07a0b9
cesiumgs_3d-tiles;7e74d6e0a1f83c0665c4260b262fabeecc721547
cesiumgs_3d-tiles;7e77d3fbfdb3ee3c21d2effd1219ba58fa9890af
cesiumgs_3d-tiles;7ec0ac73b114a10d99e32e4d905e46134efb23e7
cesiumgs_3d-tiles;7f140b2fa338b8203f54cd9797ce766c62e72099
cesiumgs_3d-tiles;7f4d69a92888cb5e552aa58f964180318a1980d9
cesiumgs_3d-tiles;7f63c078e548eae9a29478f140e6c782ed6a9405
cesiumgs_3d-tiles;7f6af552b8bdfea18a86365dc82699d6c044b205
cesiumgs_3d-tiles;7f820e7bb7a3de46f184737fbb3b2cb39e68410e
cesiumgs_3d-tiles;7fab1efdb644d6b22260e678764d51487ac1de67
cesiumgs_3d-tiles;7fd08865d1b1fba0fa27d77ec6a95855c7ef96fa
cesiumgs_3d-tiles;7fd915d38eb6cea726ab84c12757057fa4f8dac7
cesiumgs_3d-tiles;8031e2a26e9da06865ccee628a7a3d67afbc766c
cesiumgs_3d-tiles;80a2f97aadfbc008e2d50ad1beeccf23bd93ddec
cesiumgs_3d-tiles;80bd7ef15e47d3077ad7978baa8923f4656fa924
cesiumgs_3d-tiles;80c29dc02a039ac680a719650458e9f9e5c9dac9
cesiumgs_3d-tiles;80cfa97f3c5dd7e1b7a830daae81f3ab866a29fd
cesiumgs_3d-tiles;80d0d1a1e261d3b3efde56fd2d542ef03ebba55a
cesiumgs_3d-tiles;80d22620504369fa0ea0bd142c8d5a1e24f9120c
cesiumgs_3d-tiles;80eb49b631cff0b4905044b39a0e4ae2c8139f87
cesiumgs_3d-tiles;80f476a36830a67d700450df7f2641b7e80e1a8e
cesiumgs_3d-tiles;81023c89fddc2c2a4a51c698052b497806cd0ef9
cesiumgs_3d-tiles;810ec17dd55214a0d3e5d3e7e37f4bafa586788e
cesiumgs_3d-tiles;812731e1b6543bf7c7ad550fce043ab78af41239
cesiumgs_3d-tiles;8130eed8a02ae2b8c740d26150a30053b113840e
cesiumgs_3d-tiles;815b33b8ecad525a2559cf1cc559e524c39014c0
cesiumgs_3d-tiles;821a62b01de70f97cf91c644271481d7e301bb11
cesiumgs_3d-tiles;8235ce6d03fe7cc08a7c351bbc33ee0af8d01351
cesiumgs_3d-tiles;824527f884a00fe14b3b53592818c9b21f9268d0
cesiumgs_3d-tiles;82503164f2ec4946575ac1cd29c8b0e74b5d6257
cesiumgs_3d-tiles;82532708d6cfbb74bfa8484d10bf1b3febaa28d4
cesiumgs_3d-tiles;827b7c4c5bb751a5cfd4c2397dc7920efbcbabf9
cesiumgs_3d-tiles;82852ba9e20104a65898a812151aab5ab0c1e698
cesiumgs_3d-tiles;828f7fe5589ede92769286658de52e2a7c8a65f9
cesiumgs_3d-tiles;82d365a9a84dde4b0fd68446b4c9d4b1ffb27cb7
cesiumgs_3d-tiles;82dbd41d612c7525ccbc1c59deb350f94bde682e
cesiumgs_3d-tiles;82f5aee902c358040cc272feb96fb2995f90daa0
cesiumgs_3d-tiles;8314ea2a89d459f028a26729b1bb729963f5dee6
cesiumgs_3d-tiles;8378b5338517d4ab2398790b54d09f5fb2c08008
cesiumgs_3d-tiles;838dbee2d35166ee44232e968cfc18284aea2fef
cesiumgs_3d-tiles;8399d27d2eb9e3fa8595104231540526cc31b93e
cesiumgs_3d-tiles;839e87672e10007f7aae526db68b1b6413e2e0de
cesiumgs_3d-tiles;83bd2535232878abdd180ab3bffdd4bcfc297a18
cesiumgs_3d-tiles;83c237ce255f364844e5723f3b4c5e1939c409f4
cesiumgs_3d-tiles;83cd0860b59a7c5734dde78cd67484457446ad9f
cesiumgs_3d-tiles;83f0144ef0f2540fdd63037bda70d63a22b46ce4
cesiumgs_3d-tiles;8401b09dfd65f19c53e3240dd2a11fe02f09857b
cesiumgs_3d-tiles;840a0d3a6ee89b1ac077388710425b0a413a6bf9
cesiumgs_3d-tiles;842de53a8682540469e029a164feed4d11f3dd44
cesiumgs_3d-tiles;845ccc1aff84991f7f3b457c9f88bff104f13f6b
cesiumgs_3d-tiles;84790edec688009ff97bf57047123d56bbc07205
cesiumgs_3d-tiles;84828aa7abae2c15dc36ad3d1882e7f802857fde
cesiumgs_3d-tiles;8483631e424e8aeb1fd7791220b71948d5ab9769
cesiumgs_3d-tiles;8490a4d1842d2d9a456e989143c1b893951c0cf6
cesiumgs_3d-tiles;8498ee25621d286e5db8a8193db4220ffcc103bd
cesiumgs_3d-tiles;84a021cade1539160126fa2d16d730397c6b1893
cesiumgs_3d-tiles;84ae79dd522deb6c4cdccf81d52258ac59aba06b
cesiumgs_3d-tiles;84be977e5606112b59245a9de4ecc3135ec4f361
cesiumgs_3d-tiles;84e9666b5662e7d44f9adb3ccf8c94eded646270
cesiumgs_3d-tiles;84f3968faffee69185a5bcfaac0ce9628b374465
cesiumgs_3d-tiles;850b43a7589d58eba1fb27c9e036df31ba1d2c30
cesiumgs_3d-tiles;850f5a0e071fffd67c52aa28a09f0888b6f4c734
cesiumgs_3d-tiles;851800b87aec31584f2198205ef37be43c441ae4
cesiumgs_3d-tiles;8526ee76a69d14556ac034723b794a9787f03ac5
cesiumgs_3d-tiles;852b564112e41706b8c8546e4014fb75f701f5d2
cesiumgs_3d-tiles;853c3c150f90c2966f07c6df0fdde77980b846e8
cesiumgs_3d-tiles;853eadf3cdfaebc787c99e886067c3277ba1994f
cesiumgs_3d-tiles;856ec21d823be74383141a79dac4a28145fcf2c0
cesiumgs_3d-tiles;856f67ffb1f63e9a4588cd16e2100990d95ceeaf
cesiumgs_3d-tiles;856fc214a9be3d7846a64ffacda7fa0a91d3f157
cesiumgs_3d-tiles;85d1b8beec010b7170b764fc954fe61742eb8d12
cesiumgs_3d-tiles;85d25a9eb146f542f4ec03e51aab0ede1779eb7c
cesiumgs_3d-tiles;86025bae59552c9c37f115e60318f406a2f2d4b5
cesiumgs_3d-tiles;86165abacb6737f59c641925e9ddc6d4710cbf3c
cesiumgs_3d-tiles;86260098fde5a076489ed2d19f03928a588304d7
cesiumgs_3d-tiles;862bea0f5141b046995c876fe7e471a30b90eaba
cesiumgs_3d-tiles;864b61717beb4e59cfd41b4faed297a4f9318f3f
cesiumgs_3d-tiles;866dbb4dcdacb8802bb81671eddd313b3402b70a
cesiumgs_3d-tiles;8696f7b558d3bf25bdd1ca2e455d226d195e1bc0
cesiumgs_3d-tiles;869d57d67abe3e7c328b009ceb8f4509bc7c133f
cesiumgs_3d-tiles;86c8a5a474341b3f2984e65fe32a886d57228b02
cesiumgs_3d-tiles;86c9430286435e6756f5e969b07766e6fbf3c83c
cesiumgs_3d-tiles;86d05aee384de9d24bde3508d2db9dfb30fe3434
cesiumgs_3d-tiles;86e2c7cb2b7a527066a4aa692c89bad5a789ea74
cesiumgs_3d-tiles;87061d0dcd9f6e895b76ffd04d5a3eb1a1d4f5f7
cesiumgs_3d-tiles;87218a7c2030890b5200cf16cb466dbbd1480a20
cesiumgs_3d-tiles;87333ffe812aa41e419c8f3346b2e24042f3e18d
cesiumgs_3d-tiles;873f850bfdcb7dd52f250efa65e476506cee7d21
cesiumgs_3d-tiles;8764b60518fdc6fd53c34ec76b8dd7c7b9a13154
cesiumgs_3d-tiles;877ffb946a025a51355c9fbffc2347a9e207c77d
cesiumgs_3d-tiles;87829ad06dae3d250443ad11fb5e3ee52412045a
cesiumgs_3d-tiles;87878de93f34229189c0b46db5bb0b732b397c3f
cesiumgs_3d-tiles;878a5c1863504e79d8d57b786a395bd467a97f4f
cesiumgs_3d-tiles;879c786f35c65f660656e489f02bec4fa04ff00b
cesiumgs_3d-tiles;87afea524988f67d4d07afe5c424e9a6a84f969f
cesiumgs_3d-tiles;87c8708f00c777174fd4269cda3384a608fdbfdb
cesiumgs_3d-tiles;87d6144f1228eb891971cb2187820b32ef972e5a
cesiumgs_3d-tiles;87fceaa76d4f30add1e83db1bcd0fb27d432c343
cesiumgs_3d-tiles;8848217b629b7e95768fd8343191abc8672457c8
cesiumgs_3d-tiles;887f2de1a72a78abecec3d9958351315e73dba8b
cesiumgs_3d-tiles;8886c57b112714851689b1a3b92e0369fe02d26f
cesiumgs_3d-tiles;88b03cacaaa30cd2ac181d3213b862ee83e430e6
cesiumgs_3d-tiles;88b6225788af575eec94f3ce83948f3206e8a3d1
cesiumgs_3d-tiles;88c316a0c32deca475649a7c8bd52493f3ceb984
cesiumgs_3d-tiles;88c4cf2c6f42f070cb20d87bf5077730684866e6
cesiumgs_3d-tiles;88da5b67a941bf3c61a2a70d977eb951e44b9c74
cesiumgs_3d-tiles;88df253545f2d483c1a91b61598113a3d3fbec2c
cesiumgs_3d-tiles;88e6935b0aa55cd3574c9b63acc8252cd40419ab
cesiumgs_3d-tiles;88ea8ba2297b09c8a1f60d182b712af9086d9299
cesiumgs_3d-tiles;890f8f0a3204ef7fcc69fab5eb38615b0a56ed67
cesiumgs_3d-tiles;891f2b7b2215fbe1a439cb7793352b33c278a1ef
cesiumgs_3d-tiles;897613d202579fd07679907609a559ea415b20b7
cesiumgs_3d-tiles;89767dfdb5bc79f89b0dc5d60693563072991d76
cesiumgs_3d-tiles;898965598f66fe81772073c7606a8d622a998f7f
cesiumgs_3d-tiles;899b3a359708924c6288e78f0083575b2d952a1b
cesiumgs_3d-tiles;89a034667416af24b21402d0f244e923376ef6c3
cesiumgs_3d-tiles;89a1152e914c1770b9b24fb089f322253cd11e77
cesiumgs_3d-tiles;89b6bfaa7d510b21964f93b3af649c0796b44408
cesiumgs_3d-tiles;89c1ff25397fcdeba48b1ed2dd0538d0a672df6e
cesiumgs_3d-tiles;89dfff7982fb263756c22c4927ce5bddac1f9de1
cesiumgs_3d-tiles;8a0dee3131db7ae57bb432f3377a030e27511218
cesiumgs_3d-tiles;8a185b0be5994d2cac87ee3a71ef2daa478273ce
cesiumgs_3d-tiles;8a49bbe918b077e0758cd5a0d77651795ddf077c
cesiumgs_3d-tiles;8a5d83cc9d5937cf8f394a4598e218e1745eeaf8
cesiumgs_3d-tiles;8a7c0b87f1d541564dbed069f89043afb8618141
cesiumgs_3d-tiles;8ab85f7dd82a14ed04e6e56c5766c71066368ed5
cesiumgs_3d-tiles;8adb52ef95ca9027ae9dba9be1de2bad999eabe0
cesiumgs_3d-tiles;8ade7ba2ce85ad9672e28924120f38b277a81824
cesiumgs_3d-tiles;8b0aef9631e1260fd142a003713605a3e99cd107
cesiumgs_3d-tiles;8b17c04a6646a0f52b21509f0309fa85e7c8518a
cesiumgs_3d-tiles;8b3143b9e9f8666acff09f94d60fa5b34b3c4f48
cesiumgs_3d-tiles;8b3f5908b68e88f0e5cf128c62297dec35323a9b
cesiumgs_3d-tiles;8b4ab7032155cb28b020749d55e28c2da5315257
cesiumgs_3d-tiles;8b8f353cd07906cbc184c8e9570e9942f84a7517
cesiumgs_3d-tiles;8b992cd3af521c9c5b0bc9c146342a657f6a1bac
cesiumgs_3d-tiles;8c105d8fec278bea958e7541e6d5f7bcd35d153c
cesiumgs_3d-tiles;8c1f928c060ac9f17287e06e55c48898130f5b9b
cesiumgs_3d-tiles;8c36b3a3aaef73dbb85b781190d6179d307c603e
cesiumgs_3d-tiles;8c3cd9445a6850fbea0e09ad9d58a2d608fd20ff
cesiumgs_3d-tiles;8c64cb24d3b5e7b760b54456883ef72aab2ba3c6
cesiumgs_3d-tiles;8c6f64e905fe6c6f3c728ceb7a642e7a48bb1239
cesiumgs_3d-tiles;8c6f97c689a944040945cfa5c5331827b04c8086
cesiumgs_3d-tiles;8c708ea6bdacbb36263a28254a62067550043910
cesiumgs_3d-tiles;8c80158e23461bfdf397a8881c2c7abb9cce1439
cesiumgs_3d-tiles;8ca777f82b68e06c5a9014d0abadd3287b7aa6a9
cesiumgs_3d-tiles;8cbc5c44beac0f8b21f25f1212b3af11bc24e65c
cesiumgs_3d-tiles;8cda725907178d1b0a4d62414f803b1b205e126c
cesiumgs_3d-tiles;8d3f575cd99f9926363ada99140fd7036633c5bb
cesiumgs_3d-tiles;8d68e32980ad9a24a4f18b7e3fd95e41c17f2d10
cesiumgs_3d-tiles;8d88071d644f81e477d4566749a916f0b2f437f6
cesiumgs_3d-tiles;8db47177ea5dcc110ada877cf6ddff48857197e6
cesiumgs_3d-tiles;8ddc146660cdc8da6f0ae002f1adfe9256895a04
cesiumgs_3d-tiles;8e0f78f637d8247df71dfe663bebb184532919e1
cesiumgs_3d-tiles;8e1107e1f47e76a6b9f5fe8c70d74f9a06a08448
cesiumgs_3d-tiles;8e2c32ad94b906622e046b6c7031eeb5a9059642
cesiumgs_3d-tiles;8e41513481500fb7451ec37c967bf46ec482b743
cesiumgs_3d-tiles;8e5e67e078850cc8ce15bd1873fe54f11bbee02f
cesiumgs_3d-tiles;8e69ad3ef1943b12892aa940b76f0cccefce3e95
cesiumgs_3d-tiles;8e7924e5645dc2c770b88dfd4173df8463b23ffb
cesiumgs_3d-tiles;8e90da69323be68897244e3a7cb5c97a6fa1860e
cesiumgs_3d-tiles;8eaee4b1211d5a51a4249e62e0989f1ed4f459d7
cesiumgs_3d-tiles;8eaeff04ee6da24ddf5703fb3508f4bd8fa77d73
cesiumgs_3d-tiles;8efe6afd82ddb0acae2562d19366d3a00656bfee
cesiumgs_3d-tiles;8f0dbddcca4b3b7c7156fb6b7ec5a43c5d214899
cesiumgs_3d-tiles;8f0fa9e008bc6cf2523cf310075b7745ed300668
cesiumgs_3d-tiles;8f535c6ffb3f8bb9eaa12e582b4b12da63759ebc
cesiumgs_3d-tiles;8f5a7202bd5c402c3c54de6d94c350cee8563266
cesiumgs_3d-tiles;8f67c4226c816e1bd667d957ff88d1b344f3ca75
cesiumgs_3d-tiles;8fd2861c26d368b840413fdc267c20f069854a56
cesiumgs_3d-tiles;8fd937e2c2b1bcb5fd5fa09280262451d6e9d39b
cesiumgs_3d-tiles;8fddc18be331007351fd686efd9c170272390246
cesiumgs_3d-tiles;9032d8109655c6dd0879b0f53fa567849d2a7472
cesiumgs_3d-tiles;903e58248c826df30ed176a9f067d3bdcc3e7cba
cesiumgs_3d-tiles;9059943ef43a6f8edac068302eb3e1713ef56298
cesiumgs_3d-tiles;905cabae45d58b0020f996d1cf310246603bc041
cesiumgs_3d-tiles;9097df356fb8f51e88f0718969649b48dce84634
cesiumgs_3d-tiles;90b53dd985e98bf1f05b4f8be329eed6d4d8264f
cesiumgs_3d-tiles;90c4a6433ee173a4907b893fbb7872c13c6fe390
cesiumgs_3d-tiles;90ddb7b3831cf28213b1c5067a8ff010fa6c836a
cesiumgs_3d-tiles;9106f6628cca35283f794b95451a2984e1b247ad
cesiumgs_3d-tiles;911a1cf7c311ab33e46e1306b0280d633f1c7882
cesiumgs_3d-tiles;913c7cb5e2c406bf8609ebf121655dfd38aac606
cesiumgs_3d-tiles;914b76251c4e7c4f36bd2028c00830311ec1cdc4
cesiumgs_3d-tiles;914c8d6b0906f05a7d29eec6ee547cfb299065bb
cesiumgs_3d-tiles;91511eb16e1ddd388bcf0494821caa59febca45a
cesiumgs_3d-tiles;915dbb6ce9ef17ab9df8e2e52844fd93bc9aac37
cesiumgs_3d-tiles;916aed26f8ff0ffb83ea076750c98b7feae782e2
cesiumgs_3d-tiles;916b3d77f632b2548cf9c92c6c628d0cb8c94d5f
cesiumgs_3d-tiles;918fbba3c0d50c18225c892df12c2432ba5f1f3a
cesiumgs_3d-tiles;91923cfb4278af55a4f7811ea69761cad70ad539
cesiumgs_3d-tiles;91a16636ae8fb9a5d797f8e9fb2545af7bb2b999
cesiumgs_3d-tiles;91a3636900a7d8fac04b453fd2bbecbc73a56dba
cesiumgs_3d-tiles;91d453155b9c7932d29a35eb26ed2eacf138d9a3
cesiumgs_3d-tiles;91f5b80928217925ab6e6393825087bd5092e2c9
cesiumgs_3d-tiles;9208df56b16ebc0d39892eecc0b661ae33bed8b6
cesiumgs_3d-tiles;92278aa4dff4e7d647843cc9b561012229b09621
cesiumgs_3d-tiles;922f0be39979229282a4a517d217b577e340917d
cesiumgs_3d-tiles;928cb68e1879c0cbd7bad444d43865508e1bbddf
cesiumgs_3d-tiles;92a7002069c599e2791aba9e4709a5ce7aea126b
cesiumgs_3d-tiles;92ae20cc1c309c51110c11450b7b1000fc218f99
cesiumgs_3d-tiles;934458c80f63c3f08e7669b907c047955c128a23
cesiumgs_3d-tiles;935f0dcdcb61c4bddb65eb9264aedb99e27c2e89
cesiumgs_3d-tiles;937c0c2c1d26d8aed0f67934ffb8fed8e083b9c5
cesiumgs_3d-tiles;93a5634977041117a735e0fe9ab6907f6a1bb93e
cesiumgs_3d-tiles;93c250dec996b9834c8b459ca707b2e7551559f2
cesiumgs_3d-tiles;93d7d73d8adbf8760fb9da5fff9553613e8d18a9
cesiumgs_3d-tiles;941cdeb9b3087672f54403a074bb865f8a566068
cesiumgs_3d-tiles;948d77fe58d76381579387e58f0c300f069e1f2a
cesiumgs_3d-tiles;9493378351a205f899db300e5daf159c1e1d2202
cesiumgs_3d-tiles;94a0a0109187b75fca6cf67312db10440c78b304
cesiumgs_3d-tiles;94b737dcbbd82250c75d6b6f13eab25d6c6c6142
cesiumgs_3d-tiles;94daf5c8a3eb4739e680f41f6434f6afa08c608c
cesiumgs_3d-tiles;9531c3d62d093b9f1ca8eeec8863bfb7da38d659
cesiumgs_3d-tiles;9533603d79658aae72af32211e31bba473863396
cesiumgs_3d-tiles;9587e8997494a3fff6714b0f95553f571af7f4df
cesiumgs_3d-tiles;95884eb4b457a4984c7e6ba232f16af66f20003a
cesiumgs_3d-tiles;958bdf6af72e989f4b2a12fad93fbf6f49aa8dce
cesiumgs_3d-tiles;95cddfc33ead993d5adc60d308abb3e263b652ea
cesiumgs_3d-tiles;95e472087b4dfb9dcdd52818deeee8fa27def970
cesiumgs_3d-tiles;960788d31d0b083c7c6d4d8e8c2c979e182d279b
cesiumgs_3d-tiles;960aed3cba5a093c7f2aa9bec2d2b4d0393a2a79
cesiumgs_3d-tiles;9635f922b2c224663938b8b01b3428e15a2adefc
cesiumgs_3d-tiles;963e2b1a8ded40e5e7f4f95f1da51cf9d709ff73
cesiumgs_3d-tiles;96427cd07aee492eb8ef0032d0436c3baa37b633
cesiumgs_3d-tiles;964a99cdd56fa250634fdb8235f083062cb58e74
cesiumgs_3d-tiles;964f569b79553cf3dd584d3f4f8593ce2486fd3e
cesiumgs_3d-tiles;9659715b568ee6c2fa87574f2ea8d01683985ba2
cesiumgs_3d-tiles;9678fdb9328694e6901d98f68372c91a7fa30695
cesiumgs_3d-tiles;96bfe2c82042199b4ed950ebf32c849621f2b822
cesiumgs_3d-tiles;96e53939e8b587e5c3d748fda5bb9008af47852a
cesiumgs_3d-tiles;96f049c2ccc0841fa420de27db7f5b1ffea498d3
cesiumgs_3d-tiles;96ffd5f28f82f26b9a28761941b17c4bae195289
cesiumgs_3d-tiles;9708ddea38774cdac86851305e44651cf3621154
cesiumgs_3d-tiles;970aa042b8f5b96db520d304645ca5fc0fa346c9
cesiumgs_3d-tiles;970fd90662af5bdb44d8a2b53e684bb003c16fc8
cesiumgs_3d-tiles;9728376238a78a5f0bf683a77d4d68b5b8a57c55
cesiumgs_3d-tiles;9780b75b81ce83692ee2e9711c905d01ef047d8f
cesiumgs_3d-tiles;97a0ccc7642badd13d5ebb88f7c533e9a6e647dd
cesiumgs_3d-tiles;97bef4b65e8a0a0b6d15b04d439f17903eedeb1e
cesiumgs_3d-tiles;97d9cdc454440f2ea65aa47ffcda416d267511d4
cesiumgs_3d-tiles;97e158bac64e70fd37b3b9fe5d63cef2922de8e8
cesiumgs_3d-tiles;97e2e7c1d4b98ac22634a334dd1038672badbdc3
cesiumgs_3d-tiles;9811e67c7210a60c0f3694a137b16234878bad41
cesiumgs_3d-tiles;9824e12f9968966f924b10ee22719ae4e9365e57
cesiumgs_3d-tiles;984a8d625fa72bd59674fed1e63a10e03011cc88
cesiumgs_3d-tiles;986886896e09d18f579ed44e139be57ec5719eb4
cesiumgs_3d-tiles;986c5a9a7a22bcc7d09bb625923bb575254ece93
cesiumgs_3d-tiles;98854ad52aa5affe08ed5803bfdb84ee21b5de20
cesiumgs_3d-tiles;98b3411e4e1edce33cda2b19d38fadaa1cea6215
cesiumgs_3d-tiles;990f9392aacfc5966475146429874b7e72a3f6da
cesiumgs_3d-tiles;99314c1d074b27fe7d6f918a16891a7c08075227
cesiumgs_3d-tiles;993c7a647d7003e68e64e21c01481c0e5234c21e
cesiumgs_3d-tiles;9948bbff18d845785468cee9c3933d07afc773c3
cesiumgs_3d-tiles;9959194bbbf917d31503412bf95a0eaabb141fc0
cesiumgs_3d-tiles;99b86a5adae02edcf583da0a0d487a0f10f742d6
cesiumgs_3d-tiles;99d575bab0bade1a853f851b2ae80fb8f9387c79
cesiumgs_3d-tiles;99f297d46e5cfc17041f94078c926ceb48043f4a
cesiumgs_3d-tiles;99fe0896fb1940acf8839df59855bbe2c226996f
cesiumgs_3d-tiles;9a07a03150578d2035cf3abc6b1afe657fa991be
cesiumgs_3d-tiles;9a124f0185f0d137e12fe086f9ae699e8c58af7f
cesiumgs_3d-tiles;9a49627a08bd45f95f127502b66725e0d9dd287e
cesiumgs_3d-tiles;9a6319ce2345b9bf31b3bca51c28d79064a2f134
cesiumgs_3d-tiles;9a6755f5f9d10057a259054ff7819f04e8e3d450
cesiumgs_3d-tiles;9a855b28801906e98f497eac9e5930a51ce391c5
cesiumgs_3d-tiles;9a8a48b9c672a46a6c33fd7527ca079405f9a722
cesiumgs_3d-tiles;9a8d4ded8e8a33178a3a9657d7cef08930c040c5
cesiumgs_3d-tiles;9aa1aed2b901315dcfc0a4aaef8c995eceb6f9a7
cesiumgs_3d-tiles;9ab7319818792af99e684fb16cb34e88c265d333
cesiumgs_3d-tiles;9b2361ad27e754604dce26ee5888b97c4345e065
cesiumgs_3d-tiles;9b5bca2fbd7d7cd0a022312c74f18db70d1ca970
cesiumgs_3d-tiles;9b5d30239cb6e83aff113a13e720e8ba18f96145
cesiumgs_3d-tiles;9b7171c7e9ce9712bc0262a1ad2cd8a447474e2a
cesiumgs_3d-tiles;9b7ee940ea8cd2ffc90cb4f92393d818cb8fcaa3
cesiumgs_3d-tiles;9b92173d5f74c81375e4b2b65e539044cdd35752
cesiumgs_3d-tiles;9b9d161e40669e0e1eafc24f7bf28edea83a61f5
cesiumgs_3d-tiles;9bead13cb39aa926c166810cda944c6a0075cfea
cesiumgs_3d-tiles;9beaf6a80840aac2619f6dcb69ab4fd3e51487fc
cesiumgs_3d-tiles;9c2679d21e3032fd7b1865170e0f045b7c36e337
cesiumgs_3d-tiles;9c38b5d4ddccf144695f2e402a76ee2a89a96b6e
cesiumgs_3d-tiles;9c3bb6adca31bd0132634cf997b6219952a48a24
cesiumgs_3d-tiles;9c7ae4948c9e7940e1dfae92b925923c7c57a18f
cesiumgs_3d-tiles;9c8ce8d8161246991b9301fb046e0a066931052e
cesiumgs_3d-tiles;9cafb4488a1f39fc24839df6293ef68c9c519d95
cesiumgs_3d-tiles;9cb0d6e126b5ec625aec6056264c2bfd3f1a3597
cesiumgs_3d-tiles;9cc910565b6fe6fb45c14c5ecf3dae2b0d040637
cesiumgs_3d-tiles;9ce3c0184ec23be6ad659f4a8cd97691147de816
cesiumgs_3d-tiles;9cf8db7274a997be8bd647cce99d28b5a08ffa6a
cesiumgs_3d-tiles;9d035264efbb7ab685327a9a5880a30cc4761f6a
cesiumgs_3d-tiles;9d107c584c3e4eb69e08f07ea8c2a882bac74d96
cesiumgs_3d-tiles;9d140e6aa4c2548a63f87d251cee89226451fd5d
cesiumgs_3d-tiles;9d43d24d76d831fcc5c98b1abbd3025f1ccf0d00
cesiumgs_3d-tiles;9db1eebf322bb0ec8ca58c1774e1e1465ed8f65a
cesiumgs_3d-tiles;9db2999fe7f9b8200ddac8ef39c57b964f13fd3a
cesiumgs_3d-tiles;9dc42a7f331ddbe7191deab59c128dce03a06937
cesiumgs_3d-tiles;9e0420afdb287ab75667e63b2587f2c5a27ab1b4
cesiumgs_3d-tiles;9e05fc3367e27c10a50f724f72d9ff67a41bb56f
cesiumgs_3d-tiles;9e17e05f2b3de43db44a2cce192eba9f944d9d3a
cesiumgs_3d-tiles;9e1aff45cb97278d2f95da6ee73c649877ca74f9
cesiumgs_3d-tiles;9e1d32aa61941b64eec464855273c5a0ff038b3d
cesiumgs_3d-tiles;9e4726177ea992ca9a2c883f7d663441a1a687b1
cesiumgs_3d-tiles;9e7dfc7419698632dcbd90c966b730b7b4c0bc05
cesiumgs_3d-tiles;9e83d625afd7a43427e230810c26ba8174dddd67
cesiumgs_3d-tiles;9e84298bbddba445640fb5557da9b30b91daa21b
cesiumgs_3d-tiles;9e969a071b7e295380514a9be548f55aaf658576
cesiumgs_3d-tiles;9eb48c8f327069336866489978c2b4169a3e35d8
cesiumgs_3d-tiles;9ec0fdd6d805932259b5b2aa203f072b6df4fc35
cesiumgs_3d-tiles;9ed072d940130bf4552cb9be18ec2a8a204f8e9b
cesiumgs_3d-tiles;9ee542245ca35e22f6dc919e4e296f6e83b31657
cesiumgs_3d-tiles;9f0d6527e27bdaa5ec18f41351632b8e13efcf96
cesiumgs_3d-tiles;9f138080e463e27577ed5bfa2e4641dadf0f8137
cesiumgs_3d-tiles;9f2abe710c08759a5800bfdd9f93b6255c1893ee
cesiumgs_3d-tiles;9f5144b7e1893fd3a473ebb9a8d64b9cd47c06af
cesiumgs_3d-tiles;9f9f4efb0bdc89fb796be78085c5c6879a476b60
cesiumgs_3d-tiles;9fe1c51e4a58b7d78816ca7645d8162ebab457d7
cesiumgs_3d-tiles;9ff9af79cfa2e549553bf818811ec3581c536fac
cesiumgs_3d-tiles;9ffa98ee8c1eebb434896d791dd2a0c019ce383a
cesiumgs_3d-tiles;a002761c2b3b5db222d90bc7c23e6a1f3e014ac0
cesiumgs_3d-tiles;a00304992a680dcbac1591f698465ee031c2d8d7
cesiumgs_3d-tiles;a035a81627dc70bb6c862a4c41a23978c2a06212
cesiumgs_3d-tiles;a04dd0d73e408a7fb229e58c3afa7d8c72372d45
cesiumgs_3d-tiles;a05392234e1c6230f15962dc96d4b67a3b18c281
cesiumgs_3d-tiles;a080d337261510a025b5baf48ba549b085349725
cesiumgs_3d-tiles;a08593dd1e1a5fe7ad961b60c5eb9e7672ea67ee
cesiumgs_3d-tiles;a08fd48dee2b081b61ffc18e960a3a9251b2b7ca
cesiumgs_3d-tiles;a0efe0d222a5850c290026e5e8265e2c9903336f
cesiumgs_3d-tiles;a0fbf787ccff6ed56a9b96a0c865e11c5dfee07c
cesiumgs_3d-tiles;a0fd4d41d8939430ceae13a6d134740751475ef6
cesiumgs_3d-tiles;a10c7f3352f857643854ae08cd069f559c6b409b
cesiumgs_3d-tiles;a11e967c0cbd5d28e1c9eec9a2a8145f3b11907f
cesiumgs_3d-tiles;a12af0dc29be8cc1fcc69d76a18b49e756ea2d59
cesiumgs_3d-tiles;a15ce05ddf0363841df56ebecc3968a472625651
cesiumgs_3d-tiles;a161262ff902c3849f7b5915cac7d82f9d731510
cesiumgs_3d-tiles;a162908412a372be507e3c2e30389f50e4ae0b4b
cesiumgs_3d-tiles;a16dabb215b8ca6b84dcd390b0736c8a816bcf31
cesiumgs_3d-tiles;a178368bc4c54768d77276f2921c305d79bfec5a
cesiumgs_3d-tiles;a17ca413c6c995e15b745a1519b48ef62e1132ae
cesiumgs_3d-tiles;a1837c60de392672f24a45e00717e16d32b332ee
cesiumgs_3d-tiles;a19d9e1e815d8ebb2256b44fa5b545de420a4214
cesiumgs_3d-tiles;a1ac3d6381ca16296ce49910f40c2d80102dbf1c
cesiumgs_3d-tiles;a1c6683272354aa268dec5e5c44b28e6e51b1d19
cesiumgs_3d-tiles;a1c912378400e910c3da3f7fc6e4c3707a5056c1
cesiumgs_3d-tiles;a1edabfe89c768f47626ca97504fca05dbda8c97
cesiumgs_3d-tiles;a1f01afc433ca77f433a4b8e963da1bac16a8a3b
cesiumgs_3d-tiles;a201f6640c3e2b3a8ebbc0bee2f79704a54d5ac6
cesiumgs_3d-tiles;a202d318955da22aadc660343342daa421ab8aff
cesiumgs_3d-tiles;a22ea0ad866ac283972b0d23488b2a6e7aaa3fec
cesiumgs_3d-tiles;a24864c20cf640d954ee1485946d9c052c633550
cesiumgs_3d-tiles;a2506914cfbc90b0ce7244bb5138b19a688470c4
cesiumgs_3d-tiles;a2712b3fe8bd85e2ecf18530aea51d39df70da32
cesiumgs_3d-tiles;a27fe8096145c11615c2c189747ba3d90d3c600e
cesiumgs_3d-tiles;a28ceee92c8f33ed29bc9a5f3920c174764c5bc1
cesiumgs_3d-tiles;a2a232016fac947d3641602b12b343853f44c57a
cesiumgs_3d-tiles;a2a25364c155f11a13c19d1e7dabf68be0add172
cesiumgs_3d-tiles;a2ba8c946f4414ea2f64bfaf58385918f6b75c49
cesiumgs_3d-tiles;a2c70940bae35712638e286578478a9774537e05
cesiumgs_3d-tiles;a2c8d54ed50f3b56c27a67eba2339ceaa140f3cd
cesiumgs_3d-tiles;a2d25f406cf938f2a687cc816abe8d7943d9b846
cesiumgs_3d-tiles;a2e9026db9f4ab78779d7246262b03573bbbdf90
cesiumgs_3d-tiles;a3028b5cb85fe72a547171ea1d2b93fa198a285f
cesiumgs_3d-tiles;a31337f972de04762ec1f735201bdc923756c040
cesiumgs_3d-tiles;a334563e04550528fdafedf9b6a2232a2e76daaa
cesiumgs_3d-tiles;a35d9eff126e22d038bb0dea987d88a19281f6d0
cesiumgs_3d-tiles;a35e9e1a8f7761c6f527645bdc138cc56e31d0ae
cesiumgs_3d-tiles;a366e699827db08342e41c0bf2dc41247c20ce65
cesiumgs_3d-tiles;a37fd3dfec13943514eb9f0f3de3cd4b11d273a2
cesiumgs_3d-tiles;a39259db56d3257434058a5e077a35b0bf94df26
cesiumgs_3d-tiles;a3b0804cce29d53512d7cda0b9c14ec14c8a3145
cesiumgs_3d-tiles;a3d1e1f8f782a2aec65d60db21cfa4e7f181c4c8
cesiumgs_3d-tiles;a3fd3a5661b647a1861dd33a8cf1109e58e1227a
cesiumgs_3d-tiles;a43c5e3c7f5df36db617b59a94f65ebe731dff03
cesiumgs_3d-tiles;a45866de985f5b37aa98fc75340878d7a78e4056
cesiumgs_3d-tiles;a458cf8aabbab9b484e5eb81cd3c0aacaadec2b6
cesiumgs_3d-tiles;a45c42c25d7dbb3207514f5ab6d9e8de765dc787
cesiumgs_3d-tiles;a47882020f1b9fc0210af2f40010109034dea6f2
cesiumgs_3d-tiles;a495678082ff9c03a9636bc03e46a4cf36708320
cesiumgs_3d-tiles;a4a211efa62a3de72920366e07c2eb33f4712db3
cesiumgs_3d-tiles;a4a2e0370465fffce3ba5a44f33eb2a1f19b95dc
cesiumgs_3d-tiles;a4b1b8cef18da439b789dd0f36850bd90c84444d
cesiumgs_3d-tiles;a4b1ec1899db14b4834221c3543f18637e46db53
cesiumgs_3d-tiles;a4c2b79628b9ab7e501c1ee09e0535a6ddb6ac57
cesiumgs_3d-tiles;a4cc41b10e7c82178dd2a3195a0aa91ce130828d
cesiumgs_3d-tiles;a4e2c5d73cc604de4966749571d70ab1ab052018
cesiumgs_3d-tiles;a4f50a3ea77aae92020f2ad27252a700c6440e1c
cesiumgs_3d-tiles;a4fd66ed0653e95776aa4e84e0c02bc323e5b1cf
cesiumgs_3d-tiles;a500ffed0b3af45ef8c7dba5aa11f046717fcd17
cesiumgs_3d-tiles;a5177fa9e96d5d4d326b1967d99895ac44f094d5
cesiumgs_3d-tiles;a526ccef1f9744c4ad627c898b12e78fb5488272
cesiumgs_3d-tiles;a540561995116d598129ef72d850c92a030f26a5
cesiumgs_3d-tiles;a5793eba2042d7b62bdc375c76386fd9b31d4057
cesiumgs_3d-tiles;a57af33e1932b597f81a3c1f1cb4ff0041b911f1
cesiumgs_3d-tiles;a59f25ba1b33d4781cff4343f77459d4fa322a31
cesiumgs_3d-tiles;a5bf10b8fe19403808c5192bffec724a5aca9755
cesiumgs_3d-tiles;a5c0023ab688683b09798964300f82f51fada7d3
cesiumgs_3d-tiles;a61edd5856d6ccb25634734ff296ab48ebc75442
cesiumgs_3d-tiles;a630e417fdeef12529c0ec3d50614a2c17db5656
cesiumgs_3d-tiles;a6380283e8fa4ea680db710fe20140d77f32142e
cesiumgs_3d-tiles;a6453d696064779e5655c6410ad9474e9d9a2cb3
cesiumgs_3d-tiles;a65c3ed0145ffd064848798495266aa74aa2fcb4
cesiumgs_3d-tiles;a6743f5d54af68b6ceb19cbf022ea39b5c74c883
cesiumgs_3d-tiles;a67b75696012d3e97e414e53bedccd82ace5ffe8
cesiumgs_3d-tiles;a67f30cd63c9033efe43717f163de6d5983a615f
cesiumgs_3d-tiles;a6924bae290f16584e9d25edcdcaff42348bdc39
cesiumgs_3d-tiles;a6abc6806a9390b708eea2098b1970fd0f367f5b
cesiumgs_3d-tiles;a6bc2e2d489b2a0b84c05ef89d438df890a53f85
cesiumgs_3d-tiles;a6dc753eb8fabbe39eb33482bbc9ecbc6021b97e
cesiumgs_3d-tiles;a6e6b7afa59445ba613345f484e47068ae09c0c4
cesiumgs_3d-tiles;a700fdeb8038f4e0c1f02423bcc8889fdb8033a4
cesiumgs_3d-tiles;a709afb68445b716a25e3cde1d0f4299b4434924
cesiumgs_3d-tiles;a71b71a4692b39f75b71bb76b340cd123b5725ab
cesiumgs_3d-tiles;a7635ec6bdf68b194c9f4ce072104319520839d4
cesiumgs_3d-tiles;a7696613aa47eb2d3e7b68b246bddb064a0d08af
cesiumgs_3d-tiles;a7740170e00d4e0cb4e2b464327444bec0e390e7
cesiumgs_3d-tiles;a78df3cd70920c1e84e2e0f0c28741e3cd4f528d
cesiumgs_3d-tiles;a796b09a29dfd99015d7073817abf81c02617f10
cesiumgs_3d-tiles;a79c546f0f0feb1c9f088df3cb984059e197a7d6
cesiumgs_3d-tiles;a7a0f3f6366fe9271f8b794d78e23fda515901bf
cesiumgs_3d-tiles;a7b54e7a6e940ea7c037a34dc3110c6128315ceb
cesiumgs_3d-tiles;a7bdee40ffab5c350ea900d4ae60f2dc5d8ee5b7
cesiumgs_3d-tiles;a7c6e076d4acd7813acb8518af15eb408e7fecfa
cesiumgs_3d-tiles;a7dcf7278ddda03d534e9fc00df5d8bc5cb88ed6
cesiumgs_3d-tiles;a7f5e621865e2b80d8c39c155bb2670a0663a709
cesiumgs_3d-tiles;a816eb0700edf22fde07455a23fe870c50d2f9d0
cesiumgs_3d-tiles;a817f152460bc21b5d1bf6acf1ecd353bf7e6205
cesiumgs_3d-tiles;a82288c273a8b9e52354323b826f249c40a89e94
cesiumgs_3d-tiles;a875c10c8372963092ed2bff0cc03fe4757b9086
cesiumgs_3d-tiles;a89d6a245f36d076a83fa3e08389062ca6af68ae
cesiumgs_3d-tiles;a89f6550ef734fe201d453eaa16c4674d29d21cf
cesiumgs_3d-tiles;a8c226a018ec54e5638b3fc52313063d7a89a8a0
cesiumgs_3d-tiles;a8c317ff653b5c671af531a89e47c9e9370e6275
cesiumgs_3d-tiles;a8fdbfb839e189f74ec1c82b90b5c0f6a90966dd
cesiumgs_3d-tiles;a911c9a1264f825fda051be659d899df0010695f
cesiumgs_3d-tiles;a937cf142ac9df1f9f8ab7ac17cdede538a53a7f
cesiumgs_3d-tiles;a976569c2cf8dd50959be74eba3745df640c9b5b
cesiumgs_3d-tiles;a989fe4c7c070e9222187a90175bcfe156f9724a
cesiumgs_3d-tiles;a9c09f4dbccacb1f2c066d2901e07eea7c78e53d
cesiumgs_3d-tiles;a9d82cabe6e7af0caaef0fce0b439ed04926b968
cesiumgs_3d-tiles;a9f472d30204037e535b5ffac97fc3fd2e67cd6e
cesiumgs_3d-tiles;aa1e4d9ad17f8f7043bc87c7169b34586d196375
cesiumgs_3d-tiles;aa2a39790f6435ffe005c5468e17d6472f33e30f
cesiumgs_3d-tiles;aa2a9de727bae98be8642abb93ae38c26840c412
cesiumgs_3d-tiles;aa34dfbcee79ddb72d77492d8b88c4f41d4e268e
cesiumgs_3d-tiles;aa724ac0f5a70e30f54facf943033c1df22f4608
cesiumgs_3d-tiles;aac90a8b1dc5cad6f6365c67fbbff72aa139b3fc
cesiumgs_3d-tiles;aafebe993986aa9c668d35a63a42cc72ccdcc327
cesiumgs_3d-tiles;ab0318e6800b30167a91670039ad3d4a9f61dca9
cesiumgs_3d-tiles;ab2b2aa4ce833a4c8fe693d57dda54985044aeb3
cesiumgs_3d-tiles;ab2e94b1ab28f92da7aab9ad788f3e00bbde48da
cesiumgs_3d-tiles;ab370b5cfed318140a43475bde26298c77e97a6f
cesiumgs_3d-tiles;ab56f1e7f42a7e37bb9302102baf656a51f16793
cesiumgs_3d-tiles;ab721cf266433050fb084f3f9b4ff1212cb5146e
cesiumgs_3d-tiles;ab7294444e6d29795e8c4d4f22966a938068e3d0
cesiumgs_3d-tiles;ab81bfcef542906a5bbe0e739473d9e0eb1d1514
cesiumgs_3d-tiles;ab850e276954952010052ec69a2510f75e0946da
cesiumgs_3d-tiles;abd8d26eca64527901816dfe7074e4a797c6ea0d
cesiumgs_3d-tiles;abdd828c143e87eb51a60e68093912b44d726261
cesiumgs_3d-tiles;abf3ef588f70807b1f8ea7b7f4e73fb5c5f014c4
cesiumgs_3d-tiles;ac3759ffdc7d4ea0cb5ba799cb867175ee854de8
cesiumgs_3d-tiles;ac4ca54f4c5b0c00e87f5df3ef6ea8e39663c6bb
cesiumgs_3d-tiles;ac6348e574c658af5d1b44d280b0dedac84fd766
cesiumgs_3d-tiles;ac6c65684adb579325bcf6dd8324587f94ae1ca9
cesiumgs_3d-tiles;ac729d4f67e68852b47fbf8ce900fcd24d2bd3bd
cesiumgs_3d-tiles;ac7a6b4a3a2c1292936c28eb4635836c439192b3
cesiumgs_3d-tiles;ac8737f4bccb95e2c6b0ad3321c91249dabfcce3
cesiumgs_3d-tiles;ac8ebffebf7d26e60f1ffcf080090689dd25d005
cesiumgs_3d-tiles;ac90875fc45a1f9e61615dc0ee29c61072652afb
cesiumgs_3d-tiles;acaaee9722cc442391e4bd57922835a2430bf2be
cesiumgs_3d-tiles;accb69cb199a373e79495fba846bc1c8d7a46b83
cesiumgs_3d-tiles;acd4a0bc420d63de2c13258818fd37dd565b5a49
cesiumgs_3d-tiles;ad5fbe41b1be9c387a940d51ab68b93ff9c299de
cesiumgs_3d-tiles;ad5fbf3319b9a5e366d26c615dd30d1508371452
cesiumgs_3d-tiles;ad6b39e0244ad8d894bde995678e55977db0b203
cesiumgs_3d-tiles;ad83e046e2c913b12e5d79390752297321b4af99
cesiumgs_3d-tiles;ada55f4874a88a7a8ecd588d32b07f923a447a7b
cesiumgs_3d-tiles;adbfa3e6baa0c6512e9fee0c0e49ba3d0b3b0136
cesiumgs_3d-tiles;adeff16da55919a1d10942b0f0c54a5e3c724381
cesiumgs_3d-tiles;ae04e2cfae5207be2f96193af01197802b7d523e
cesiumgs_3d-tiles;ae30f8cab5c7d2dc94c4e473a519d98cf431c7c0
cesiumgs_3d-tiles;ae362a2feafe9c10d995b5cf0601f122a6946d09
cesiumgs_3d-tiles;ae3731432cb2020a3fd9ddbc0c2e2c070465c6b1
cesiumgs_3d-tiles;ae4600d95f794e0b59ab649180125a723c0ec353
cesiumgs_3d-tiles;ae4bab05e00134f98e42825266e8f1354ed94013
cesiumgs_3d-tiles;ae51dcf45871942d8eb0134ac01f7f9f6d87cc02
cesiumgs_3d-tiles;ae5a78407ec56d64ec682dac97ef2fb5cf02860f
cesiumgs_3d-tiles;ae5a7c1184937dc17fb047967de0f1d9e2b08263
cesiumgs_3d-tiles;ae875ecf56ce0da46d9fb3a1097de130aff679ee
cesiumgs_3d-tiles;ae996b13e6425f2648c6d4495457b75383a793fc
cesiumgs_3d-tiles;aeb6ed1b49f4849f4def9ccf4514130cb5d6afea
cesiumgs_3d-tiles;aebaa102cf50b1a67d34c824f74e794606b378f6
cesiumgs_3d-tiles;aecf81bedb36a747a89ee4403b316da1641fa132
cesiumgs_3d-tiles;aed685454af2e834a0dd09a6fc91826d899d59e8
cesiumgs_3d-tiles;aee26254f197f6eb6379154a039568f9efbb522b
cesiumgs_3d-tiles;aee5772cef0b2124df0a515f8fc46d94bb4821ba
cesiumgs_3d-tiles;aee6417c09c602d34bb31d5f26e1fb0becc2c437
cesiumgs_3d-tiles;aeeaf39477d09fb24695fc883676ac56e7f3fc56
cesiumgs_3d-tiles;af0b7c49d8575eab1b9c815a264150489291a099
cesiumgs_3d-tiles;af1b08b937e290ed023cad492894f38ff32e1149
cesiumgs_3d-tiles;af25031b79f9d2e3488a4d442d37dcee50f230c2
cesiumgs_3d-tiles;af5436ac6e3160797892faf478da2beb76198651
cesiumgs_3d-tiles;af5a02522221c0413018a42938ef96ca103b1f12
cesiumgs_3d-tiles;af6d80b8da7935452d814f3a4943c349480943fd
cesiumgs_3d-tiles;af84e414e539cb0e0fae582d949777af7f911140
cesiumgs_3d-tiles;af90e4f3980487f995f493062cf307a5e43772d7
cesiumgs_3d-tiles;af924969dde8b80c25fc53af1c6a96c6fbc85861
cesiumgs_3d-tiles;af969ef66d54b43aa03d8ceb8eed03c355cca275
cesiumgs_3d-tiles;af9f16e1a6d64a506c61aa413d3d2ca5b730cd77
cesiumgs_3d-tiles;afa1fa3815c3e3bb97fe26a5e5665186702743ba
cesiumgs_3d-tiles;afb701d02c7f331f18139f3341144e809483a04b
cesiumgs_3d-tiles;afb809eb76cd96f1b8f170f93575e63594acaf2a
cesiumgs_3d-tiles;b00f186e0f71444abcb59f20828d544b0f4e10c3
cesiumgs_3d-tiles;b05ef13b309cd85eaa5b1e22918134541e273237
cesiumgs_3d-tiles;b0610802471e4592648070c2d6e23655110f781b
cesiumgs_3d-tiles;b06d9fb8a5ba05cbe34cb0a1cf3468f4e9f27804
cesiumgs_3d-tiles;b078156c233d2eda24121637f8878d8501cffcd6
cesiumgs_3d-tiles;b0f109313b214d4f8933238979192e5c7db6b554
cesiumgs_3d-tiles;b1058d9f0def08d392b389423bb37b7715f86aab
cesiumgs_3d-tiles;b109e24b4082dc274a94d5dfb3874a46a1bd8e30
cesiumgs_3d-tiles;b114fc3c9ac82b869634ae4ef57d564da725887a
cesiumgs_3d-tiles;b11ae637857c2a2217b8988f393951c38b9b0200
cesiumgs_3d-tiles;b11fd1db5df100272d7db57f4235f5569c36311a
cesiumgs_3d-tiles;b122329237da07e53d094c7acf9ff574b02012be
cesiumgs_3d-tiles;b134c5084d9aec27742514f5b9018e81d43e5727
cesiumgs_3d-tiles;b14416908f79d66342715fa03ad7ba3153fe1a3e
cesiumgs_3d-tiles;b1be84fb4bce36cb06701f421acfdd015a37f881
cesiumgs_3d-tiles;b1c36c27dab1d78634668c4c54a5b79520850779
cesiumgs_3d-tiles;b2047f9c4f62193c37fec0de61f26ee358953aa9
cesiumgs_3d-tiles;b20f618fc0b5c1c7edfff9daa789d78584eeffa9
cesiumgs_3d-tiles;b21976ac000f762fabcedcb9c0f8cfa3a4c68b53
cesiumgs_3d-tiles;b21aec306c6af76ee051b940c4890734d45ea16a
cesiumgs_3d-tiles;b229d2c8e2180d81ee98f3da63deebc221d2f66f
cesiumgs_3d-tiles;b23867a707fdaded4a57ef613fd425cbaa43b8b7
cesiumgs_3d-tiles;b24cc5891ef5d85dd1a54b124611433435c049f6
cesiumgs_3d-tiles;b2865367e86c13320736c5ea159aac3c3f0f6300
cesiumgs_3d-tiles;b28b1e4c37de73e7364ff9987f357d1a2e4b06c1
cesiumgs_3d-tiles;b2985bb9145780907c554ab7a72df165c44d6c4f
cesiumgs_3d-tiles;b2ae80befa0565c3829c67088557d1ad9ef9f01d
cesiumgs_3d-tiles;b2bca4a1a000b92f7711e261e689989f1606fca6
cesiumgs_3d-tiles;b2eefff33d6830b910648a44ca0d037ae51fb233
cesiumgs_3d-tiles;b2f70aa8ee43f27540633c6f6c4e859cd3eca8a2
cesiumgs_3d-tiles;b2f9dd879c99a9c310a195a66ef3a3529dfc7089
cesiumgs_3d-tiles;b3057165b4d54e9a1d73d49d54077bbefa944a72
cesiumgs_3d-tiles;b30a08fb2f71f6baf1aeb4f13090577f4c83f9a5
cesiumgs_3d-tiles;b370d7d1779d5b7beee229f1c3169d39aa31cf5d
cesiumgs_3d-tiles;b376ff7736dadfedff327a1a7d71653f8a2c60de
cesiumgs_3d-tiles;b390b681bd5a6f727a50f6bf11d3f83ec742a68a
cesiumgs_3d-tiles;b3b66f2e0f9cc6ff0376f978d37e0bacae24f8c9
cesiumgs_3d-tiles;b3be1ca4be104f5574bf9ac24fe91a3e7430a77f
cesiumgs_3d-tiles;b3d26c71e65f0db7e398c6ab982caa97f74c9afa
cesiumgs_3d-tiles;b3df9518047f00a180b38401e9fea51cde43908e
cesiumgs_3d-tiles;b40a4c25e8e61ec9c7a56a8ea54cea2bf546fce1
cesiumgs_3d-tiles;b4162de96155f2ab36532502ebcbd2224685bbf3
cesiumgs_3d-tiles;b454b9b25e7e0ee6c0ec938d791969f8534c1e6d
cesiumgs_3d-tiles;b463829c786ad4db0d1078c2bf981dbe74e1fe57
cesiumgs_3d-tiles;b46c42d766913e441962081d5849b5f8e9b6d823
cesiumgs_3d-tiles;b4a7739808bd47861f928293a600bbd1e21494e4
cesiumgs_3d-tiles;b501a2435174361e6a2b8fffda000fa312b7c187
cesiumgs_3d-tiles;b50e5c872b897af0e0e24c7ed1798dfabf99bb15
cesiumgs_3d-tiles;b55236d19fb93d4d979e86dd0f28e49f0145edf5
cesiumgs_3d-tiles;b56712aff4271eb0d20f74808ab633a12bdbdd6b
cesiumgs_3d-tiles;b572106f8c7e6903fbbd810c74883856d7029910
cesiumgs_3d-tiles;b57eeb1fbb730d8a0582e516db55209a3e1cc3d6
cesiumgs_3d-tiles;b596b8ea7807c119434e9b6d97bd3f29ad1b4345
cesiumgs_3d-tiles;b5b0407e0ea169401e37c2ae5c892dd840366e31
cesiumgs_3d-tiles;b5b30358170678bb3df3c9e6f91711537b081cd4
cesiumgs_3d-tiles;b5b54de45b8357a4a0a40e8f0eecf02e43c2a3f8
cesiumgs_3d-tiles;b5f028d723e870155570d5f7143bb60b89602ffe
cesiumgs_3d-tiles;b5f1aaad590b91a2a5be602a198e772824f0a66c
cesiumgs_3d-tiles;b671469afdea6d6ed736caa8047aedf6bff414d6
cesiumgs_3d-tiles;b67a0ba29ce5e67208656f9de8647f386b34c13d
cesiumgs_3d-tiles;b6d01cd39a8ad77eafe4d7ce574b52e927e4e368
cesiumgs_3d-tiles;b702f3bc88ac3a496c1a33b0ee2a23d93f51b2f8
cesiumgs_3d-tiles;b71e3872ce60e770e2fb7fa449a8b97317d56418
cesiumgs_3d-tiles;b738a51e4cfcfb9835d843aec4dd2436e548d455
cesiumgs_3d-tiles;b7724df79a6bc86e51ba88b769132980544e4b65
cesiumgs_3d-tiles;b7a4a1f33676a7e9f3399cdd698c0e30882406f0
cesiumgs_3d-tiles;b7a524c7ad3eef2ae0eb448fa4a4250a0ff7d582
cesiumgs_3d-tiles;b7b04a69be95ec1fe8feda51522439751b15e9cc
cesiumgs_3d-tiles;b7b8313d562cf9055012f816021a13fb9a978087
cesiumgs_3d-tiles;b7dbbf910fa1eaf1b3e6fc24ad7d5f59527c57de
cesiumgs_3d-tiles;b7e76a2927ddc8dc9c77080aef764efd28759c6f
cesiumgs_3d-tiles;b7fa517e88149942bc6166b11944bac67565369e
cesiumgs_3d-tiles;b7fa89bea359b3f0e8ba03412c6cb12af5f9002b
cesiumgs_3d-tiles;b838ac74c4697a0c98aa92b8e7a5fc3e4b273b54
cesiumgs_3d-tiles;b8508db2407784597bf8f406af6b135811f09073
cesiumgs_3d-tiles;b86a17fb8ee23a00abbb27df071a921724bdc329
cesiumgs_3d-tiles;b87ac1ad7c8788ab1e146a41f6e06820c4aac658
cesiumgs_3d-tiles;b882c3f1043651150a324521a135b856560855f8
cesiumgs_3d-tiles;b8834a099ed11f01d6811a3d3346def1dfcff735
cesiumgs_3d-tiles;b8dd9e18452f61689e41d6b2af661a432bb76c22
cesiumgs_3d-tiles;b8f93348e00aaf12b9d2c02ba4d765d158ffee5c
cesiumgs_3d-tiles;b8ff4557f5788f036894417619b109ac3507f73b
cesiumgs_3d-tiles;b916c0dd4369c2425fe5f4ce1a4f2e8cef3ce957
cesiumgs_3d-tiles;b923417aee6b834633d48195c98602e3bfbdc034
cesiumgs_3d-tiles;b97c65c750b72444516a21c2da28a6f18e038791
cesiumgs_3d-tiles;b9a6d03a20b847f511babf9d0d2a1c2860134098
cesiumgs_3d-tiles;b9a87b30d1d342bf86a647274c06bb2759d636c1
cesiumgs_3d-tiles;b9ddea53f84cb1744946e29a0811b3f1eb5b4f68
cesiumgs_3d-tiles;b9e565fa0e58256b470f6d850d0a3e54bbe50168
cesiumgs_3d-tiles;b9ff3ca322f9fd5af4ffdc984599f0404f981e39
cesiumgs_3d-tiles;ba1483c1de0768449fbe1b33171932bb7012aef9
cesiumgs_3d-tiles;ba228831e14b0f56765d72a0d6590cd05f8c7eac
cesiumgs_3d-tiles;ba2a220d6a93e5092872bc0216eab6b02c570397
cesiumgs_3d-tiles;ba33e2bcefdd41d6d6c7f94673ab948c0665c46a
cesiumgs_3d-tiles;ba50d54fcccc55929c3402229c68ce70b974a234
cesiumgs_3d-tiles;ba7de2f3abc07d5b6ab25d478dd2f6c10ed56c58
cesiumgs_3d-tiles;ba8cbd1fb5abe694621626e74fde00bb66ca3568
cesiumgs_3d-tiles;ba91831998e8edf2f077a3412e1c5e488c9d3eac
cesiumgs_3d-tiles;bac0307deeccfa73eae51b4e264754391c12240f
cesiumgs_3d-tiles;bad261a60d52d737d53cdd31d87380710c384209
cesiumgs_3d-tiles;bb0496399ba9e2d551221b13595138c6d583f6a4
cesiumgs_3d-tiles;bb04b1aad8a9e1651baf0bb52c963e2d29a3e0f0
cesiumgs_3d-tiles;bb1d041c690fa9c4d81e45ff25f35e423e1b8881
cesiumgs_3d-tiles;bb1da030d640a4b0ac9752115edb5e58746a9939
cesiumgs_3d-tiles;bb233a5c6567e10f6649cc89fcc7a00ee2c358f8
cesiumgs_3d-tiles;bb302ae534eb72c053a26304e621f534ab280cd0
cesiumgs_3d-tiles;bb35a2504ac75e1664f0d4bb7bfd8794e52221fc
cesiumgs_3d-tiles;bb7746bd8fcbee9e3cd0b58170210023949c312b
cesiumgs_3d-tiles;bba5f8edac04bea34f7ef2e1ce47701cccaaaace
cesiumgs_3d-tiles;bbc33fcf841660e079147b66e01ab14949c9d36d
cesiumgs_3d-tiles;bbc526cc396de72e69ab98cfcd0f1c2dd14e722d
cesiumgs_3d-tiles;bbd73fa8b05aa8d26515debed78725ddfb9d9de3
cesiumgs_3d-tiles;bc203111c834b139a4d3c3dd28d26be18386330c
cesiumgs_3d-tiles;bc21c2c67e76a537bbba2a91a83475efb6581027
cesiumgs_3d-tiles;bc342cd47fa68b1bcb156fbdb66589bc3a4d370b
cesiumgs_3d-tiles;bc352ccbad28a25de5ca18be3e4a979f9e613263
cesiumgs_3d-tiles;bc55d3faf8ebca0824c6be8b65cc948b818d7535
cesiumgs_3d-tiles;bc8f5f705c8bec4b4dc8b0dad9aaa49a8ae8e207
cesiumgs_3d-tiles;bcc57a06d5da2600163f772f7b10f18b31ca20df
cesiumgs_3d-tiles;bd0fdfe2b2ee78cc273f7019781453d7854c8ac7
cesiumgs_3d-tiles;bd3e08ac08d8791baa9b7347b73398b120342893
cesiumgs_3d-tiles;bd98cc9d01ea5b0caa2f98f70fd914bf2cd5482d
cesiumgs_3d-tiles;bd9ec1963f113650a6d35fd580437dd1cffb11f2
cesiumgs_3d-tiles;bd9f19882cf9eab8507f8ffd516ad84802a6babf
cesiumgs_3d-tiles;bdd7c01649e8e1f637f4718689bdde87527f61a3
cesiumgs_3d-tiles;be1104e3743f2680478337176bd7497cd302c66d
cesiumgs_3d-tiles;be4ed0503fdef62302384d6d6c389507fa9f299f
cesiumgs_3d-tiles;be7dfad75a2c50f8189fc1c8b730b9b0f13ca966
cesiumgs_3d-tiles;beb5733bf07884b376071e42d4df2d7e17e81559
cesiumgs_3d-tiles;bee1c26368f75a9342b7524736858a20f63a3948
cesiumgs_3d-tiles;beeee606d47d96f3ff158d616ce6f27a298c74e5
cesiumgs_3d-tiles;bf03573413c4487ea7b9e0684f92a03aabe7e832
cesiumgs_3d-tiles;bf2e18cbaa332475d135a3bff1f8c83ceb40a6a0
cesiumgs_3d-tiles;bf31e5c30bf9612f4101feca553288734736b01c
cesiumgs_3d-tiles;bf4c914e735b3858086c098b31d1bc821e03e607
cesiumgs_3d-tiles;bf9ef3b3be4b2636210f2ceac83ae06380edd52d
cesiumgs_3d-tiles;bfa3aa2f970712f1f803c66779f5f462d9857ca7
cesiumgs_3d-tiles;bfd4b9a8e6fb4eeb341b3695535e82e1ec9b0e86
cesiumgs_3d-tiles;bfd68abfa449571046f5d6d91f3d381fbb0813c3
cesiumgs_3d-tiles;c01a0f2adbc530c0328b8589ce8577ec514356ad
cesiumgs_3d-tiles;c0291e7eeda26552e6aae8ead1f54e4a570440ed
cesiumgs_3d-tiles;c02ba37aecdd33eca62555fc4964f0e1f2ff8d71
cesiumgs_3d-tiles;c05c3ac8a4ba7dda0dc22530a511b270d526db7c
cesiumgs_3d-tiles;c07bd3834ccd886e4b6cf99d63314532e0626a32
cesiumgs_3d-tiles;c080472fdd0cb9ee374732f133ea05b60fcd550a
cesiumgs_3d-tiles;c085d52de9d6b6e3ebbc06d2ba161070f2ecd26a
cesiumgs_3d-tiles;c0af290aff0cb6be077772248e0a83ec566cc220
cesiumgs_3d-tiles;c0c368e24ad770732293c703f86a7483a86830fc
cesiumgs_3d-tiles;c0cbaa6c5e0ac0c3e65044367b86e24b1dc3d3ef
cesiumgs_3d-tiles;c0d63ec8cf36b4b5d75c0ac031ea9bc4d5a53ae9
cesiumgs_3d-tiles;c0edd3f7d7e9998309a759c0ddb443a581d37521
cesiumgs_3d-tiles;c126bdee1a144e0af3bc811ee85e8b1d61877525
cesiumgs_3d-tiles;c17f36de229ceffae18bde45b0c66e79f3815a44
cesiumgs_3d-tiles;c181fe23f6c27252a35a4746ab6b88c876b43a35
cesiumgs_3d-tiles;c1841b9b342218df621b10f3695e56bf933ac065
cesiumgs_3d-tiles;c1b058b12b64465bde81104b6b4eb4e6edeba486
cesiumgs_3d-tiles;c1b8ff66844551c43d0ab1803f83e1d958622414
cesiumgs_3d-tiles;c1ea1e239e9f4d60aa85bf66f3cbe886b1275cde
cesiumgs_3d-tiles;c2084b08f5a7a048dc7e931e1a12462782dee0c8
cesiumgs_3d-tiles;c242207ad54e7b89ae8bc8361662fb1a0d182e7d
cesiumgs_3d-tiles;c24690007c331ca6cee97e1a7a08b97d366299dc
cesiumgs_3d-tiles;c26313d96198cb72be74101e43dd9725868ce0a9
cesiumgs_3d-tiles;c28426d874004ebd3e98026df5591f066e7bced7
cesiumgs_3d-tiles;c28b786c7465e2046f584017da2ef8ffb11d8b86
cesiumgs_3d-tiles;c29a094e1caa62178c635077a0cefb71a785e968
cesiumgs_3d-tiles;c29b9664bdd99440bc17f608f53f852ee729d35e
cesiumgs_3d-tiles;c2a65f7cdea7808c552761096bd1e184a09a9cbf
cesiumgs_3d-tiles;c2acefb0ae79d2774f357f83b8c366ec54516669
cesiumgs_3d-tiles;c2b2cef46e234cb2368bfaf08e06b1c69ba24ddb
cesiumgs_3d-tiles;c2d833675a7c4f9b33b32a0c857aa81bb63d5c86
cesiumgs_3d-tiles;c2d86fd542d9659035f8e3efd90757320eb8d040
cesiumgs_3d-tiles;c2e8a7b632c5501817030b391df4410531b96952
cesiumgs_3d-tiles;c2eb0841b1282b881cba1626722fb92562137dcc
cesiumgs_3d-tiles;c32e4cf25dc094c555e78429eec82ff6d387101e
cesiumgs_3d-tiles;c33f06d0318a66490bee192669fc76f72baaab97
cesiumgs_3d-tiles;c345c79c4f407934bcb6f7d9e9b37bf953029c39
cesiumgs_3d-tiles;c362dafb36ed53a5a81e0182d5eb6eb5d44b8802
cesiumgs_3d-tiles;c362e23b76d96b93bd1d253ee337d7ed2b432f87
cesiumgs_3d-tiles;c3a5c28cd57049384552b1b217bd6d01a82c91c1
cesiumgs_3d-tiles;c3a95b89f4d24adec1ffc101f70241ec9197bb19
cesiumgs_3d-tiles;c3ab273b6e33795893915bac934c2683a56dc25d
cesiumgs_3d-tiles;c3cc87fab5713061cfca556b2db7bb3175b8c866
cesiumgs_3d-tiles;c3f7c9612c3d27b110af902f6a0df8f135fcbbe2
cesiumgs_3d-tiles;c413f4fcd3cc3ba4d787e60b7ccf7f295f9d92c6
cesiumgs_3d-tiles;c42b3f37bac1db4292372b767088ef98e12c161b
cesiumgs_3d-tiles;c454a3dba54d92e90f9bdabab81e827e46f491dd
cesiumgs_3d-tiles;c4b1e234e4d7ecb70bcb9210d67f3647b500a706
cesiumgs_3d-tiles;c4c4c01af55077578bf92a973528ad2f595f1774
cesiumgs_3d-tiles;c4eaa77bcf3287957c5332ab6a86e858e4264dcd
cesiumgs_3d-tiles;c4f8bcc29f9a121ee2d61dff09b65f9a89a30b47
cesiumgs_3d-tiles;c53a7933a4292e2422aaa1c7a3ac90e79f6b4e5f
cesiumgs_3d-tiles;c546e59e93bc58171dd9aa7fe80705616063e933
cesiumgs_3d-tiles;c57399f36e5dd99be66c34b23c97c1d9d13228fa
cesiumgs_3d-tiles;c598e7c66377a451f38015b49009ac1a1a65dd03
cesiumgs_3d-tiles;c5cd555b29842b3c5c231e8bc5dc857fd7db9d4a
cesiumgs_3d-tiles;c5eed39d0b77cf1469a6c9489c1ce7a60c7f22ba
cesiumgs_3d-tiles;c65c3b20d585ee55984d2ef144d7050463263a8e
cesiumgs_3d-tiles;c65d7c81cff20a74f858e2e543c46b3fe108e35a
cesiumgs_3d-tiles;c667cbfeaf787225be90e224f1f66b9543b4fd5f
cesiumgs_3d-tiles;c688c43071266402e4bba76feef6c8f6056262ae
cesiumgs_3d-tiles;c6940d273dd9f2fddc743ffd03114b601e491c87
cesiumgs_3d-tiles;c6d81d9a503fd84b25685bbb4140c4dbf65ffc99
cesiumgs_3d-tiles;c70ae51922a43cc19ef82853c9a65be138277d5c
cesiumgs_3d-tiles;c7106b086ef2e05157574eed3d19de777724e991
cesiumgs_3d-tiles;c745ccf4217a8b9d9e481eb6952c6475d1859326
cesiumgs_3d-tiles;c784d8bfd5f3fcb75fed252e126d2436a0152a2d
cesiumgs_3d-tiles;c79981dcdbef7ec0b47d05188177a229a1a07e29
cesiumgs_3d-tiles;c7ae7163b23139dec89b999e32f07a53a9c5028b
cesiumgs_3d-tiles;c7cd0bad1fdc15233c4df1f0aad7705dc1eee9a1
cesiumgs_3d-tiles;c7da4a0476c61fbc6a47d4823aa8ed35cc3a6064
cesiumgs_3d-tiles;c7ebf611bbe3477eca6024427a25cbd307c29c12
cesiumgs_3d-tiles;c81dbec8c722c6c1b6f06e93b74b7305d6241b1b
cesiumgs_3d-tiles;c83053fada01bd8dde47ed72d47662fc1021a6c0
cesiumgs_3d-tiles;c841e238a8bb8c9888e1ae04642efd15d112e5c8
cesiumgs_3d-tiles;c86c0e46b5d8f3d6437a2704454053170d05c378
cesiumgs_3d-tiles;c87a3b933cdb80c4720b29abd54c98747ac5d03a
cesiumgs_3d-tiles;c8a9dfa4a81eb86032ff83366d21c4fb8de77d9c
cesiumgs_3d-tiles;c8c65492494ad6a17b99d9ae53899f6d6104c975
cesiumgs_3d-tiles;c8f3477a94a3401a701eeae766ae457d32e071a5
cesiumgs_3d-tiles;c8f7c7fad8300dd3bc1f5f994a7746b31eb88b97
cesiumgs_3d-tiles;c90d65c7451f44e36165cc97f377a02d28c1a3ad
cesiumgs_3d-tiles;c91597cb49a968b2443534d0761fcdb734e3c58e
cesiumgs_3d-tiles;c930778c2e676f99145fa72dd278710e323fc9c7
cesiumgs_3d-tiles;c930ab6a378a6388afea8152ffdeed1988243ac7
cesiumgs_3d-tiles;c93c7c6e44ff6685280bfadc45e3cb18daba752a
cesiumgs_3d-tiles;c94786766eefb9f8504fd8676cebe13a37950a06
cesiumgs_3d-tiles;c94a253e67d999206986c08ad0f15606ff793b5f
cesiumgs_3d-tiles;c954b2b4faaa6aecff5078ba33cd270335584338
cesiumgs_3d-tiles;c9553a81af7825362b9d3868052f8ee08f9873f9
cesiumgs_3d-tiles;c955c7b210e04252bb41206ddee694c3321dfb26
cesiumgs_3d-tiles;c9601ed17669484d71f3550144d0f790c6b56a0c
cesiumgs_3d-tiles;c970c9b24ef7132640862f55840b5c182e9cc264
cesiumgs_3d-tiles;c9ac200e9cb3140216faf203603acf28753d01b2
cesiumgs_3d-tiles;c9b343cceb646ac52f64797cc548d7d68661d4ed
cesiumgs_3d-tiles;c9c61d1296bc0d139a0f2d1ec774850f68a5ad94
cesiumgs_3d-tiles;c9dcc36a349c3422d7642102eed306e23ab4dc0b
cesiumgs_3d-tiles;c9f4a50e23192a77d1e671d9780fd3c7e61c095c
cesiumgs_3d-tiles;c9f699d8cca1762d6cacdfe9d24da0e2b1d783c5
cesiumgs_3d-tiles;c9ffac07393773209fdc5256a8868e91637ccff9
cesiumgs_3d-tiles;ca0877831498fe32152b24e667796a37cdb40602
cesiumgs_3d-tiles;ca45c76ea1b9fde7d8b77471ddfb0deece490e09
cesiumgs_3d-tiles;ca6129e8aa8224a0a4dffbcebab7761c38238e30
cesiumgs_3d-tiles;ca67304723317de6e3bf85abbec1501f43c6f4a6
cesiumgs_3d-tiles;ca865e432fdd0fb54ddbca198d4fecc92510c869
cesiumgs_3d-tiles;ca918b0166be38d258b537121a1c2d7f77ca5d15
cesiumgs_3d-tiles;cac8403f8665e7a1e20264e589d854cef257aeb0
cesiumgs_3d-tiles;cacf1c3f94444bbff3e8f1cf4c16ce78c4c70428
cesiumgs_3d-tiles;caeaddbcf3774a03d38acd72516abe5b45fe3218
cesiumgs_3d-tiles;cb0004570d3289e50e50997572cb694d01db4123
cesiumgs_3d-tiles;cb3936ff12acb964c394d996e8dfcee0c0845997
cesiumgs_3d-tiles;cb482ec698c870777ea6c3fa2afbc6070c266aad
cesiumgs_3d-tiles;cba2312661b4ef223a9498f81dcdfb72f11e9c3b
cesiumgs_3d-tiles;cbab36e412c5fcb5a6a33b515ce07fbb82a9edf8
cesiumgs_3d-tiles;cbe68ae8b4c0264c42b152b7678713a1e2f2f071
cesiumgs_3d-tiles;cc0b3c326db0691a217e63931d214f10b0c01aa2
cesiumgs_3d-tiles;cc1fdd9a4ba9d63216f0e7cf8b2686c5b112b8e3
cesiumgs_3d-tiles;cc24a78d5b715d19b8eaec4f7f4e80b9d183d064
cesiumgs_3d-tiles;cc26879c92dd82585efbf37b38a69f198686b210
cesiumgs_3d-tiles;cc2b39b553fba267ac1267402eb174636dde4dd0
cesiumgs_3d-tiles;cc5e3b9d3ccb3b278d257a35add8ad8a0c6beba9
cesiumgs_3d-tiles;cc75ea99f10258a303d8910ffbe2c040a6682d2a
cesiumgs_3d-tiles;cc7d66e3843a961aa9b2ae9e11908affc52749c8
cesiumgs_3d-tiles;ccbff16fa92df31d03c366160dfa9cc580b7744a
cesiumgs_3d-tiles;cccbcee9c383bf9ec7fc870babb43d2610f06fe1
cesiumgs_3d-tiles;cce5ecb5f68ba516cb583d40cdca4b873b11d5bf
cesiumgs_3d-tiles;cd00b15f3381a2040a66338ebc6c7a71102ad984
cesiumgs_3d-tiles;cd6fbf685a9e3be231867c00584aefc543fc7846
cesiumgs_3d-tiles;cd78555792fed9dbaa015dca4685d8421cef8c65
cesiumgs_3d-tiles;cd8191526e3bd240af28ea5621fb6fa02e9f1ed0
cesiumgs_3d-tiles;cde0fb641e178a20f96f6deffb0300204df39da4
cesiumgs_3d-tiles;cdf366321745950e6134f34774433e31b0add487
cesiumgs_3d-tiles;cdf637029152f4ed6a32971fcf0a91f0305c1284
cesiumgs_3d-tiles;cdf69842846cb48e0b9af44732694ca329725f3c
cesiumgs_3d-tiles;cdf6b15a90769ff12ae73b967d4e9f00d9ee7913
cesiumgs_3d-tiles;ce079147e3e25224d8deade30ac26bc557d07ced
cesiumgs_3d-tiles;ce3bfe10173a876c9c87db65c73fadc3e7ca33bc
cesiumgs_3d-tiles;ce72a19f1f828e32caa9e1e27c54cfdd1bb93d1b
cesiumgs_3d-tiles;ce82688c411c34b72863dd593df81b4bb1358e67
cesiumgs_3d-tiles;ceaba31be2f77602611243ef1b7cc64aed6555e1
cesiumgs_3d-tiles;cec0049f5edd0bc0b9894ada8df8162cac38347c
cesiumgs_3d-tiles;cec6a7d107906e5fcfee5876ba91942f097a2244
cesiumgs_3d-tiles;cf105e59be5f1b6f35110d49713f459d23696ebf
cesiumgs_3d-tiles;cf210c88f64156bf2f8bc94a87d700d7ae363e44
cesiumgs_3d-tiles;cf2981a6cd5686d3fc4bc644a0fb7a2b798d877b
cesiumgs_3d-tiles;cf5512063f83805f1cbe70a5c3f20395c4c305c9
cesiumgs_3d-tiles;cf6e4a5eb9b0e85d18095d1e30b307f4294765ba
cesiumgs_3d-tiles;cf72dbefd8f5ee5ef8348da4bae295e2c8e0b49c
cesiumgs_3d-tiles;cf8163b82ada55e8feee71ba4aad8380cff83e8b
cesiumgs_3d-tiles;cf8dad297e5c36e19123ce0e37876d922e9f62f2
cesiumgs_3d-tiles;cfa2e9d9efdff6b0b438eecf05e4ec76faa745b5
cesiumgs_3d-tiles;cfa3aadb8971c7de24c25863bbb73158eaa1ebef
cesiumgs_3d-tiles;cfac79cee4a14badbeb5fc379a3de91e4c687647
cesiumgs_3d-tiles;cfb560e3de538c305d8b31701781ddfb7efd827a
cesiumgs_3d-tiles;cfcd143ed862333980c4edf6ce2f33528f0275cc
cesiumgs_3d-tiles;d00dc63bb8f325225b09e803162ac710f9c37a61
cesiumgs_3d-tiles;d02291522e2f038be8061310558425c416f44a49
cesiumgs_3d-tiles;d0526e3e00e3def1e07d9f655782bc45fe4b2e1f
cesiumgs_3d-tiles;d0556ff4089708eda3693bc18ff586d207d7052b
cesiumgs_3d-tiles;d0657451e3ef777d54d650e42a290e0f14909f23
cesiumgs_3d-tiles;d068877c8eadeb3b6063390ac0c869ec68286da1
cesiumgs_3d-tiles;d06b4c76340c90c39c6170aa1d0e971ed718a240
cesiumgs_3d-tiles;d09f3d7b91e51cfe2554a4582898041c99bd89bb
cesiumgs_3d-tiles;d0a0ca0bee4a1d81d77c777d1c9790ceb5d7afda
cesiumgs_3d-tiles;d0a5ef1e4ce66d3fd9051d5616105e29b3f133c7
cesiumgs_3d-tiles;d0bfe77537331f725bc774fa2d0c9cd1093bc607
cesiumgs_3d-tiles;d0c5a4029253f80488197b3c67d6a96bdf9d143b
cesiumgs_3d-tiles;d161ccb61178dc8bb37b9849af37af92da3eda06
cesiumgs_3d-tiles;d19a6492013e6d86f9114c0033d0ff971733789b
cesiumgs_3d-tiles;d19abf81841f1136e0736e027a465845d32190bc
cesiumgs_3d-tiles;d1a2124d43bcb383fd6689573a377b79578da32b
cesiumgs_3d-tiles;d1c8a513e4f40a0be36707847f0bb355ecb572d3
cesiumgs_3d-tiles;d1d3dbddbbc2ef525b32186af5d58f1f8246ab6e
cesiumgs_3d-tiles;d1e54208972f9af0ce8616e32328a9a556106a0b
cesiumgs_3d-tiles;d1e83d2e52680ac511dc87175bbd28521b890b77
cesiumgs_3d-tiles;d20eb1f602447410d246fd41397ecc53b88aaba6
cesiumgs_3d-tiles;d2347fefa83dbaa02e468ed3546da7d33e202494
cesiumgs_3d-tiles;d2494a3ac5779dde35aa7634e8c015cdb866d36f
cesiumgs_3d-tiles;d26851f5f6c941dcee6037552d6e35cd2ce1a3dc
cesiumgs_3d-tiles;d28f887466126471ae33aa0469560fd5b96808c6
cesiumgs_3d-tiles;d29e5a324b7977c7a9228889d295a0fc53edfbaa
cesiumgs_3d-tiles;d2a8ba41ba5bb89a829b2ae52cfca73dbc6ac6eb
cesiumgs_3d-tiles;d2b2da5cbb95b067f17d2a5d10fb2f7bf4628aee
cesiumgs_3d-tiles;d2b7993dbf48e5fc949de0ac4497694602a432b3
cesiumgs_3d-tiles;d2d21d4bf1cbdad15d0fc59ef97fdb932d457f87
cesiumgs_3d-tiles;d2e143fe083ca79d8214552ef985088648470bba
cesiumgs_3d-tiles;d2e211fc274144fe88fbfc23be41b166f9d33b3c
cesiumgs_3d-tiles;d30ff554fec0c146daa59adbfef44b76abb0a1d5
cesiumgs_3d-tiles;d31bbb02463c80a6049e044f52ef51ccb7370bb0
cesiumgs_3d-tiles;d31bc740bda2e50571d99de1083946982fd1b984
cesiumgs_3d-tiles;d33c742bd4056f147a13c084730d18ca8104daa3
cesiumgs_3d-tiles;d36e7ffe1ae0b58181d1648b7984fdd2ec5449e9
cesiumgs_3d-tiles;d37f782fb61027a7c4cfcb167df9e017793fb38c
cesiumgs_3d-tiles;d3b0d1c5927f4e20fe3bf6b32bee28bd1e23cf51
cesiumgs_3d-tiles;d3b64913e1c22b82615135df22c6d6fa83c3bff2
cesiumgs_3d-tiles;d3b9e89e63816cc129bf7560342808a98740015a
cesiumgs_3d-tiles;d3eeb2c6d49dc10d5a060ead965a155b8eabe6a3
cesiumgs_3d-tiles;d3fce8835137e6a54fb81d7a9b3a411b86ab2193
cesiumgs_3d-tiles;d3fcee114f4728f9989c098be696496dfd54d420
cesiumgs_3d-tiles;d4116f48e43beb7cf9d7c691100f8bba52e7779b
cesiumgs_3d-tiles;d41219942231adcb7189ab889fff5c6be8de8503
cesiumgs_3d-tiles;d45267b30e3514f24761355e63abc44bc55095ce
cesiumgs_3d-tiles;d479f757de6d94aa824fba07d7ddc00da974dcb7
cesiumgs_3d-tiles;d47c7b55c71439a5a667b392a3c17954e0ab6010
cesiumgs_3d-tiles;d48c5b5d3da7c0c0b2d50a3b171f06c1cc784a31
cesiumgs_3d-tiles;d4ae4245d2e50a1aaf7e0ae212bca06dc4bc4a93
cesiumgs_3d-tiles;d4d99cb8e90842f74ca0d44248655379c3e8bf3a
cesiumgs_3d-tiles;d4f726dadcbca955a071b911b6c5a53ad676a7b0
cesiumgs_3d-tiles;d5165a6a075d08229cf4eccc6a10ca6ec67ce438
cesiumgs_3d-tiles;d53c28198760ee2b239d11b50c53d1231ec3a992
cesiumgs_3d-tiles;d56fb07e40fceaa255988037e87032ff9b784b4a
cesiumgs_3d-tiles;d584279c750dfc2fc04c0789cd2830e03b35eedf
cesiumgs_3d-tiles;d5a44f22fdf5794656f5f50ac9ac7375c3f9bc05
cesiumgs_3d-tiles;d5c5491d33e4de9201fbbc85d0b9fc167dfa621b
cesiumgs_3d-tiles;d5cebf9ddc961aa5f6d1a7354dc19dfd68a8e726
cesiumgs_3d-tiles;d61763f0cbfb7f24a180295fe6660d7ce36f98f1
cesiumgs_3d-tiles;d61d5e9d729d6014df6b5164f3b50fb8abfbf719
cesiumgs_3d-tiles;d6217585b320eca60dcb131a3c62c2830517c7b1
cesiumgs_3d-tiles;d627dcb2771c42cae20a2b376f988de33448baeb
cesiumgs_3d-tiles;d63341bc1188691add8a0777a1007138d519dd96
cesiumgs_3d-tiles;d63fbbd928f80854e2e39cd1bb10e101aea32e64
cesiumgs_3d-tiles;d6490c8b6f8b920da7f6ffcc9a5daff3e074a39f
cesiumgs_3d-tiles;d64d31dbbf6a34cda85f2fe302dc3b741a09a953
cesiumgs_3d-tiles;d655e13f9843845f1618becdf0289d0c453ebaa5
cesiumgs_3d-tiles;d65d8394cf35513c0e12980011f4a990f244d443
cesiumgs_3d-tiles;d662349d7a60c249cf967e582f2ca7aca26f67c2
cesiumgs_3d-tiles;d67be50331e2071b49648d17bd281c09171272cb
cesiumgs_3d-tiles;d6854e2db5f6b7862aae210d8c8e0c63c2bb2f2d
cesiumgs_3d-tiles;d68fb034ddea48af5b5cc025a2312a1603ada631
cesiumgs_3d-tiles;d69a931f36d65e07b73204d90ddadd7465560631
cesiumgs_3d-tiles;d6ec0db0315f09b127186541b44460ccfae7de5f
cesiumgs_3d-tiles;d6f672464bb57bfb7a5ab00156c89ef00c95c817
cesiumgs_3d-tiles;d715eaf09af517653a42d7eecc3d511054f8e3a2
cesiumgs_3d-tiles;d71bdd0a4ce88c29080beb589a606adb7661c25e
cesiumgs_3d-tiles;d727842d89a9c53718501a0e2ceb91d51f22659e
cesiumgs_3d-tiles;d73209cda10baa404cd634936e24db7dceddb4de
cesiumgs_3d-tiles;d764f6f16841d852f2a3e1f9a446d5d4e920efd9
cesiumgs_3d-tiles;d7707c7e315abc78eb231d67fd4fe0fcaa3e7576
cesiumgs_3d-tiles;d7acce261c62e1c71de04366cc20b8995323ea55
cesiumgs_3d-tiles;d7bae299229ec652258156943160ec5df94d9050
cesiumgs_3d-tiles;d7ccf4f840574a16ebcd8b29ab308a2a2c98bce1
cesiumgs_3d-tiles;d7d99113202658c8254bb1ac61585b868157bb78
cesiumgs_3d-tiles;d7dec1064dc999db22c7e7692c49ebb38c1bc54f
cesiumgs_3d-tiles;d8076f7fbbb1a3b607bf9b3c3fd3668623021d52
cesiumgs_3d-tiles;d82e479ca73fc60af9aacaffc0fb9fae7da4bbdb
cesiumgs_3d-tiles;d8359586f69b6573ce9d90e3adaf6afa39704a19
cesiumgs_3d-tiles;d843ce2adb243b6f9980607ba10d502171d06d8b
cesiumgs_3d-tiles;d85a365edf9c52986e610fbca5631cd4fc8c88cd
cesiumgs_3d-tiles;d8680fac16c8f11fd687ff0aa6074a816314c2e0
cesiumgs_3d-tiles;d87001b6607298e99e4340412a9d514e210bd643
cesiumgs_3d-tiles;d87a2084c402970ae7d667001c180b7f3b456329
cesiumgs_3d-tiles;d8844e1976a22b93f6e0cad31b51d228696ea04f
cesiumgs_3d-tiles;d8a775ef6567daee4b7d62df517b05db46fff9e9
cesiumgs_3d-tiles;d8b9d91adcd0379c3c0eece25dd0399a0304faf3
cesiumgs_3d-tiles;d8cca5d728cfc2f2b1bb1719182b883c12a30778
cesiumgs_3d-tiles;d8d891e4ea11b3962f76e83f47c2c8f0a69b70da
cesiumgs_3d-tiles;d8ea050440671705be10e6b075554f2e91176e7a
cesiumgs_3d-tiles;d91ab346cbb22ffb9d1d3df28308e2681608ff83
cesiumgs_3d-tiles;d94357bfe6e3cac2792a011fc261383bc7f24204
cesiumgs_3d-tiles;d991c3abdf89fca051309a1aeeae4b6cee2c440b
cesiumgs_3d-tiles;d9ab2003b851515ef6ba3138dc1f6e83280be917
cesiumgs_3d-tiles;d9b288cafb0dd981589e00c6ad9b38ccafae709a
cesiumgs_3d-tiles;d9b863c409ae0bfa6a5f215fbaccbac66b5a2b60
cesiumgs_3d-tiles;d9dee60bee20736909ca8a47ada6936a8e9ce3c8
cesiumgs_3d-tiles;d9eb4b75925d39204ae84c9413b4ca4d62d294bf
cesiumgs_3d-tiles;da1592ef41d6ca6c51487f85672503cadb17410d
cesiumgs_3d-tiles;da16d45993a4326d055ab4b648f01e750d97b2af
cesiumgs_3d-tiles;da2af6dfa9225c5fd8e90c623cb27f3a02fca7f4
cesiumgs_3d-tiles;da4a77f6a060fa28dd91a671b2fceed3df193d93
cesiumgs_3d-tiles;da4bb5f8c4561a30de14bc92f695217a8a8b1158
cesiumgs_3d-tiles;da5380e65f7db9a7b890ad1a6dc20f8850354bdc
cesiumgs_3d-tiles;da5c840d48dcba8a9bee99173577f38567709f8c
cesiumgs_3d-tiles;dabf57b5618f2770f05eb9da6da6b9072b343e55
cesiumgs_3d-tiles;dac1be0c4d7979ff3e52294a4e378d16be59e8a0
cesiumgs_3d-tiles;dac7082203e91f32f68deb3ca3f0961ce193c4c9
cesiumgs_3d-tiles;dadc6dfcc04011625821812cf01f8f68738cf15e
cesiumgs_3d-tiles;dadcf7dd720ad123b061454b656c8c1138e601ed
cesiumgs_3d-tiles;db27755fd0e9b14dc24b620b8452d830fed00c25
cesiumgs_3d-tiles;db502c66c9075d6e83b70eb23f05f9e9085b842a
cesiumgs_3d-tiles;db5d3778618c75ca63cb937d6b0dc409d38c3459
cesiumgs_3d-tiles;db9c296680aff7b2afc109d26025b608a7aece2c
cesiumgs_3d-tiles;dbb8ae41605c888c0ce8b6c60021c4a6a58dbd73
cesiumgs_3d-tiles;dbebe036e7f2b4eab34b575747da2926abdef9d9
cesiumgs_3d-tiles;dc0a8066c35d9310b9558bac64cae0233e65406b
cesiumgs_3d-tiles;dc0d9eb32b558a494c7eef869c25cdccaa0cd654
cesiumgs_3d-tiles;dc3478bbea1149eaf756ce8567770b11a69171be
cesiumgs_3d-tiles;dc69c3c187d6af79621c84c85a31cc8fc37f800b
cesiumgs_3d-tiles;dc6ec61d59d7d1f5524ed43288948a742d297ef5
cesiumgs_3d-tiles;dc955e1a2fb6ab7b2cfb0b17f523561bd43226e9
cesiumgs_3d-tiles;dca3bca938445353c3dde1fadf59f2b420dd9261
cesiumgs_3d-tiles;dcb8aee2f4a2290ed915d95c56e8503f675529f1
cesiumgs_3d-tiles;dccb9349071b7efae8ce07d1f57134a01bd5a714
cesiumgs_3d-tiles;dcea6ce3408e2456c6a091a9fd3ee524ab850940
cesiumgs_3d-tiles;dcfce58504e13d28d22e64b008d762c2b580abaa
cesiumgs_3d-tiles;dd062c89dbf7397f15d67d0b413bb3a4390860ce
cesiumgs_3d-tiles;dd1a55f0413378bc7f81f36807bd4bda1dab24b4
cesiumgs_3d-tiles;dd2dcec0cb5cbbe59a0d5000ba6d92241018d224
cesiumgs_3d-tiles;dd3f43659f9fafad492beb5ec60d6898900b2457
cesiumgs_3d-tiles;dd41bf71ebb14fc996e21a2cd7bc83adeb8ca8fb
cesiumgs_3d-tiles;dd570888c72a41fe7edccbae572603260db0fdc8
cesiumgs_3d-tiles;dd77dd5d684c27d2d1ea77014f50c7f3465d7e34
cesiumgs_3d-tiles;dd79fd190be0f257a4b74d15b09a030961791f1c
cesiumgs_3d-tiles;dd833334b10711d6263b9445d4a1f99228cb3f68
cesiumgs_3d-tiles;dd85d96aca4612c7df28dd57b1da8ef2c64a0557
cesiumgs_3d-tiles;dd978f41373658f7cc39aae9983cef58210466e7
cesiumgs_3d-tiles;dd9e52de3f5f22db9a3c14ffcc0ba1ccc7b61145
cesiumgs_3d-tiles;ddba34742faf499498df9e37ea9bfdb60afe639c
cesiumgs_3d-tiles;ddc0b284134f99622f8c0da7c64502a3e4f5f3b6
cesiumgs_3d-tiles;ddd55c454e25701e0648f522b3805a52e207833e
cesiumgs_3d-tiles;ddec9f04041f39ddeeab05ce2330da89e588d082
cesiumgs_3d-tiles;ddf4e1c263246f5f0fa6e1f3177ed9c42da2dfdd
cesiumgs_3d-tiles;ddfd0bdedb41126c5d6da7346eb0bcb836b775a5
cesiumgs_3d-tiles;de0d21016694c17e19820ad68a4bc7666d5faef8
cesiumgs_3d-tiles;de13ac45b656dc81857368e032852a1ed5c2125d
cesiumgs_3d-tiles;de8d169f7a9dce96aa2064cb4e9b42e739ea6cf5
cesiumgs_3d-tiles;deae10d115a98542fe00d52ee7f421ed46f3059a
cesiumgs_3d-tiles;decc08dbdc0d179059a764e945c0b3febcf9cb08
cesiumgs_3d-tiles;dee44b1c10e033723de932411e7904cf439ddeae
cesiumgs_3d-tiles;df202dbce748b5697142db4f6d94526b5a07eb53
cesiumgs_3d-tiles;df25e8caaa34af6f44478884183c54e842b4bf48
cesiumgs_3d-tiles;df36f8195ae479cdb278b20ce4881f73ed29f1f1
cesiumgs_3d-tiles;df452468a1b6c3384a8f2dfd83f0a22e627c44fc
cesiumgs_3d-tiles;df67245aa84375a474a504b9e5edc4b98784294f
cesiumgs_3d-tiles;df6fd4be23318e99feac801149932fd07222e88b
cesiumgs_3d-tiles;df95060a60e65708d0d9907e576ed598dbde70d0
cesiumgs_3d-tiles;dfb3b5e3168f083ae466d99663e3dc42a0b48680
cesiumgs_3d-tiles;dfb3d5e2ce0319a3ee01a51894c395045c0adde9
cesiumgs_3d-tiles;dfcd584486dd73d85627baca14ebeef1980e2e44
cesiumgs_3d-tiles;dfe93bf1f9712041b43ef59827eb75995f7612cd
cesiumgs_3d-tiles;dfeed2c3c0356f8fc9d8ecbb30a3d30161b9c771
cesiumgs_3d-tiles;dff1d880cdc984c0b37ac1680574c683f7907819
cesiumgs_3d-tiles;dff81e18d2c6cc252371df336cb818ba42988246
cesiumgs_3d-tiles;e01185f88fc0464421c923bdcafba7f760aa4950
cesiumgs_3d-tiles;e021b5c56c17b406a060cdfe637283a6e8ad4c48
cesiumgs_3d-tiles;e02ccdf64caa1d2ca2857cbc1868f3f6fd8f7406
cesiumgs_3d-tiles;e0bf88f23f50272902010bbd726cc91214f624ff
cesiumgs_3d-tiles;e0d8faaa30af3bf2052d269ab9dc4540221cc4ce
cesiumgs_3d-tiles;e0dc7eb4dfbfbe4fbdb097ce57ac56f3e2c16b5e
cesiumgs_3d-tiles;e0f3cab201b27e0a69c5008282582890e30cc208
cesiumgs_3d-tiles;e10a1f11f55b4e381fb0d7e37220e6192d569a53
cesiumgs_3d-tiles;e11a463a59798771c1b0e3ce8052ccd08dec6a39
cesiumgs_3d-tiles;e11fa2521192249531487808631339a2abe392ea
cesiumgs_3d-tiles;e16c7e2b22e903091dd6b124f8b6d5ba8005648f
cesiumgs_3d-tiles;e184d039d06284c34d08ca369e4bbacde2f8291a
cesiumgs_3d-tiles;e19a5daf408839b2e17b6361320ad21fe80f2740
cesiumgs_3d-tiles;e1a65b668fa7d6812fbecd8fc4fcdaf05ba74190
cesiumgs_3d-tiles;e1a83ec3458a4a0d2575b8dd652c86ab375ac322
cesiumgs_3d-tiles;e1acec0b146b06af5d144c0e09c3f776fb52fe20
cesiumgs_3d-tiles;e1b901a305f977557faea7254db5afe82d8bd449
cesiumgs_3d-tiles;e204c9bedd0272e6cd22ec1c5acaa532852ebce5
cesiumgs_3d-tiles;e25e25fe506cc90196b06e7b3c8a5192fc9bbdb9
cesiumgs_3d-tiles;e2822438728f56102055a5ef3022201db54b5be3
cesiumgs_3d-tiles;e2939cebe5c5063dec0970b56f8d8ca5ab939a25
cesiumgs_3d-tiles;e2a33988a63dfa6699ec835631169e859b6eaa94
cesiumgs_3d-tiles;e2a7a7bf1c8d7a0b788a1831b8424bda88d825f9
cesiumgs_3d-tiles;e2bc488d43a070f84768e63310b799076dd9144a
cesiumgs_3d-tiles;e2e04b4ef6626ca6c4a574c6eda6cee5baf1971e
cesiumgs_3d-tiles;e2fa1079ac6fec5f8b2f4f5b6581de4772add51f
cesiumgs_3d-tiles;e3367393da245696afb7b3da2b2fff0f90215322
cesiumgs_3d-tiles;e342690af40a52bb64cfb679813d054487ef0bfe
cesiumgs_3d-tiles;e362488ad22048327d4bb29cc94c6d9358ef0e94
cesiumgs_3d-tiles;e3631d7fc2ed0c85f03ec189c109b7ede41ac5db
cesiumgs_3d-tiles;e37364e606c5dd1d673d273418e8993fd1b7ad2d
cesiumgs_3d-tiles;e37a41a63c3613c62c8f4623f477fe046668c851
cesiumgs_3d-tiles;e3816d8ed0a429f8650bbe32da276ad1cd436ee2
cesiumgs_3d-tiles;e38bfdff41a1e2850d344416fc854c9b6a455344
cesiumgs_3d-tiles;e3c2080ca88f399f2646ef9f06aea9a3736db543
cesiumgs_3d-tiles;e401937ec55efeb0d32f569ccd43ac9136dc27f5
cesiumgs_3d-tiles;e40e23f40bccd01a362bf88ee950753c798556bb
cesiumgs_3d-tiles;e428d04d15b31b0e1ca65a62fcc6908dfdb78e43
cesiumgs_3d-tiles;e4421e06c283c7aa73b0ebc2756e1ec52b79b439
cesiumgs_3d-tiles;e469b2073d0d6b03de2ea8510fac5e5d1dd462d4
cesiumgs_3d-tiles;e47bf2a03c0bf54811ae0ed93859e92fc249d5df
cesiumgs_3d-tiles;e47eec3463dfefbe3de25a38edcef5e875de8504
cesiumgs_3d-tiles;e488fc08b29736782e09e3338076dcaa81bd294e
cesiumgs_3d-tiles;e4901134a83ef4b5971a40a63ee4ad624446c5fe
cesiumgs_3d-tiles;e4a0af0fc15701b25d268f61970d3e1d49102b4a
cesiumgs_3d-tiles;e4ca4679559e11d84a3f066576fb8e51a7849988
cesiumgs_3d-tiles;e4d271b4488e6c849d075f3f3b8dd37d98776548
cesiumgs_3d-tiles;e4f066e508c9d76328801c0459c23dcdd6fc19e3
cesiumgs_3d-tiles;e51bce6c72223c4b20c623c432ffdee611d9f2b2
cesiumgs_3d-tiles;e54ad5c1dcd145c8de14cda8b44fc23409a48c4f
cesiumgs_3d-tiles;e565e1204e873e0a237b951a42cefa0669b2705a
cesiumgs_3d-tiles;e57d92771f66d1d417f7c9862ef1ecfe548116d9
cesiumgs_3d-tiles;e57f89c1ab779f38492a7fa1ef89be161474d118
cesiumgs_3d-tiles;e5c76f7623af6b9916c4d2e810a6387a458fc2c5
cesiumgs_3d-tiles;e5f87e245d6e4aaafc4a6bfe66848ab4750b4c93
cesiumgs_3d-tiles;e5fae3542ab7a5ffdece6a549b82dc9e2b29257d
cesiumgs_3d-tiles;e624b2bfc1c655af941fce3985c4cc2eae10b930
cesiumgs_3d-tiles;e64fb1849b296a2960d2d23ebf85747508ac7b34
cesiumgs_3d-tiles;e672e17f1341122d0ceea7ee8827cf67ffea4c11
cesiumgs_3d-tiles;e6901b2bee0acfeb5f726ccc63cfcc89ab18b8f2
cesiumgs_3d-tiles;e695b16d7a492cbf8f13b006366de79eaee5b2dd
cesiumgs_3d-tiles;e6caa0040b1f61eb066e78ce2ec0b7138880fcc2
cesiumgs_3d-tiles;e6e548203874bb092323a516230b7818da225cbb
cesiumgs_3d-tiles;e6e703a215420c817b6e615ba6fe344b122f57c6
cesiumgs_3d-tiles;e7400bd9a70a4bb9209531b4111644ef97ae6b3f
cesiumgs_3d-tiles;e7403264cb580ea08eddc8ea0bd6596edeb45750
cesiumgs_3d-tiles;e752d5fd154a095c696284025d49ca746706058a
cesiumgs_3d-tiles;e77f6d231e9a317d3b66f83787fe3b0e3b5ce6d0
cesiumgs_3d-tiles;e7b9d258251fb35ff146e81afc6a1626bfc0ee05
cesiumgs_3d-tiles;e7c6bd8f1c5e15ab8540b044fac5f00eb709000b
cesiumgs_3d-tiles;e7cc97b81e8660aa915ce1256edfa12e34785581
cesiumgs_3d-tiles;e80869c67a42ef793dbf13c8280223ec426bc155
cesiumgs_3d-tiles;e81a934209448f6f4fff15f23820fbe3f050aed9
cesiumgs_3d-tiles;e8625800b99709145ec4e52da41f8147a3d9eaf0
cesiumgs_3d-tiles;e86ab9b908ed821be745cc841d5998060160a16f
cesiumgs_3d-tiles;e86bfea163143c890b504c5fab4a91994dd826ff
cesiumgs_3d-tiles;e88f1aa16b6986ff5c6f366e60d202017b47cc3b
cesiumgs_3d-tiles;e9337dfdc5e969893a439f2b63161aa33601908e
cesiumgs_3d-tiles;e9448f7cf79e93e56c71a926b05cc745414e55d1
cesiumgs_3d-tiles;e94ed5c5f4bf249a1132b0f851d62d2d6735a206
cesiumgs_3d-tiles;e973712ce732d1abfa2b7ddfa135c7e3cb0ef9b3
cesiumgs_3d-tiles;e987ddb8ebe6fa4a39e5bb4dc56dbf1baeaf0386
cesiumgs_3d-tiles;e99b12d308f318a464427d19530d2e2a69443577
cesiumgs_3d-tiles;e9afac7378bd587f1e4df7951a5ed94882e72ccc
cesiumgs_3d-tiles;e9bc43e2a4b472313be51957616471fcafe6e260
cesiumgs_3d-tiles;e9be1edb93ece9e3dcccaab132f4eb2903b776a1
cesiumgs_3d-tiles;e9bf515c36af435e80aad5274533fb8785e422f4
cesiumgs_3d-tiles;e9d08e4658f5ff2c6fae3a41663ce4b08490b35f
cesiumgs_3d-tiles;ea0f50b58a1066e865cf5eff31e9b9525eba52ed
cesiumgs_3d-tiles;ea2ab7e715ca1056739803a4eefe4c8b6d864099
cesiumgs_3d-tiles;ea31bc069a25297fc55daa957ae2016279adbe20
cesiumgs_3d-tiles;ea478270cd5f21ce8d7329575d5a791a6e3e60be
cesiumgs_3d-tiles;ea52173899b322d5a61d06556298cfd79381472b
cesiumgs_3d-tiles;ea61cb7c91a8889a819959efacc3ea2ae5a4b981
cesiumgs_3d-tiles;ea6350ef6945f0668f89140e5fd7b31590cbff45
cesiumgs_3d-tiles;ea64e4e18e3ddfe676f4805160d5b868d003e7ad
cesiumgs_3d-tiles;ea6b395c7996bbab4e39d2a931b942c6a139e77d
cesiumgs_3d-tiles;ea8567756d5e0523a5fc1b2293f1f7f04c3bdea9
cesiumgs_3d-tiles;ea8bf386a922f5bd09bb0f3686dd694989e1fccc
cesiumgs_3d-tiles;eaafcc86ac8acb7a151a23b11b8886c5ed0af786
cesiumgs_3d-tiles;eab3975152f48f9503b907ec27416085b936191d
cesiumgs_3d-tiles;eac3a3d09118af23a9e387301b1d05f0eafc9b44
cesiumgs_3d-tiles;eac49df7bd4ec7a89dc581a59bb1b88242f5d7dd
cesiumgs_3d-tiles;ead4fef0d51e683efc25455be7634b1a0be91627
cesiumgs_3d-tiles;ead8fb7f06ce0ee59ff596e3e6628cc246b8c936
cesiumgs_3d-tiles;eae37f6071c47201364b7823f3d5e934c0db417d
cesiumgs_3d-tiles;eb0d7f9f0485c708b1dfc7e548185a5ac94a365b
cesiumgs_3d-tiles;eb3efe5b363511e3cc80af98a545fefe8eebfea5
cesiumgs_3d-tiles;eb506d483f51dfc1ba7843dd352f0d6d9821653b
cesiumgs_3d-tiles;eb602be316d418845ac4ac4217dbc0deb47904fa
cesiumgs_3d-tiles;eb64a61482129c312e26de539e2f5a3343b4ad7e
cesiumgs_3d-tiles;eb914f18ddf14465a4a49707e79e724b1946f072
cesiumgs_3d-tiles;eba2169932623557c45dc32bf9c1b2999a86cb13
cesiumgs_3d-tiles;ebaa1f90a2b0720d0168a34d9ae52596b3e37f62
cesiumgs_3d-tiles;ebd5d41ebb8c850e206eebe10a93a3dac1887e0c
cesiumgs_3d-tiles;ebed5cd1493ab3241740a44a5e3c91e4ff1092d8
cesiumgs_3d-tiles;ebf71867b1f858f6855d89eee0e4f502ad806dc2
cesiumgs_3d-tiles;ebf77433e869a88659f123dfb40594c3983dcbb9
cesiumgs_3d-tiles;ebf8820d5afecb14e53221bd466125f371718da9
cesiumgs_3d-tiles;ec037ec457dcbb76d8b22e39bd725c5ecf5583b1
cesiumgs_3d-tiles;ec28280fe31acb11acfb401e6eb4bf0cd2771b04
cesiumgs_3d-tiles;ec2f757e120b8f18014c595d876d0955337a0d98
cesiumgs_3d-tiles;ec33bdf29466d60da79bfbcbf8069e1282df221f
cesiumgs_3d-tiles;ec3927a2b26ae13e1f40dadb090bd953be2bd53b
cesiumgs_3d-tiles;ec6b52b04b60c939a681ad1f5ed8e96da5aa8b96
cesiumgs_3d-tiles;ec8339d7321f2b282f5b13c5c236afab875d32b3
cesiumgs_3d-tiles;ec83e2345b7e321aa49848551cf6106bf66394e0
cesiumgs_3d-tiles;eca2eff13567fc38b46d78e65e471404cbef05ac
cesiumgs_3d-tiles;ecb7de0320970763dca234f9bd9c72dff3ec2ec9
cesiumgs_3d-tiles;eccc2ce910e21a027aa0d3ebc1b76379f480414c
cesiumgs_3d-tiles;ecd5db4df6a19b785f224db72d8aed379377e4e3
cesiumgs_3d-tiles;ecdaacfde2d4e030ea4ad8d350450ad6b98b5b06
cesiumgs_3d-tiles;ed1603813634d15e58d2e229bcfe54f88d8a3e40
cesiumgs_3d-tiles;ed5783101dd10b762c1ef6aed697b252494ee0ba
cesiumgs_3d-tiles;ed6fb6caf1e3911730ab825aaed9f513ef605ea1
cesiumgs_3d-tiles;ed734f57fbd1736ef832fb8c51c729dc9f0be708
cesiumgs_3d-tiles;ed754a7674e479f1188b7933cc0d5ffe35ca8a30
cesiumgs_3d-tiles;ed8f389c6d1f802834cb329b477263fa74eb34a7
cesiumgs_3d-tiles;edb78a65af4c1da89f7bac68dde67312b7e6f016
cesiumgs_3d-tiles;edd353ce30cc9628039cef157f7c6d2f5cf57925
cesiumgs_3d-tiles;ededf692e5ab27f4a7b57008399b61c08d2eae98
cesiumgs_3d-tiles;edef775509e50187fe3ef7e49fe8cface5a3b915
cesiumgs_3d-tiles;edefa6e5eb30e2b8ad3c1f74e536f58207f49c88
cesiumgs_3d-tiles;ee3514cf9de0469cd61d71bf6d72c0dcfc92a665
cesiumgs_3d-tiles;ee38469cbd94913727aa07996db46e93bd1284e7
cesiumgs_3d-tiles;ee422b2677c50dc0aa65361fb856596fa7a1e71c
cesiumgs_3d-tiles;ee447232952597c32f1d1faaf2097e5d893e2e71
cesiumgs_3d-tiles;ee4d7e7d94226fda7dea72a41d2301432d7353af
cesiumgs_3d-tiles;ee557378403b5e866e91596ead33fa210de3d4b6
cesiumgs_3d-tiles;ee5bf467a449837cee7c6e2b0270c22baaa80604
cesiumgs_3d-tiles;ee5ebfdc3b257397f5d6fae7e35669dc67f00f43
cesiumgs_3d-tiles;ee781f10fc4ba6cde3be5d7e7368744bbe71a1a8
cesiumgs_3d-tiles;eed4d7eaccae484b1fd2a3009599beb35b4eec3c
cesiumgs_3d-tiles;ef1647f60af06c755eecbd89e148f5058aae120e
cesiumgs_3d-tiles;ef40a6e5d5b49d7d380754d355e83d82b3fc28ce
cesiumgs_3d-tiles;ef5902c437f2e98f0f9f725c1f7365ab34bfb48e
cesiumgs_3d-tiles;ef8844a33377baed27563fbb3cacc3f8f65e0547
cesiumgs_3d-tiles;efa98bf8fe8f04c60f896c9b852403a27a900bac
cesiumgs_3d-tiles;efdc22278b9b08739cb1413594cd8593ff4f9f01
cesiumgs_3d-tiles;efe1a2c6ec22fe49eee48f7ecff333ae6f100159
cesiumgs_3d-tiles;f00465fbf7472da40fbc6111c0669119fad7566a
cesiumgs_3d-tiles;f02944574dba0700afd312ea88d467b2c059751f
cesiumgs_3d-tiles;f057b331ebdfaeb34d77bb3fc13b92220518c4cf
cesiumgs_3d-tiles;f07db93e74981403a4f2d4cb82c9f9a7abcbdb9f
cesiumgs_3d-tiles;f084fa5a2d19f8e841e08e6a5ec2419cec2f1451
cesiumgs_3d-tiles;f08b138b1e70e8843217791d1055bc443ec56f1c
cesiumgs_3d-tiles;f0a175c3d07bbc0792d308396ce4de607ceca198
cesiumgs_3d-tiles;f0d676ae53a02d77746d1da20b9d4df03c1088c2
cesiumgs_3d-tiles;f0e031b769401647b999d20f76c606a0e2a1ea0f
cesiumgs_3d-tiles;f0fc1ab30ba44b8089be1d4a69368cd123ddfadb
cesiumgs_3d-tiles;f119e0e9c61e5338dca61b407099f6dba5b2e098
cesiumgs_3d-tiles;f161b5471325d5ea92629eaa662b7a8612d3729d
cesiumgs_3d-tiles;f16d4cfe071c5cc92bb4a9f9cb9ce33c67fd3988
cesiumgs_3d-tiles;f1810081ff49fb1173fe80aab227209671a63ca5
cesiumgs_3d-tiles;f188830dfe4060ee9859f106e099a190a3921e3e
cesiumgs_3d-tiles;f193d82d01f453743af174cded369c8fb6345b3a
cesiumgs_3d-tiles;f1b5458cc4b7ac1ce2951423d58a34a84ce3249e
cesiumgs_3d-tiles;f1c31dd3f34bcd232c1da098246da3715b2d7679
cesiumgs_3d-tiles;f1f27f72377a7197d815362e0d4e822a814f701e
cesiumgs_3d-tiles;f214b865fda9e63a65d994f743813dd3fc1363f9
cesiumgs_3d-tiles;f22eb5f320b19010aae6317d7ea3f765e12628c7
cesiumgs_3d-tiles;f27d3aaa08ca32afc05281d115c91c3da0dfb264
cesiumgs_3d-tiles;f2838666509c9324a0e80c7750ab6e4ced64ad8c
cesiumgs_3d-tiles;f291634add9d31c7b25f6c514267d8da9572e1ee
cesiumgs_3d-tiles;f29b4ae2d52fe90b0c5338ee9221afa12afd9f0b
cesiumgs_3d-tiles;f2ac8169189bc8d323931e21a0d40770e6371fd7
cesiumgs_3d-tiles;f2dce439fad8c3eb90c0b6af568de21c25b4b6a2
cesiumgs_3d-tiles;f2e243c916a5edd1eb155e6ee500f1eab2a1ee70
cesiumgs_3d-tiles;f2f9a1bb05a3ce2168058526c40c61d04ed97efb
cesiumgs_3d-tiles;f3691cbd5ff383e91c42d4443e0724165eac016d
cesiumgs_3d-tiles;f387186770719bbeaf091aa8e6f14f3225ca2d65
cesiumgs_3d-tiles;f3b51c2c45605c1b2479fb7e940833ed3edcbf1b
cesiumgs_3d-tiles;f3c7e9b6bb59bc063173bf734c7a8f4ac1429606
cesiumgs_3d-tiles;f3ea22bb7e930340e73406199e900abe69fc3585
cesiumgs_3d-tiles;f3fbfcb9558fc26d57765d4482792a50bb0deb43
cesiumgs_3d-tiles;f46d4add1b17c534321a757087ac439085e021b3
cesiumgs_3d-tiles;f4771f90088cbc249683fc8aaa0a0587cf12fc1c
cesiumgs_3d-tiles;f47b88cbdaa1bfb46aa9baae51731b318799e14c
cesiumgs_3d-tiles;f49d52e244c512fb5a595e994f69d1c90f5eafea
cesiumgs_3d-tiles;f509b062e5e03cd1964d6faf1c42be90c9e26251
cesiumgs_3d-tiles;f50e5ed518d4e328396e17259ac2a69d17e1b4ec
cesiumgs_3d-tiles;f545cf15322751c131eca2bfd04d6c6d362a13b4
cesiumgs_3d-tiles;f557f562ad2777bc3173e8905ea9ff09c10d4f55
cesiumgs_3d-tiles;f56dc10695f815d8fdb5ed14f961696cd115f784
cesiumgs_3d-tiles;f587f14ce595a84faf24ad682a48c3c67ed0cb33
cesiumgs_3d-tiles;f5bffdd540c3e18c9834533acc274f839ef1225a
cesiumgs_3d-tiles;f5cf763507ebb252dcf81d0e6377ebb118b72f3b
cesiumgs_3d-tiles;f5e6a62b9d8a8fff5caef97e08fa50df29747ecf
cesiumgs_3d-tiles;f633a896bdf9ec8082fd34b910cf8eced6303c95
cesiumgs_3d-tiles;f6651a63db88fa7afb4e6ca19bb09ee6fbe5780b
cesiumgs_3d-tiles;f6771f30e0e931b422aef1184c349eec41596399
cesiumgs_3d-tiles;f68147b8b0b1f6cb6852a0f21734f270fd27b743
cesiumgs_3d-tiles;f6be920e2db12f710bbc1bfba51dccf11165e702
cesiumgs_3d-tiles;f70ad7959ca11f09c91e53612fc44ebba9e55a35
cesiumgs_3d-tiles;f734cd798f8d161740b1b76bc7540300b21feb78
cesiumgs_3d-tiles;f7503085567776369de3f02388295d0b4d58dd4e
cesiumgs_3d-tiles;f76974a6f64e3086d7a4c494aad963df9dc38e97
cesiumgs_3d-tiles;f769b0fd648e71db8f07bdaccba71f20d94d3a9b
cesiumgs_3d-tiles;f77142150fbc003deb9470c839bd251f3c1e7a79
cesiumgs_3d-tiles;f782eb0c117687f6d25b247a8f10a044442c1a68
cesiumgs_3d-tiles;f7b5cb05afb1a0cd532903cff4bbeea82b768084
cesiumgs_3d-tiles;f7c75194a83f64ace7c809810c74421edbcf02a0
cesiumgs_3d-tiles;f7e51869fe4599192405830217525ec0ffc357d9
cesiumgs_3d-tiles;f8128312c2cd31b865115b62eabad4b52e729925
cesiumgs_3d-tiles;f86989569c23e36f043d62f80b827dd655a3f361
cesiumgs_3d-tiles;f86c8c9e430c225ce267e1fed33a8332536cf3fc
cesiumgs_3d-tiles;f870f0c6100ad4e8ff096ba02988d52bfe0dc5e8
cesiumgs_3d-tiles;f8a47594610c83b5ef6dc7fffc068bf72a19cf93
cesiumgs_3d-tiles;f8b3c67170a7862f25c4794bb22f6fd468ca70de
cesiumgs_3d-tiles;f8c048bec707878f04106a2b2d42316d43a39878
cesiumgs_3d-tiles;f8d39852c04f36697949f9b4c0e447524d1619a0
cesiumgs_3d-tiles;f8d8474e6c723db6e99ddcbff111fa6f3f7bc6cb
cesiumgs_3d-tiles;f8ffcfd42b8e90e06f07422b976d1f45c8b4bc14
cesiumgs_3d-tiles;f91a76be3944076b1bcfba2e33df45b1e07a9f29
cesiumgs_3d-tiles;f92a2f9c926e09343cf6e07f37aec681490f28b1
cesiumgs_3d-tiles;f9384a3e37debe577e027eb4f1c37a4e6403684b
cesiumgs_3d-tiles;f958e4caa814658ac6bd592cae68c3267b5d22c2
cesiumgs_3d-tiles;f96309a22e2038a5402f404420fe0769f363b978
cesiumgs_3d-tiles;f9796c651998cd1517fd6cca3af181b18fd29a01
cesiumgs_3d-tiles;f99d0141006b8b59d97003ec602f78ec8cebaba3
cesiumgs_3d-tiles;f9ad4e1a4c753b91262c63121b3124f38ffe49ff
cesiumgs_3d-tiles;f9bd6e21da0ed0039b3fc1cd8fcb7b114c4eda43
cesiumgs_3d-tiles;f9cbca9488ba63c8dcaf5c17d3b0f8db7d059899
cesiumgs_3d-tiles;f9f57a0521919777bf6dc1b284aa8286bba4a57e
cesiumgs_3d-tiles;fa03728e49646dbc4f981c16d30cefd394dd8f17
cesiumgs_3d-tiles;fa527f8998c1b6b0b8231bfad5db1bb57f5511ff
cesiumgs_3d-tiles;fa5af755e614f536b64ea49470d4885fffde47b2
cesiumgs_3d-tiles;fa9e2aa82ffd005d8d1cc0777ac34cb79198cc6a
cesiumgs_3d-tiles;fab84d578ae735029b2a8a4d20021af2440f87b1
cesiumgs_3d-tiles;fb04c0c170c0bba53507dd05d5af0c9dd6d29d65
cesiumgs_3d-tiles;fb2b3c2b9b45e9aebe6e7d77e8a263957f060b9a
cesiumgs_3d-tiles;fb35b64a7ace5893315f2525da4fccc6d67dc10a
cesiumgs_3d-tiles;fb3e2fd41480b1eff34c0a94bad29285a3c1d577
cesiumgs_3d-tiles;fb45fff60a3119a7f2b4580ac12444e8adbffd11
cesiumgs_3d-tiles;fb494ad7a69d834b7fe28f164f89378172bc6f53
cesiumgs_3d-tiles;fb68c09d633d896acdcc777b97f676f7a23c4e66
cesiumgs_3d-tiles;fb786c259a5bc078bca3d6e4f5a603b3a309a0c0
cesiumgs_3d-tiles;fb85aa5f25f38f88419a6c00642b1baf78ef0ded
cesiumgs_3d-tiles;fb8fca3887a02fa538d438327d49d700a05dbe94
cesiumgs_3d-tiles;fbb1f1b0c62e876b53ba8d53765fe5521b0abd06
cesiumgs_3d-tiles;fbb91b5787e4fd9ef968208edf6a1becb378332b
cesiumgs_3d-tiles;fbb9fdc2de8db4d7bd7b4cee7a6ebe3571c47766
cesiumgs_3d-tiles;fbbe3957a4f268019e8955c0f246ca490c1fd642
cesiumgs_3d-tiles;fc2d0a6c23ab236e268b285f4fe683b28380c8aa
cesiumgs_3d-tiles;fc301c4df40412cb9947f60b79aa6966529c263d
cesiumgs_3d-tiles;fc3508a1c0d9a24316d466ea46fae95a8514f0cf
cesiumgs_3d-tiles;fc3ee909a55619ec64dc521bdec3502979c3faa4
cesiumgs_3d-tiles;fc6732aa69d03a31ee2b5e0b8a88e702dbde1815
cesiumgs_3d-tiles;fc6c7222a556595ab5fa6faf1caaff2141a78b54
cesiumgs_3d-tiles;fc75a38d7357d80a2a308987acff970661c12e84
cesiumgs_3d-tiles;fc8e5d14ab4e6c4808786c65989f47f515d176c0
cesiumgs_3d-tiles;fc9c0c0335824ac1dd751eeac8f029304a08a644
cesiumgs_3d-tiles;fc9dfd4b2dfe77b67119ba5681aabd9ad75cf372
cesiumgs_3d-tiles;fd1aa8b54cf3756e75319ba7340cfb7f4869121f
cesiumgs_3d-tiles;fd2ceee193812aa2ab327d02860ad1ff35848e60
cesiumgs_3d-tiles;fd3719d0a504af14bd1f01f15f8e2cdfb160b5c2
cesiumgs_3d-tiles;fd4112f3e0234a488fffdf6e06046c1b9db9f100
cesiumgs_3d-tiles;fd4b83f6f97f18fe8aa6ba9963cfe9f3e1d767c2
cesiumgs_3d-tiles;fd5674700e680f99eda21ff33abc4e84f9fe1b1e
cesiumgs_3d-tiles;fd71960c384f6cd97036facac7afd50e871dbb81
cesiumgs_3d-tiles;fd7420454fc409d397cad5e62f91ad0a492322c2
cesiumgs_3d-tiles;fd8074acb4c3e9e8b29d8596acb89588b8d92d44
cesiumgs_3d-tiles;fdc32493eed59e648fe9f62c32aadfd9d2fabe9b
cesiumgs_3d-tiles;fdc6778cbbfb901b72980cc0fdd1299226a04175
cesiumgs_3d-tiles;fdecf3e80c1db5a378368e65743e7cdcbf741702
cesiumgs_3d-tiles;fdf9a56526fca1022e1bf0f5b3513dbc2c73fe9e
cesiumgs_3d-tiles;fe302d7e01d3a570bb3cca09f8a74d0de23c5896
cesiumgs_3d-tiles;fe342b28010b4972edc71be54cfb33c9ebb0237e
cesiumgs_3d-tiles;fe4609417364c3e910ca9592a1fd9bc1844e0945
cesiumgs_3d-tiles;fe8c394e907594d75526694ae51fcf56bc63618f
cesiumgs_3d-tiles;fe9be202d7a91f835293f93f7ee27b364148caf2
cesiumgs_3d-tiles;fefe1130ac9c80f2139f1faee7db1423f21fd9de
cesiumgs_3d-tiles;ff1acaacccce80befd98d24c264d4ec8b08361b8
cesiumgs_3d-tiles;ff2c3677990864d069ac346e220e70bf6d7a804d
cesiumgs_3d-tiles;ff597e12de5a2d3625da17d933c3c486145b9ddc
cesiumgs_3d-tiles;ff5f3e26f8bfba9b850144b43d0ddbde5ce2d012
cesiumgs_3d-tiles;ff5f3f8e58eccaf0604b048ff0ee3fdfd2f86589
cesiumgs_3d-tiles;ff643d8bfe684ddf98d044366f4826ebc33d79dd
cesiumgs_3d-tiles;ff9deb2904082d3ed09250e6687ec629c51aee69
cesiumgs_3d-tiles;ffa52cdd21634b3c904e52e76288ffdf0915d4f4
cesiumgs_3d-tiles;ffc7ebe11384d9b4f702e9558c35ee9fb276668e
cesiumgs_3d-tiles;ffc9cf28b112af8f6395554764c4ca5929236f1d
cesiumgs_3d-tiles;ffe8e9af27fc4dfd6d41b0e507dc0f76749f4cbd
kbarbary_sep;001dd05810e3fad8273b716cb33ccc0ecee15997
kbarbary_sep;005045664823a06a2b7dd4a01f7afabaee12a73d
kbarbary_sep;015905d593b675f2335bfd38e154382fa62b2e1f
kbarbary_sep;016b25b23f55c8c9c6b2814581b271b9a2239425
kbarbary_sep;01a08262ec46b5da6673fa5789002f4873f9b13b
kbarbary_sep;02028805ac0733633b01f6ab3a9ef7f96046c6b5
kbarbary_sep;02205a12a6212c7cf3b1732733db32e5c4c67cb0
kbarbary_sep;02558500049aea3d6c5fbb416d20fdf19ea32e51
kbarbary_sep;0267511d11c5dd7f37b1797fa509771d3f02813a
kbarbary_sep;03034194d906c399c41542d57904bd3ce7cd53d6
kbarbary_sep;03c9fe411ae543341e97e7846e3b623d9867c203
kbarbary_sep;03f41a6ce8c810e294ad3fe902175ddc7b0d20f8
kbarbary_sep;0442972f6c4528ed84c73009782fe27ab472ae56
kbarbary_sep;04486e7ddedeca176cec82ebcc114587ef1b9c83
kbarbary_sep;051cbf68110be93d5a2f13ff3af31e3e3d4b1cee
kbarbary_sep;0534ae59da39bfe2fee5b821fc2566afad03dbc7
kbarbary_sep;07462a3947abf5963e7f33438fd8854dbd8b0a82
kbarbary_sep;07b24848fafe56b3f04c5e55bb32bf1831ce3dd5
kbarbary_sep;07bb6bcd8961ee2a0f326fe38320ef048833d67a
kbarbary_sep;081f7a0e522a2563e9a41eaf6b6d1c5cdc202cbb
kbarbary_sep;094ce659c89a9c0d4b7eed6119d27d615e554735
kbarbary_sep;09e449ac048ba0055d80ad35f617e2f881e6ffc2
kbarbary_sep;0b1f4e56c9a808bce2d94025d8df12c7ca9cf82c
kbarbary_sep;0c90142b6a22d677747e4e626dc7138157012cb9
kbarbary_sep;0f7521eb7e4005f89772eae05f4054a28889a110
kbarbary_sep;1050bdf49abed74dcab1159c57e19967122a209b
kbarbary_sep;110e49d99091ba6e4373ed74960651d555f11be1
kbarbary_sep;11f810a07dffd29d7c7b5ff03e3f16e832162f9d
kbarbary_sep;120167a3a64c08beff9c2b690b7831a03aa755c9
kbarbary_sep;12438045dd513c838118794ffb8bd95c6c3f1044
kbarbary_sep;133dde49b7b27a4e0128074a7f32b52b458a31ec
kbarbary_sep;1496266ef15babccf8e2d6195f2f6c4f8052c9bb
kbarbary_sep;14edd19341f7a95bddde5c5c6e591d3a77f7419e
kbarbary_sep;14fe68e1d9c654ad98a471a003637621f29c0a3a
kbarbary_sep;1557cf4e81fca34ff9e27d52fcbc60ca43857082
kbarbary_sep;16053fb4cd8d240b6f333db20f3d9b0ab8363470
kbarbary_sep;163cb7f02e172da6c0d1b1f4b0b7a4877b7c9e9c
kbarbary_sep;163e042647bf0509f046b87578a8cf73125c5d7d
kbarbary_sep;1668815f9dfcb6c1c1b3fbe3b2d65cb1e2e97803
kbarbary_sep;17cee98b9aadb66375cdce5323a34941081d182d
kbarbary_sep;1957a93f5371a4aa03f5d23b96cb9b04b5f9d0d1
kbarbary_sep;19f4a066d00d011f0da355ff49b657d3cd6e4787
kbarbary_sep;1a9c51a952d151182bb88628b66f2d98f93de587
kbarbary_sep;1b28d4441c4f68fc89c3c5d2c3fccf50b6835efd
kbarbary_sep;1b49dad1010d679b79ef2b1b019b83d0fc16efe1
kbarbary_sep;1cc94098663184913d7099fff496c971ceb7a4ed
kbarbary_sep;1d55072307a0272173420fd43589a9421ee239f0
kbarbary_sep;1d8aa3bf7935794c7536f4211e1791a29b1cc661
kbarbary_sep;1d8f340f603d640a2adcb7753367549270a0556d
kbarbary_sep;1dfc39feccb8f3c24c15d4662d1c4311dfecf581
kbarbary_sep;1f7c1dd64668d8fadcac47c0565b62246c78df86
kbarbary_sep;1fec77e142149e690ccc4e7a17342ea3284a679b
kbarbary_sep;215f7c243de7d060a3a0809a15f851624158ac15
kbarbary_sep;21c9856bfcd49c65e0b5761791b942927393a30e
kbarbary_sep;21cd66f8094a5b7c47d941a592b0c9e456ca10fd
kbarbary_sep;232e15b8d7dc8de358d86e076ecd1d67f2ca4c1d
kbarbary_sep;235519079a80e21b0bc636dd34a7fa1c474c1728
kbarbary_sep;23af3c57a1642ecb5dd4e2528b552d86e39b72de
kbarbary_sep;23e043c9f718881bafad4394d128564b82b6670b
kbarbary_sep;2401bd3b837434dc202df56f1a5a21a719356eea
kbarbary_sep;242f38d3efa8bc2fbeb0b8c2ae9f881a2c458544
kbarbary_sep;24a40341f496556379fca83370f93c8ce033a85f
kbarbary_sep;2541b1b29360ca8a7d182bdc83f6c173d949e600
kbarbary_sep;25cd7ad5b1858f83f8799bf37327f747655be4b3
kbarbary_sep;261546cb410d5b2c81747212e15ad1c8266c793a
kbarbary_sep;262dc47cf124ca2a1080d849facd7d7388ea9a73
kbarbary_sep;26936fae2fa7816f7de1e0b96f0beb80420a2287
kbarbary_sep;2797c9c7326ab60d8026490c7d2046e9822a160a
kbarbary_sep;280d1fbb30e50bb2eee9b43b7d09944cd72a3459
kbarbary_sep;2890524326f7ac39019556d90b396311be62ef5b
kbarbary_sep;2a5f4187c9dae30fcae0e5efd8767e4d11371666
kbarbary_sep;2b424a201fc32a53a0f68338a4319faea00c6112
kbarbary_sep;2ba0fefaf506b34bf57a986979f951abb166dae3
kbarbary_sep;2ba28b4d6624fde5f17ff2273dd56e1312defca2
kbarbary_sep;2bd877f817376af7f46bb07f6e66c418a7d029c4
kbarbary_sep;2c7ecd2fe8bfe093956d38c88be06c10ee7ffdbe
kbarbary_sep;2d6a2504c086766c3dbf45bfdb57b8152c903985
kbarbary_sep;2e00fa1df0cfa8b15f564494e9b7942658cbf278
kbarbary_sep;2e8b5c0abe78366a10bdc6d171f26738e7c3154d
kbarbary_sep;2ee80c74df9fc16cbf1b8e1d7a1fbd8318267ac1
kbarbary_sep;2ef249fdd9141232be3d4a0c23a19e250a35d6dd
kbarbary_sep;2f1f8e8794540df231b319a9b28caf67ef9c6ff8
kbarbary_sep;2fc157ff9d7100fbccf8dfc6e7ee42f52b7e4f3b
kbarbary_sep;306ea88db864f80c8ce64bb712a379ace61a1a6f
kbarbary_sep;31242df252d1934fd8030af5c0efd0399788f607
kbarbary_sep;318aedc22531cd969e9ce36dede2da11d1d1a781
kbarbary_sep;32022e93064d551a6f1fe2671d24987d9436051e
kbarbary_sep;3302124d21e2caa0927dc52e5702186af248fe27
kbarbary_sep;3372f49dca43037b6bb6ba3c78388cd429f617fa
kbarbary_sep;3464dd64040d4326021be71e53ed008e9a5a84ca
kbarbary_sep;34bcc4495e5b50bca0b703f01bca8cba110ce960
kbarbary_sep;36cc7ed8f4a4e477cd92449fec22bdb6b43f24b4
kbarbary_sep;3798ffc76a8145f606fa94577039a80495782666
kbarbary_sep;391cbc9da582ba0d4ff75027932edf904cbb1b24
kbarbary_sep;39712c351fc1513d93383b5b76dd41085a6de721
kbarbary_sep;3983e9c0f9f65fcde0086c3c2c884e4170a2ccaa
kbarbary_sep;3a01b1d7527d620464d13ba44cdf8c1f217e9fc9
kbarbary_sep;3a5f3d5c39892bf68310a0b0f41c0c380e6183b5
kbarbary_sep;3a8f40164270f7807f9dae6e50a39c02380ad0da
kbarbary_sep;3c1e9db83fcc5c42d2492697f448fec6f1e1d359
kbarbary_sep;3d1bb055e901e7aa282c7503c0b5dddaaf8d8ed0
kbarbary_sep;3d7544367e05fe2568cecb2fdc8b61720e244f67
kbarbary_sep;3de0e2f27eabc29cd7edac9c1d67d157a1dcb922
kbarbary_sep;3e3b2a73dffd149c624a03755f957b322d003c8c
kbarbary_sep;3e55980353edbf7b94d9fc1cec572e7657193d19
kbarbary_sep;3ee62ccfc7bdb6479c87ea3ffb423ff1a34f4700
kbarbary_sep;3eee142d6483f6e00b0be6954df720fdab3ace04
kbarbary_sep;3f11ae4367da3fda1b941cdbba4cd883f056b645
kbarbary_sep;401e342ebb9e6f73225c778afbc66f47b0d4572a
kbarbary_sep;404ecb345e29ec2589fe16129f35bb0b5e812c3f
kbarbary_sep;4265517cc5d177a6e167c4eac68a8ed7630e3417
kbarbary_sep;43115c5878a91d5d105cce020ab68c07ae519df4
kbarbary_sep;448ea36d99a28f88c3559807362effaa1959c9a9
kbarbary_sep;4493d7a910d2238b1293c7fa79e08a84d4fdaa8a
kbarbary_sep;458de7eab464594b9fc12a4afad1c55f80be75a6
kbarbary_sep;45db50e5e40aca62a665d93c5be829fa545acc0d
kbarbary_sep;4783e060eccac1954505cf9e9b6d5abbc04e629e
kbarbary_sep;479951d55e1a0ca45b9caa8982a3b3e3b12a823f
kbarbary_sep;47f5fe3bed71ba3ef28441fd6b7b2caecfed0deb
kbarbary_sep;482ba3f4e058ec5c466f33fb05fcd115acdda12c
kbarbary_sep;486ff9559bf5fa0bf796f305c8f05049b8cdee13
kbarbary_sep;496389bddf779fd3fec2993d33c185b6afb0e5f7
kbarbary_sep;4afb659fb7909b7d880ef0c3a7e8b3389436877e
kbarbary_sep;4b37f6bbf41582b62f07b151a1bda93669a82040
kbarbary_sep;4be75c34082ae741b3613e00246defa31c98d54d
kbarbary_sep;4c3acca6ce357d74b050cb46481af00c0bc96e32
kbarbary_sep;4d09b690550afc15e13d32a3f551fa8c4254e182
kbarbary_sep;4de31960c350c85cf59ef6ef8bd570b73ab061ca
kbarbary_sep;4df25ecad686244f161c977d87beb1d1c7cac8f4
kbarbary_sep;4f2a2d6deec0fab2616b490074e6cae95572d5bb
kbarbary_sep;500dfbd76bad428c78c4be7843b8166b26adb3fd
kbarbary_sep;50f2479bea0e42aa6db601b651e3a916dbfbee13
kbarbary_sep;50f529c1cfd6b6297770fa7973e42a578f131c25
kbarbary_sep;51d089066b0621edd55bd34524c07b59b711739b
kbarbary_sep;51dcbb8e33e84114aed7ad3a6568ad3b98fabc29
kbarbary_sep;522a364d010934e27ec701b725624f21f7c78543
kbarbary_sep;52324b47b42dc2f9a14e01a36cbc15ce3c98f7ff
kbarbary_sep;52b83ae0397a90afa1526e089768c8498e78f41c
kbarbary_sep;53a3305229129e3637dd86ac3bc38b37005b1e62
kbarbary_sep;5409ecbe90bd965d681cd3ec44ffcb46c7ffff57
kbarbary_sep;541855b1d4702dfcef71acffd0ddc00372ffb050
kbarbary_sep;55aeadf67762492e4f99769164a6158b6871c5c2
kbarbary_sep;56c2a571f7c7a70ededfbd6b878824be8258e754
kbarbary_sep;56fa8a1b70ba4a054b21fecb25117e9690fa617c
kbarbary_sep;57ef72b5f2f4f0a05f2ecb3e5585ff23300e9ea2
kbarbary_sep;59c3fbbed72f2af3fd4b8a9b3c7496d0914dbff1
kbarbary_sep;5b5fd036d07b4edd57fd480d283654d575ebfbf5
kbarbary_sep;5b9a7fa220ed5a57284820e2f324a9b56f095b73
kbarbary_sep;5bd678dc4d720d8aa1a14bbe1f48f9bd19299893
kbarbary_sep;5c92cef1e97ba0fa69ff3e174c4e92b599cdb9b4
kbarbary_sep;5ce1ccc8516fa2139da21bbf50d88297fcad56ba
kbarbary_sep;5d66c7373446aad17e6611e8d69c06dd55d2b98c
kbarbary_sep;5dafd022ab16ba87d7d8a9d7ae21641ed53c2a56
kbarbary_sep;5f663eecb35339c96c9074725cc8ae77017ad244
kbarbary_sep;5f7dfe32945243987d8f882319b16ae0b55c7feb
kbarbary_sep;5ffa90dc5c2058f6ea040721c6b4ad15765b5c78
kbarbary_sep;612033788bcce44f110a87e1b54bb70eea9960c2
kbarbary_sep;617724016139d068e80507c497e86e8739627b5c
kbarbary_sep;61f3f97e17db02528f207fe90f67e9bc7f75fcb8
kbarbary_sep;62273edfda789b9fe67df727f1ad622826e49f48
kbarbary_sep;623b9bdafac754f23b6a3238e9ab1eaf7f24668d
kbarbary_sep;63758634696c3dc932ebae1b970150820868e218
kbarbary_sep;639b8028cfe44dfa0dd3f94eb534d17e70a9435f
kbarbary_sep;63c328e2673305403d710baf0f392ec45654fd95
kbarbary_sep;6434dd1bc6ebd39137a5255c631a20571be8ab06
kbarbary_sep;644417429139f6fe4c8b2b3529f5b1efb6ab267f
kbarbary_sep;647abc707d416c396fb87f712a82326905ec05e0
kbarbary_sep;657dc286b16d3e4b27987abd9fae3719ba4816ba
kbarbary_sep;65c1088f4b5202d23b7cd3e162cd892493444353
kbarbary_sep;65fae202e6e39fd4bab007e52e05a089dc4ab409
kbarbary_sep;68520a0022c5e052d91035634970a6aa47a45c48
kbarbary_sep;68dbf125c4633cd8e49241b45dc9ececf787da1e
kbarbary_sep;69060f9fffd045bfe058538ce86d4ade132c87de
kbarbary_sep;690bac795be85ec730f1635ff414e496f33f9fab
kbarbary_sep;698ac93cd27426775cab593a37a122e1c566b52f
kbarbary_sep;6a03a4db5fac7a3db2ab1d25e38d0aef21cc469d
kbarbary_sep;6a075e39442ae71019cfeba5dd4399ee00a8884f
kbarbary_sep;6a19ba203823106477dd0b3ec160ec48ffd632e3
kbarbary_sep;6a6b6156a85189d7e779938ecc768e5c5aff5799
kbarbary_sep;6b3cd663eb124d9f4017bdfd4c9a2bf733557449
kbarbary_sep;6b8623a23880b235c2b31db43413aace77123416
kbarbary_sep;6b9f5f8bfe0ec0f8ec329739264bb7022796066c
kbarbary_sep;6c24809bbe0181c97ef66d8e3f25a888e6ed4643
kbarbary_sep;6c6019b89662feb8b789dbe5e620892b9eca32a9
kbarbary_sep;6cf4541f260d5240aa4249bcf9a4b549679f65c2
kbarbary_sep;6d0ac90f65531d5bef81f7292e3a6afd2f5dd1fa
kbarbary_sep;6d6d214120bd98bffdf32c5387e73249bc2d8731
kbarbary_sep;6e0f35a38906d0d41c8b1b50a6b176329cf115b9
kbarbary_sep;6e2d175c17ef42c2a79218db38bc732b38ca37ab
kbarbary_sep;6e8fbbdbbcaa6fbc91fdf63ccb910c254a995f95
kbarbary_sep;6ff78d7c70da69f1f6b26beb769eca24fded9abf
kbarbary_sep;6ffc5b35335b762c7e15fd50d264a2a0112fa6af
kbarbary_sep;70342a34bff9e02057eb5b1d27679b88ec22337b
kbarbary_sep;708a695091e220866b2160a490082d6ba88d3b68
kbarbary_sep;71328de0b2bf590b2fa0f5a62eb15095b89863a6
kbarbary_sep;715a81611c3c452fa12d91299d0d33f7a23c28f3
kbarbary_sep;72477c2ffe0f5684fa62b9c3ff77a3ed9af6386e
kbarbary_sep;731527c8775f6685ea2cf1773970992e4eb6243e
kbarbary_sep;7337b39008b3f7c9c65cdcf0486bef4720a9cce9
kbarbary_sep;744679dae7723cc2214a3ac12001326366d49079
kbarbary_sep;750a71d70c736b3566a00ae3cd3f73b777bd492c
kbarbary_sep;75d373137cc2370cb85425c518887a3ff729ae58
kbarbary_sep;783a4a007ccea4544fc4edbf84fbcd9b05ebe80e
kbarbary_sep;792161d719563116f29ac416667698c50a68fc12
kbarbary_sep;79cc2a4105eb52ef82be73d4af073f00df60439f
kbarbary_sep;7ab725dd7b564200b9ce1c966f41a66074637860
kbarbary_sep;7af0b9b51bed193dab42fab675dcad96506d08a8
kbarbary_sep;7af7f540e332e3864676b2241f667905d04b1591
kbarbary_sep;7c3cf3008403bc65216f06631f4db076ad4fbfd6
kbarbary_sep;7c7fc203bcb263701fa96ca7a88958055f11db80
kbarbary_sep;7c92e5531171e9a0c0bd3a266d59bf9b654c1c7e
kbarbary_sep;7d24b6628051341d1d7629086d3a13a675ecbb6c
kbarbary_sep;7dae3e0b36032fa0fab52d19785770886008a745
kbarbary_sep;7e1a24725ce90102033a47a310a830564f95da03
kbarbary_sep;7e5c595201b83a168d2a5a7d9deabab3b96bbbec
kbarbary_sep;7f809284bae3c5416bc706894fe530cd2083624f
kbarbary_sep;7fe06a0a5edb1c3136237541732f347e83890091
kbarbary_sep;80b6239a95f0c158ae45ea167604e5bd7d25425f
kbarbary_sep;822f553545641aa2e4c245c92426ffa0b88e6ce2
kbarbary_sep;8235ed46525cf35afb636519d54fdfcecb5c6e1a
kbarbary_sep;827383a374f9dc3f70adf07489d8900fa7b2bc6b
kbarbary_sep;82a939c451515c2a80b54e20df5d36bbc656ec38
kbarbary_sep;8355584f283fc85de0aeb870797161cd1243845d
kbarbary_sep;840b2823aedbf4f3832059d0ae3877723ff74b7d
kbarbary_sep;847b8ef1960eaf2d1c63a1d33d5799464d395922
kbarbary_sep;84f1c140b806fda5f05777be32e1af40ab8af6d3
kbarbary_sep;857c34fd108965f7984a1a7334bdb8af5d2b961f
kbarbary_sep;86dab11a7c4e19c119e0a5dbe9115c99b53c61fb
kbarbary_sep;877b3cc6c2645b71bfedffa57cc4533b791048b5
kbarbary_sep;87ba4be98a97020a00881f4ed0c0fc65dc5377d0
kbarbary_sep;87cd89aa3d2a49922a89a06ba3f903c1a57708de
kbarbary_sep;88f5691f1f346f0297554f9aae6e9d9339eca6fe
kbarbary_sep;8a050e3ab82cd67cf5b3e792ee519d112bcaa03b
kbarbary_sep;8c0478ba3180cbd778220637f9fb7b040415de86
kbarbary_sep;8c087f5b145f301b24386baaaffcab9633988887
kbarbary_sep;8c7c28dabafa513d8d3845737b78091042744052
kbarbary_sep;8c7fda18ce19b53996623e56591448a5f68a62e6
kbarbary_sep;8df9de08a02a0849b014618479ee15298d56dc0e
kbarbary_sep;8e4b0df897676ec0ca33ac14af02a504bd723fd4
kbarbary_sep;8ee7d674b05cc4458cb6d27ff4c149ba8029e288
kbarbary_sep;8f52e1e2eb1c73d0b9ade7a78c43b82d61bf76c0
kbarbary_sep;8fb49accc9073ff598c66cdedb5effeb00d3c695
kbarbary_sep;903baabac4c8e202ec611c570c5d89a23fa3cf30
kbarbary_sep;90a97060f67bba6d3cb1669d7116d07a9ad4fd8c
kbarbary_sep;9213fe5ab5790e57109abf41985e309cdc3b8740
kbarbary_sep;9224fd00abecb8949253b6faf93c4634d264dee0
kbarbary_sep;92748a3c45a6f35035ca6c4efba3bf00355cad1e
kbarbary_sep;9283cc090fed9e49737c25165500555190fb76be
kbarbary_sep;9346f10a5d471f15f4a539049a8412ff669f754d
kbarbary_sep;937c0caa656f10bff3dc5f1bd40a494defd1c450
kbarbary_sep;93880e07417f0d086902d11bb4c5dfbe4161114e
kbarbary_sep;9396a221416bd4376483431a8ade0f1a1504a905
kbarbary_sep;93aeb074530cfab5522d364135adc6d97dfe16e9
kbarbary_sep;93b3ac52e0f6cb26449204dc8bc8c3cf65602f0f
kbarbary_sep;9556673b06a2fc3dffaf1171d660ac7fb579ad3c
kbarbary_sep;95707bd59a84681a917040357667e9d80eb049b3
kbarbary_sep;95bb484354bc069f657135394a8c3c7ac5621725
kbarbary_sep;962124918aef78ffe4ea6c71e24616a6ec780e37
kbarbary_sep;967b95c904149a35efaaa3c5077c1fa69af02cf6
kbarbary_sep;968ec0dc90e5c87698b4a1b9e53a7fabd3245312
kbarbary_sep;96b315e4df1bbed6f133a739d5927c9f308e63ef
kbarbary_sep;9756d816ca8c32a78045d8f2e232639058692823
kbarbary_sep;9843e2dea537633d981f1106f72845989cfdf70f
kbarbary_sep;985fe2deccbdf29ce4022022b3fcfbba4301653a
kbarbary_sep;98cfe168b0d7faf9b03df483830c7c979489bd50
kbarbary_sep;98d2f68566e2a27ac491a2cbee1b444b8ce223c6
kbarbary_sep;99a7561f9ca09612e689c7ff7b40679c324c4257
kbarbary_sep;9a167de57533ad4a824e96085eaabbb63166f38a
kbarbary_sep;9b6e5350f9575a536f595676a4c923f4ecbb7aeb
kbarbary_sep;9bacb83d120e34d2f9bbe66478ca35cc29077217
kbarbary_sep;9c38cfe1ac719770a5c2530933d240675e214a2f
kbarbary_sep;9ccdba7764bd96132fc86f2f3e54542912c1e111
kbarbary_sep;9d64024e1b76b1e79f5b64a5a79cfd9d1c1a6c04
kbarbary_sep;9d78ec20e9b8f310553ee8d2d905938038299862
kbarbary_sep;9e45c830fa0ac77c7148634a54e63a1ec95f98c7
kbarbary_sep;9f9faf969cb773bd2f26e93da5ab8807d30fe225
kbarbary_sep;9fc8c81c54edc782f89ab014695b4f604f06f711
kbarbary_sep;a0532ca1c017d47c4e05edf1883d2fd9cb42d58a
kbarbary_sep;a1499a93343d9e7592afde9e78947902ff473416
kbarbary_sep;a14a681cf948094dca29b303b2d7fb0ce8958146
kbarbary_sep;a1d1b29c7ade33145e8748d322226eabd4869bea
kbarbary_sep;a31a555998e9cc05160b35d9f59eaef3772a0e8e
kbarbary_sep;a343b5bdc46bd7d0ebe76727447941f88bbe55ba
kbarbary_sep;a368d62baa26a0f1bc23e80f9a2fe14903d06dee
kbarbary_sep;a3917728b60ad3b4194af52bfb241d4c27029b14
kbarbary_sep;a4ad29ede31c5e61464cf3c029395a2755d27950
kbarbary_sep;a5e4e22bfbb0735626290a9e7c15ddb1307b148d
kbarbary_sep;a6dd08e1b1a2e0a1ebd20836a194664f719e2fad
kbarbary_sep;a78e423fc1daeb2075accbdb231a4424bb987dd1
kbarbary_sep;a80e2b93ed9c670e2c6a453034bcf31f440b7df4
kbarbary_sep;a8c66158cc598d5c432c4d1891a0dcc97272afeb
kbarbary_sep;a8d94cd4084d8ccf564687605929b63c14dc1a94
kbarbary_sep;a9f1875b8d004198bd90bfad05d783e137c68f9a
kbarbary_sep;aa0a8a5b825858e85df27f63d4f4fe63b0851e52
kbarbary_sep;aa2b3297199c263ab738fb94277966be662dada4
kbarbary_sep;aa40e6d20e1ab9f8040cd58e18629511dffeedb3
kbarbary_sep;aa903893cfebb7a1146014f9a479134393286874
kbarbary_sep;ab0282320281668756b79de7c5c91f74aeac5ede
kbarbary_sep;ab2251bbaf82e2476ca508f3b59ed60257ff6cac
kbarbary_sep;abeff945ab6c8d48feba81edf48f6355a960ee66
kbarbary_sep;ac604cbbaaca85c684ee1aa08537c04c50f9310b
kbarbary_sep;ac8e734a97be0929f842892058ae23b72471fa7f
kbarbary_sep;acbf1e895919d0758d8449f704ed24622ebf5f15
kbarbary_sep;ad3c20bbf65d64e2fc0db239e414119afa0eed50
kbarbary_sep;ad813ade7159a8b332a68096eb7d21afd1a068f1
kbarbary_sep;ade19b129d4380fa177b3a80d6c61771e6c18928
kbarbary_sep;adfa638369a728ba4d20d65941946237dc7df6bb
kbarbary_sep;ae56f383f7d431421de0c1dc96e6e3c06178c35f
kbarbary_sep;b0078867a56ca91e7209989870f41b2ac411934f
kbarbary_sep;b1349d685481984d394759cce8121dcad7fc899c
kbarbary_sep;b136b027bfc3f58eac59ebef7db2cdab29a80fa4
kbarbary_sep;b1713970e5e7fd15202c47d38ff1396d3ee6e564
kbarbary_sep;b2424aa4e3c12db1cb933fe9e6aee91cc263eced
kbarbary_sep;b2612cafa0ca5e919cc52dc4f828bcbffce2fb3f
kbarbary_sep;b34e550ebc75dde760b49a93abb0b3a01edbd527
kbarbary_sep;b4d7349261ee05c34370de55baf7991cc31b3886
kbarbary_sep;b52bb363c8078dd9476f3d4ce627eeed07bdb84a
kbarbary_sep;b58a565ebaa139d0760bca6d7bd7ed810d3fb4a2
kbarbary_sep;b710e8b17abf57301230d9839f02360f3e7e4497
kbarbary_sep;b792527a1d926fc1350718adfd4778dd2c966fa0
kbarbary_sep;b7e154f22f620b39797fe2669fa5153e93d4d61f
kbarbary_sep;b8238bb181395a5941f0b64ca48e7346aa0d1dba
kbarbary_sep;b8337822cc8483e4037aea385037b59a50f362ad
kbarbary_sep;b8c8e588f60b6f6c009eb84c1c223ccdbd434934
kbarbary_sep;b8f1ecaff900c37f008952c0a099a2b3d21d178b
kbarbary_sep;b962af4f71e9a2de58aec923a251693ef11fed8d
kbarbary_sep;ba07241fc6f4039bc9c30619a4375c9d9b6aa51c
kbarbary_sep;ba1e3fc6d8be4da85370f25ddeeea03003f907f0
kbarbary_sep;bb3368efbf5806eda2e8a4c3df9ab857745493e8
kbarbary_sep;bb69474c582cd20d94d873fa196f11c4c526dbc9
kbarbary_sep;bb7cf7848cbbdbf622ddacd611e6517474fdc94f
kbarbary_sep;bc50d600b78cd9c3e47c95153102b684b9b2ccd1
kbarbary_sep;bc6fd56c90aa258f5f819c43cc9ec3dcb412a3e1
kbarbary_sep;bc7180ed62916debc972573bb3c4dfc29e5362e9
kbarbary_sep;bccc5c83a507579cdf1e252f99980ce1965ea305
kbarbary_sep;bcf4f124ba4f5c757c72213754fda5362f8a5527
kbarbary_sep;bd2070444ce05ce2a82349621d4b1302f6deeae4
kbarbary_sep;bdb707c456a56fc5650ddcafefdc73bde8227843
kbarbary_sep;bf259ef9b72766ca7630faa2877e9c37b2524a0e
kbarbary_sep;bfee6dbf896af055cde769b388184fcb72068f65
kbarbary_sep;c0523d3c9d8334164527de99e4a3b5c27c002a84
kbarbary_sep;c088532027c54ed60f58f57fc427a388203391e4
kbarbary_sep;c12a927c8cb73821b6a85906ca908982e690a093
kbarbary_sep;c153a66353e647e38d407950dd0d74a639d29a5d
kbarbary_sep;c2037820ec25072fec86268c8ab8a14cf670c017
kbarbary_sep;c25ed1462d524b9746cd6b7f221d08861713562e
kbarbary_sep;c336409a125cf6b5a701c3a0e29514f0d7221490
kbarbary_sep;c3a7a64c4967cc4224f246c13b1d5f18f5c927d5
kbarbary_sep;c3bf13a4d3e77fd7d18fcda702bf1da19ac30dbd
kbarbary_sep;c427c9d57675297c4488d7dea43b8df7a2360bcd
kbarbary_sep;c486d97888cafe610ae3240b6352d2df0aa3bf15
kbarbary_sep;c48b0d3970e6860d78a3d03089ab3e25c4ad2f71
kbarbary_sep;c50bd1563d0f680b846d4c5f5fbd3ebcf0f58df4
kbarbary_sep;c517a985f3dd6cd97e4e29e5b6ae1c9bd44289ea
kbarbary_sep;c51e6f0c7b43762a3a4d18d5a2ab3188102a9dd9
kbarbary_sep;c570a7bd2ac75f0afe697e9a512f636d2c833705
kbarbary_sep;c5e3dedbd0797a2b392f899f71eed69790e711df
kbarbary_sep;c613918f49dfe8e81d4c1a4555d816263c273dc5
kbarbary_sep;c62175411f65764331da7dd00b8e6f538c5524a9
kbarbary_sep;c65975e2161722204076c9576901647e07583137
kbarbary_sep;c694bae8feb6c4387a4d792be8c2b77ac36b6575
kbarbary_sep;c76fdefea707b019291a3e28bb338d3f171536a2
kbarbary_sep;c889bdbb183402416c3894ac0c82d9a810b281c4
kbarbary_sep;c9b8c2d49a1970fed3163b54b13d0c47d4f7c84b
kbarbary_sep;c9baf1301a6f7041655b491e7d77f65a5b1acf5c
kbarbary_sep;c9c81236338cdc15878a354a07e7af7dfa893a1d
kbarbary_sep;cb8cb8065e0b5551d7e4848c9cddd4ef1bda9259
kbarbary_sep;cc50e1759c2206bb1b55a6a40683764103b06cdf
kbarbary_sep;cd31ea1175c213642c2a6f52abd8d9cf07688121
kbarbary_sep;cda30111ff20ea82220e799c741bc2fab0b89441
kbarbary_sep;cdc7a8a1c3ee398ac1971345ca6539379e7f0400
kbarbary_sep;ce4c1339dd6f64685a66c95132fa3d524d3c4b5a
kbarbary_sep;cf1820504c87b7fb4ba1487f220118612e859773
kbarbary_sep;cf2299cacbf59d8f2818f8b75e76c5975b37aca8
kbarbary_sep;d016588b2f29cce96612d17fa96c158dfc8e99eb
kbarbary_sep;d0c5782f8ed906c2522b4c957ae56a76fe987030
kbarbary_sep;d16e9e7e5bf694327a95086d4b4daffc0bf22463
kbarbary_sep;d22bef88ded3c5b25f06584aa8a2bc931cad1826
kbarbary_sep;d2acda01ee7750e5e57151cc0258cc913f232da5
kbarbary_sep;d3d225ddf5b0cc53a398decc1ed0f4448961073b
kbarbary_sep;d4d75cb1792879172c3bd066a2ddf09a05fa6778
kbarbary_sep;d5e33339a2d55d0d4be976000b948c9db2a7cac5
kbarbary_sep;d6150a61a6c734d720f459a48dd2b8f15d92318f
kbarbary_sep;d7736e70043d45e101c73cdad89cf2ce52076c5c
kbarbary_sep;d8eba88d38bfa25c6736e7a329159bb4f4645a58
kbarbary_sep;db39dfb80333052c57856d72cc8e693f520fd196
kbarbary_sep;dceb9780a199fe407806b66896a2de42c4cdb859
kbarbary_sep;dd179483c590cd187c4142df1b477b41eb97a189
kbarbary_sep;dd4710ceb824e8bfb51d98c7bf5a7524c300a76c
kbarbary_sep;ddfcbcb5fbfc6abf5d37b385b773d8a6b67c578e
kbarbary_sep;de1f5b1603f7c9b8d9090122cea5316f00541af1
kbarbary_sep;de486f355ed0b715698e6ef0d99256bd79a74c4b
kbarbary_sep;de6e0324e9a03e5bb44e4dd05af772b3197c5968
kbarbary_sep;dec291293308bb42b187ff010c31098be7543a75
kbarbary_sep;dec581b1741113d2053b88df3394878897473e19
kbarbary_sep;df19f3783194c861ffcfb5d356aa710ed6ad6316
kbarbary_sep;dfa868b3bcbfedecf961e45b5ecf3efa98ae6717
kbarbary_sep;e0fd1bdf7f5829c4f485156873c8f9f0f3f8e4d1
kbarbary_sep;e15d449dc42e62e5c38bef110adc9a464e8cd633
kbarbary_sep;e28ad2b71f19107d7bb2135f495546a024f68333
kbarbary_sep;e2e986832307477199ca752fc3905fd8dce8f178
kbarbary_sep;e328a2e4db3f45f87f984c004a7b9a13d38a8bad
kbarbary_sep;e339d2a164a4c5e4c6823990f5f612f211e68474
kbarbary_sep;e3a884ed3cee6ae396d2a9c49d8c3c0f8b14fed6
kbarbary_sep;e45b443af32712255ec609045b46afb7fce040d9
kbarbary_sep;e5b3d013ea1832fa6dbbd79a08b1320b24893d49
kbarbary_sep;e64968be33f2aa3b99e4308f901fbca6e8cb70cf
kbarbary_sep;e694c3514d7df589d3a4e164fc8a2446e5759d8f
kbarbary_sep;e6b4659887c3ddb6df80869f9847c11e1d11bc56
kbarbary_sep;e75eab2643ed468cbea260f2b0fb8c01245b2c36
kbarbary_sep;e7ab7641b82e8a380cfd428e9b5df9b282b38b57
kbarbary_sep;e9545105ec4ebae52b73faff76815800ad4c1453
kbarbary_sep;ea232b4ef019f827f3f3de3e68cba6be7ee3619e
kbarbary_sep;eb5117ca95978eda484e64d4519b1c045e0728b3
kbarbary_sep;ebc64a3decc27477434c266902bc867a04bb75f7
kbarbary_sep;ed776d80abd786a0ad75be7f7417e33c02535cec
kbarbary_sep;edb7c8c2bec6a9cc54c610c2efafd7ce8c940207
kbarbary_sep;ee7198d94386fd700a31ae38d93863b7537b98c4
kbarbary_sep;ef29e7ba669c5fbf9784d7310c0353a01424a97b
kbarbary_sep;ef42d31daa05cd81fc120ab24a0365cc852a9e50
kbarbary_sep;f00fd87b678aae92adf612575357975c00205ce5
kbarbary_sep;f0d34cfd3086ac05f368799fa021ad641cc3bb6a
kbarbary_sep;f122b2b811de8d6edcea4ee0ea521f3fb4c2b470
kbarbary_sep;f1259f96e74e812c2541c9b5bf044aa09bdab944
kbarbary_sep;f155e83bee4227b3acb9ac5cd8cc1ee4d64f353f
kbarbary_sep;f19ca5b93e7ffb4b283810ca95ef0a2098a68dd4
kbarbary_sep;f22227e4203ca5d41efee27af7d9ff73ad017ab4
kbarbary_sep;f25b42d7f10323b1d598e6aa65037a7c8dbd14bb
kbarbary_sep;f26d3ca02f8fe7a98970fbafc1139cd781a46118
kbarbary_sep;f30edd5818c067cb13878521b79ca0ab0928abb0
kbarbary_sep;f3535f12e39815d8aaab86b82948be385f9ed0f7
kbarbary_sep;f3c8d8d98c3cc71a7ee245c82f24e9dcd840578f
kbarbary_sep;f40efc5685820603dfc4370cf6963384fad1a435
kbarbary_sep;f43695a02633f5afb2ce4de460579a57f16d4ea0
kbarbary_sep;f4f2800477041a3ede646294aa8ec56e5d4a9597
kbarbary_sep;f53aaa11ab49cc32a4c869f6ee58815e2ffefba7
kbarbary_sep;f55523c200336315c89f0a8bb1472eeb41e4c76c
kbarbary_sep;f579174bddf55ab047597578d1b53476162a79c5
kbarbary_sep;f5f7b22e326cdce0055554511760093fa30e1686
kbarbary_sep;f688eb343db88c89c120fdd1b606d7900fcb1606
kbarbary_sep;f6d686b78fc8684dc70defdbf4bcd9b54f1c56c3
kbarbary_sep;f77b343bda82f18af3e081c3a3e5c37e0d062cba
kbarbary_sep;f8a30a0bc0b6470cbe567e480d76c03467683388
kbarbary_sep;f908fc9139682532ff9696860388b2d9820dd48c
kbarbary_sep;f9b8a5108efc303b9cf323e51ddff41c53e69a48
kbarbary_sep;f9c8549b4e2651e6eeada1f4b924a3d92e2da170
kbarbary_sep;fccac5a5ed97a54c924d158cb0c68f90d14971f9
kbarbary_sep;fe543a2ac528d310c2db436a2bf9327e6abfb705
kbarbary_sep;fe73fd5dd1734b60cefc68248ca9973931f2490b
kbarbary_sep;ff6e79cc532a932bf3d49b71bffa028d3cfff1ad
kbarbary_sep;ff7a0db59efaf6a4733523090bca86d1bac3fe61
kbarbary_sep;ffd3abc87353906c1ba29d14b0335f92a762264d
cannylab_tsne-cuda;006dce40891dbd3018f31f77ffd9931b532c86fa
cannylab_tsne-cuda;01475dd8772f27231c94c292362c893d17418ee2
cannylab_tsne-cuda;0224f6049ede6791acddc5d8697b388372bf21d7
cannylab_tsne-cuda;022be69766fc5441256240195403fce26200bd61
cannylab_tsne-cuda;0273e57485c2ac97677ffa68ccc3a22b9c53caf3
cannylab_tsne-cuda;02f8728b211c0570798cabbcf06690e40b0dd22b
cannylab_tsne-cuda;0378abe6e1f7c2326c517bf83e714e0c542ae6ac
cannylab_tsne-cuda;05c1f1916ee48d45aa875df8b6233ed954f15430
cannylab_tsne-cuda;062467eb3c7872224cc1cb5e8ffb8742bbed1bd5
cannylab_tsne-cuda;080bd3fcbe9239079c9829f26d0800d249e2ec9f
cannylab_tsne-cuda;086589432652cc492a8d4b51e761c06a4a975a71
cannylab_tsne-cuda;0867892b0d03c361945415412f4f90aa567c0c1c
cannylab_tsne-cuda;08f68d9fd45400e9a5e19f0bfff0657035026189
cannylab_tsne-cuda;09141dde0a78406795dd05fe536019d045cd0097
cannylab_tsne-cuda;092fe6b771c45ce90aab740ee7e6065374755678
cannylab_tsne-cuda;0970ad259a362737ffdb1a340e7907a97a0eba5e
cannylab_tsne-cuda;0add35690fbcc8043a972a392a13738621645b48
cannylab_tsne-cuda;0b2644187bf4872e342b9a5ebbea314bcd1dde71
cannylab_tsne-cuda;0b2b3e77ae239c4d4699e1ed2344f3cdceab7c06
cannylab_tsne-cuda;0c61e126765e90d9d5963cdce3c6161cad716537
cannylab_tsne-cuda;0ce50975d0468a2062f5a31c1b5ee4354c638501
cannylab_tsne-cuda;0e21f1d8c86ee4d5d19cc5994215393e6f174eea
cannylab_tsne-cuda;0ef3be3519c9fb290b7c1cd925948620fb39f3e4
cannylab_tsne-cuda;0efdecfc5e133e0e655c5beb4518ba7aa8e43f60
cannylab_tsne-cuda;10a82d228ea560bdd2a6c4d8a755f03612a5ea45
cannylab_tsne-cuda;10bb4d61a012e4d5e086b887bf41cbbe9e2cabe4
cannylab_tsne-cuda;1121af1370cf1a729a7cc8bf0ee29486687bf2e3
cannylab_tsne-cuda;11a4af1a680b7ae6c5b85f176f67af98a8fcc982
cannylab_tsne-cuda;11e7b203232eb6ce51106938dfbe6f8c73606155
cannylab_tsne-cuda;121792db4ae61b22c6821138ce5664cbdb99eff3
cannylab_tsne-cuda;1249948704b0ae1847ebe614801f8a326050b0f4
cannylab_tsne-cuda;1249ee9b6e94926b119ebe75d1585379d657a712
cannylab_tsne-cuda;1376bbcdc95cccf66d9c6f3d760b311c32910f2b
cannylab_tsne-cuda;13795c142d8c82aa42ece5061a587f5d709ac5c6
cannylab_tsne-cuda;13a9199067f44263e550c3ef062310cfc651f8df
cannylab_tsne-cuda;14066674b260e0b8dc4abcd93974040eed50f6be
cannylab_tsne-cuda;1499bf7f50370dcf10c48c7326314e6c430bc75a
cannylab_tsne-cuda;14ad2876dd3bc19cead515f1e129bb273d6331e1
cannylab_tsne-cuda;151a011bf9aeed5d3ec426003428c50965e5b9e8
cannylab_tsne-cuda;1572f5bdcdadd3f244e68e3352b87418df757dd6
cannylab_tsne-cuda;15760518c401d32c11ee41547db0b12aa75f5d94
cannylab_tsne-cuda;15792de795a8fc17deaa9bf2fb23a9e5d22dd49c
cannylab_tsne-cuda;16d22217c3fc2b4e09e5d0483c2a9ec136a5dc11
cannylab_tsne-cuda;177fb7dec944c8437c6bdd27bf16da7f0ee07dcd
cannylab_tsne-cuda;18442dd1f9e05fb5300f6811b65f329e8f996e39
cannylab_tsne-cuda;184c0a15ff62964be005887162d30dad60e62bb5
cannylab_tsne-cuda;1870687a48565f894d26986111a9a6dca1519eac
cannylab_tsne-cuda;195d87f513d52a05f3fa8cfb79c5090c2ba6aa63
cannylab_tsne-cuda;19d8fe26fca66f5a0fb98fac7459b9603543d76b
cannylab_tsne-cuda;1a1b7c4b06a4584fdd8436b90b2653579ce8b14a
cannylab_tsne-cuda;1a96011050cb65066594111db86f74dff65fd616
cannylab_tsne-cuda;1a9706372678becfe2b184782f8a5b4a05240428
cannylab_tsne-cuda;1b6dcbb8bff9aedf3a5df95af59afff1625d8afb
cannylab_tsne-cuda;1c0d8fbf2e17b207880a8a2963e0c2efb98ec5b3
cannylab_tsne-cuda;1cd41cb87aaaa4b00127ae49afd7418d4d613720
cannylab_tsne-cuda;1d747e20de06c4641095b7436f5455e5038b7a7d
cannylab_tsne-cuda;1d895cbae7d1c24d60868cef6b8234834c543190
cannylab_tsne-cuda;1e2bc043080f48677c26836a12f6a8842485b29d
cannylab_tsne-cuda;1e4e229bb82dd64c272b1eceff2d765b2ed469a9
cannylab_tsne-cuda;1eb665e3d9e879a5c079522fb7504b6ce70ce3fe
cannylab_tsne-cuda;1ff40dd8d68ada757ca7075491dfa87bd3181115
cannylab_tsne-cuda;2067f9dc19dfe12ce78ccbc3b58f43cc2afed06d
cannylab_tsne-cuda;20d79ac0c95746b8dda4f8d8f1b918bc306e2500
cannylab_tsne-cuda;2113fe1100e591d9a90349ead1478380ba327ce6
cannylab_tsne-cuda;2119064f52f9c999799e3e8db22af117bc1c635a
cannylab_tsne-cuda;21db7ba6a1d1413d3ae27e3ac5994e222b1da0cc
cannylab_tsne-cuda;22107cdce91a3f1d94933432b6528038ca9556b9
cannylab_tsne-cuda;222b002c6d26df5e98f0b83031ca7d9c92eddfb6
cannylab_tsne-cuda;2236bc3be0d0cc09ba94db58e6b54c52896d2957
cannylab_tsne-cuda;22a5e10b7cf19a2fbf0e4f2e47242cb2aef480aa
cannylab_tsne-cuda;22b6fbe38154befdc2da399fb5d09de7962fb34d
cannylab_tsne-cuda;2335bcee3512dd7778249a2eef94cd733356afcd
cannylab_tsne-cuda;234e6afe583ffaa34c0f54357433ce5e27e77461
cannylab_tsne-cuda;23e9f40fbd9b125b6741a16bbb9eada6364384ed
cannylab_tsne-cuda;2487070473aac108f9fa23e81610523318534ce4
cannylab_tsne-cuda;255cafc245dbb0098ca71a17b7307be89f280c91
cannylab_tsne-cuda;2596dfab1ebc48c977bb39611b9a15650a5854af
cannylab_tsne-cuda;25bc4022f3016e16322bc6bc762129a2088dd379
cannylab_tsne-cuda;25fae378a988380628eade1d0efb7bb9dd9a2f44
cannylab_tsne-cuda;26a497ec25035c8cf94065721d5ddacd7336c3eb
cannylab_tsne-cuda;26e54c40cff21707adda90fc93567271d089cb9c
cannylab_tsne-cuda;27bdf8f84d8f9c4ca6c1591dea4619b7fdd3b750
cannylab_tsne-cuda;281c8e7fd5eb75c13bddc7d68a5e7dec87fc3c9c
cannylab_tsne-cuda;28623eaf2e153a3c6fdd7f9451ff80b00980b039
cannylab_tsne-cuda;29c4e6887ecbb92ffe35f830c55074a59551025d
cannylab_tsne-cuda;2a1c4952b67b173ad1fc764d3e897cca841bc32a
cannylab_tsne-cuda;2a2f491feba5b4067f83eb44f5fcf5973a374341
cannylab_tsne-cuda;2a32b10fa676915de84f3addf17a1e3ed514a086
cannylab_tsne-cuda;2a5419da1772cb11defbe0535439a361d6a5b154
cannylab_tsne-cuda;2a6402efac866d950d8fab146c6b32bbbc6e40d8
cannylab_tsne-cuda;2ab73e07f411945e08a379734bf4cd68c7ae4c29
cannylab_tsne-cuda;2ad7d3016bbd093e56a63216ea8df106110adda5
cannylab_tsne-cuda;2c649fc9ba1f99653662c61f8d28ce1e0f480afc
cannylab_tsne-cuda;2c727eea14cb4ab5b965d08d2433de688c903e04
cannylab_tsne-cuda;2cbcf26aca860a15498058233b714644ea43afc5
cannylab_tsne-cuda;2cd89663670ce9995122f6b42525ae3fb5440dbc
cannylab_tsne-cuda;2dad49713ba451c0953b646a85ac2567b5d1070e
cannylab_tsne-cuda;2ecccbad04fca3a52a6de862666230b4c8bc3f05
cannylab_tsne-cuda;2f21809ef75e4592e76b6bc80a2a48b68b05adf1
cannylab_tsne-cuda;2f38939aee9d3f6d16d66071c0d03e82b3315994
cannylab_tsne-cuda;2f441fd10aad2987114312122965ee0eff6f676d
cannylab_tsne-cuda;2f8584631c311735f083a7b7d5fc87c41dddc86b
cannylab_tsne-cuda;2f9d4f69e73c240a20e7077c4d9a682ff987076f
cannylab_tsne-cuda;2facc60a8b717aa5d5f51cc72c923538fcc1cf98
cannylab_tsne-cuda;30617426172f9603423d4d43f7b03988962049e9
cannylab_tsne-cuda;307b7d97f29a7ec53e075eb472a3f693abaafbc5
cannylab_tsne-cuda;3189ac01bbe58f08ffd56e709b39ab435cfce624
cannylab_tsne-cuda;3195b0443bdf22a869edac4872563ceae44d3dd5
cannylab_tsne-cuda;31b1710b19503a92b618f28ce07223469fd5b15f
cannylab_tsne-cuda;31b90aa85e0bd775aef39be2c81a9fcb1f3cb768
cannylab_tsne-cuda;31c03a1bf7d2c7c8db15535be9361eccc18a1554
cannylab_tsne-cuda;329da09d8de3ce1de65ef89924be6a27fae36f09
cannylab_tsne-cuda;32d4892ada45d21af464b1e6c8d40b734dc9272e
cannylab_tsne-cuda;33c8e494cbc07f204183af694e48e280695d060e
cannylab_tsne-cuda;33e886d573edfcb570476fbee6172a527f896cba
cannylab_tsne-cuda;347d86518a20c988b21127b38f11d675448de0af
cannylab_tsne-cuda;3496f5184aca00007c1e79f7c9f8b26d10be71c6
cannylab_tsne-cuda;34e73232b404fa8c6bc730cbe1075e1f6374ae5a
cannylab_tsne-cuda;36bd8776d5a9f23ee152fb44e5e826d7b711f6c3
cannylab_tsne-cuda;36d9c25bfec8cdf2bed57e3e4e08375eb6b97f6e
cannylab_tsne-cuda;371091ff4a2970e557a606d9f62f8970cbbed5d2
cannylab_tsne-cuda;37e75cfda7540251f982ae16d893533a36069f77
cannylab_tsne-cuda;394d43cbc055c3eacf492af420324d7a75ba2b71
cannylab_tsne-cuda;39be7261c9f6c32d643376698d3123efeee082e8
cannylab_tsne-cuda;3ab85ea67b383a2410109cfe6697e6e74ba68ea9
cannylab_tsne-cuda;3ac112938361b47e4218ef879d4659dc57e75b4b
cannylab_tsne-cuda;3bf0e14afb7f7091477eb12a0e15f86e0210c524
cannylab_tsne-cuda;3ca2d1b32e9801ccb1d46b3c58a70729a47921f3
cannylab_tsne-cuda;3d5f80650f99cad2f196b36848b95cabcdc4d851
cannylab_tsne-cuda;3f5b82bfb49746c513ff0c6d080fb76b4a839aff
cannylab_tsne-cuda;3fee910169671911781c68e9fc853a310a7d4b34
cannylab_tsne-cuda;407eedbe8b00667f6b45b89c495e589ee63b6c6a
cannylab_tsne-cuda;4084a612adc321c28e2ed2a3b21872e5d184a74e
cannylab_tsne-cuda;40c69f537c0e889f3c4b8a149716cefde0a02d56
cannylab_tsne-cuda;4158554afa6de12716f5ad1a59fe4dd64011164a
cannylab_tsne-cuda;421b464c168a311bc52a962acc883bc7ca34e647
cannylab_tsne-cuda;429ae3b35dad9586824b92f91ef67343e8d019ba
cannylab_tsne-cuda;431b6ebbba00e2ba53c1ef8fcb9b7b13c25b22d6
cannylab_tsne-cuda;43c3e37f6e77758249c7e2945f140966ba30e2ce
cannylab_tsne-cuda;43c9a9398882759c4e73108c25c3df94eb4bcd81
cannylab_tsne-cuda;440e66a4612200754714aaaca1de5ed7de03c93c
cannylab_tsne-cuda;44249b6895a2eb389b8a13390ed6fb125d2040c8
cannylab_tsne-cuda;443a0459fc18ea66d8b72b3c45985e488c1677db
cannylab_tsne-cuda;46775fe309eabd9a009abfce3ae4355b6e5de48c
cannylab_tsne-cuda;468ed3dd2888e061d28a05f05cb9fa86c53c6b79
cannylab_tsne-cuda;4749e7b3fb2c82688c2d1b96a73f891af61c8098
cannylab_tsne-cuda;4914947f049f6072d86d581672872900680c2048
cannylab_tsne-cuda;497b63587053844b65189fee9bf5548ad6258c1d
cannylab_tsne-cuda;499c57601bd793c12c0bc66945423680e7b50722
cannylab_tsne-cuda;49b213747071464c7f31b2a509cc7d49eb84c6e2
cannylab_tsne-cuda;4a31bb8edf8842547ec402282e04e01b6d5fcef5
cannylab_tsne-cuda;4b6955e081d54c72cd004c99623ef97f7910b2b7
cannylab_tsne-cuda;4dc4b739a7756fe3a1ad87afa45bdd8c16b79ca3
cannylab_tsne-cuda;4eacd43ecd489ec50d5012fafef0c8e230f6ec91
cannylab_tsne-cuda;4f086c9606e1deca6eac4282d492a3966d611b63
cannylab_tsne-cuda;4faeb81c4ff10db490e9bfdd57a4cfa296af1c71
cannylab_tsne-cuda;5041a73b4c362e901af289f6728bf8f14f229cf9
cannylab_tsne-cuda;505fd39aec223e921aaecfe6745f2dbfd27ebe00
cannylab_tsne-cuda;50900b5e6bcf566937ba679127bfbb6d79365086
cannylab_tsne-cuda;50c3d507b7906f3a565fe32a0eb9bb095a68b21f
cannylab_tsne-cuda;51217eb5a36234cc40d35cf9547ac26f0b3a10a9
cannylab_tsne-cuda;512ec6176a9f3f9e389d1408506096df4b62d23f
cannylab_tsne-cuda;51521eaee206bfdecc097e9ceff3ca0055896fb3
cannylab_tsne-cuda;535810c42174db71b7e5ab0301e32a4e9ed74fd5
cannylab_tsne-cuda;53fa91ad99e55320a5ae190039663aab34b2aecc
cannylab_tsne-cuda;545e021a8025bd7a3e6ac170ccd22e8ab5078bc0
cannylab_tsne-cuda;548350a84dc3589f7accd157f60110f4c2e8ee42
cannylab_tsne-cuda;554796fa29ead5cbdcbb9d34ac1c3c657321e7ee
cannylab_tsne-cuda;55e67616fc50f9b9c58a5727bd012e2f573579e2
cannylab_tsne-cuda;5613a6290f406dd1a5f9be04cd223ed890c76aa3
cannylab_tsne-cuda;568559b33900982cd18a90195efadea8331fb66a
cannylab_tsne-cuda;575041a4b637b79ff14b5b6b87823095de129f96
cannylab_tsne-cuda;5771aef41e1fb9a729e8a6ebbb62dc71b1338b6a
cannylab_tsne-cuda;5879da3da848caef0f4a0da87986756bf541d049
cannylab_tsne-cuda;58e8ebceeb9e4b0a6fc88ac038dff10b9722b685
cannylab_tsne-cuda;58ea73acb647943c867e503201546737ad065072
cannylab_tsne-cuda;59041b4492676dfedb45be941b79f07484364567
cannylab_tsne-cuda;595eb78f76fcf7726cbc42b35edeb7336f3b63d2
cannylab_tsne-cuda;59668b46ce377bfc391dd89edbb3dfb0d6b87869
cannylab_tsne-cuda;5a22bd1cda1219811b3501530198684cdd49aa58
cannylab_tsne-cuda;5a94612aa708378ff4a48e48d38833a44f491513
cannylab_tsne-cuda;5abdaae475fb09f604087577dab3067fb3e06b8a
cannylab_tsne-cuda;5b3cc7a7716c1299db10f70508ba8e95a56753e3
cannylab_tsne-cuda;5b4a5a6776f452c4cd6c2c8f0bed342d14bf0c52
cannylab_tsne-cuda;5b64695b17552e7626c57c8f726d5621671b49b6
cannylab_tsne-cuda;5bc73530ae36b606a0d2721b4dcd4b2ed4616ebb
cannylab_tsne-cuda;5bdaae23f70ae7773e2e4f717e244bf820b0d053
cannylab_tsne-cuda;5c2e2da42bbfb9e56bb45f2ceee415b8aec45189
cannylab_tsne-cuda;5c30cb1709969ff631181b8fbc7c16231aabe4bb
cannylab_tsne-cuda;5cbd9a6dbee9ecd8f2710bfce822df82d792699b
cannylab_tsne-cuda;5ce223e597aba26b6a9f4e412e91f9bd70b146dd
cannylab_tsne-cuda;5d8e5fa07297a784e7b09fd593ee706b34c833e6
cannylab_tsne-cuda;5e41ffe9471dda06919686edda39af17c4e38e04
cannylab_tsne-cuda;5f2471663f7ae7b0d42bc11b6892341265c24a1b
cannylab_tsne-cuda;5fda11f9a920bb6c1146174790695b21eaf9499c
cannylab_tsne-cuda;603b9fc4cbe8211309b07b20258e3fa4438c2db1
cannylab_tsne-cuda;603c54b4de439a0d0b7cb19ec1c4a6ba6018ade9
cannylab_tsne-cuda;607f3b08c64ac1232ebbacc985008f5cf5cdf67d
cannylab_tsne-cuda;61f992c59e1cf6930072aaf9786c8c4fc6221d98
cannylab_tsne-cuda;6313c808fbb6c66247d50c6a5382bfddfddb9bb6
cannylab_tsne-cuda;631e21bcdeb8126bfe07454899d242198f60c60f
cannylab_tsne-cuda;63d649646a5812d17761ce402e5c1b412c8ef770
cannylab_tsne-cuda;644184e4519bed9caf89a5b58e59915a5262823e
cannylab_tsne-cuda;6614927ed3aa67ed70cedd0924eebd1d6ac5716b
cannylab_tsne-cuda;666a2e5545ba6010c4e89d5e4cf1b1bee35c5dc1
cannylab_tsne-cuda;6687c49218064dfa95c80c5b2a90a8f3a5235436
cannylab_tsne-cuda;66b4bf974b700843e86da562cebf7717d84a31fa
cannylab_tsne-cuda;674b76d2fee16cad998d67e82461d98bd502c6d3
cannylab_tsne-cuda;67d3164b11329790e4f491ce3109dc2cf9866af4
cannylab_tsne-cuda;6825885e3b4079f3ee741b84ed1782945193faff
cannylab_tsne-cuda;684b8e780c90762da989a3312a3daedac5a1d4ae
cannylab_tsne-cuda;6a314c1e98be3e128be180aea032bf4cf42a230d
cannylab_tsne-cuda;6a85dad7aab1c47beb9c0d91b377dddbfce10395
cannylab_tsne-cuda;6bb89c3121b6354895d39187f4a5fb66b43de5bd
cannylab_tsne-cuda;6c3c85836ec59f5aa14a24144903d841de80133a
cannylab_tsne-cuda;6dc611d6e7ac76717979314de8345866acf04ab6
cannylab_tsne-cuda;6e17c216b80187fc4d65a3eb14f310dd9ffe41c5
cannylab_tsne-cuda;6ee3393f21e5c1de6ef9ea3ddfb22c1092fb3269
cannylab_tsne-cuda;6f5c714149897d0f8e562267d4164319cce1fec9
cannylab_tsne-cuda;6fe82dac7bdd29b661e70fff314a36771565302f
cannylab_tsne-cuda;700d9633504fe7a94ff074c392d2071d625a6c6f
cannylab_tsne-cuda;70cc4281f629c362fe746ce6c9fc6bb952a7d9ee
cannylab_tsne-cuda;72de8d7d08c284cbc0fd4b30f29e7749f3962ed9
cannylab_tsne-cuda;7496cc91d653d7f2d26867df2a555d41efe6bd95
cannylab_tsne-cuda;74b54ab9795a0e2aed98d48aa1d3e513e3aa5d9f
cannylab_tsne-cuda;74e6fd9028610f7b9a9292010a02b3c9b12eebf1
cannylab_tsne-cuda;7608f12da43dbad5cbe8505177e5969226777651
cannylab_tsne-cuda;76377266316eb3b4bbde6f469b3dc444c3e0d5eb
cannylab_tsne-cuda;76e17435368e8a66aa0b8cd868a0e0c3ccdcedbf
cannylab_tsne-cuda;770ae329caf3c03b3bdb082b0aa4858b847a3017
cannylab_tsne-cuda;792872e9f21fcb9e42924e6854259b04a5065867
cannylab_tsne-cuda;79731001b334221b22fe159b3410f223abbea00c
cannylab_tsne-cuda;7b44adce3b57522e4315440e31de3618806ce434
cannylab_tsne-cuda;7ba455ab4555652326c6220a79b6a3eb5ec7cca8
cannylab_tsne-cuda;7bdfc7cea839b82185dfa418dd4e3eef6d372457
cannylab_tsne-cuda;7c07c300e381af5907212d002ecd09e6e7101f03
cannylab_tsne-cuda;7cbc93f51100986a8faf826aa96d147876b3fafc
cannylab_tsne-cuda;7ce0d610671cea93ddd2b71b94be34857020e76f
cannylab_tsne-cuda;7d1213927c7ab20ec5ae7e64d2e30589459f933c
cannylab_tsne-cuda;7d8d6b21c68938ee206668b5694e1a68c416d3c2
cannylab_tsne-cuda;7dc88accf51ab52927c5b668b2c41e1d18e59c3d
cannylab_tsne-cuda;7de62b7558cef60eed77a9c16c398a08f95217e0
cannylab_tsne-cuda;7e616a3dd81db4305d250570f9e7c29c32ed6a9e
cannylab_tsne-cuda;7e72c37328529de5c0ae880c02aa7f68f7e6eab6
cannylab_tsne-cuda;7ec888cd75257949b405da6c38a897da65e1a7d3
cannylab_tsne-cuda;7f7e320235be856603526b32533e1199502870de
cannylab_tsne-cuda;808bd8fb4887becc86b4577ddbefd01df21beb81
cannylab_tsne-cuda;8185227f9ca4e910e94cd7782b4b98c829787da3
cannylab_tsne-cuda;81b925fe64aedac5953b8450762e682ee2c60527
cannylab_tsne-cuda;825cad1d6d3f3109703b18b29d96bbcd5e85b30a
cannylab_tsne-cuda;82cb0bd84e88f15eeb878144cdd13383dde9ebb4
cannylab_tsne-cuda;82dffa4a594c2c4154e7508038d016c15ecb90c5
cannylab_tsne-cuda;830a7eb369afb94ff5fe5e1cc280beff736974f8
cannylab_tsne-cuda;8372f2e5078d74c7567ffd6f4e273919ddc18d39
cannylab_tsne-cuda;83eef6a1e1a27c46b0c232fc187ae80dcc0471ff
cannylab_tsne-cuda;840ac80fcccbd893d6596e7b672661363d124c72
cannylab_tsne-cuda;84bb0e2ebd46db27536a089f7be2a60dcae5ff98
cannylab_tsne-cuda;85909c44a9ae8fcfcaa5e38c0752da5433f4ba9b
cannylab_tsne-cuda;86b2695ada0d1202734dd682d07422e9fb266193
cannylab_tsne-cuda;86b3773fbe3a21d30a0027169d6692dc04195148
cannylab_tsne-cuda;86f894c771ca5e616f4a5565e630bb94b59d8981
cannylab_tsne-cuda;86ffcba8686cf9d5ad7b94b2746c3d9fc4f53279
cannylab_tsne-cuda;87499c1c1a0fed176509740b2efa6161696744ed
cannylab_tsne-cuda;8749c2cf85f0e29581f054409eb95a69da22a149
cannylab_tsne-cuda;8775ca7c881ef5ecece0789db1f8b663df50a410
cannylab_tsne-cuda;879aaac38f85eddc8f23e7d079c49fe85784b2c4
cannylab_tsne-cuda;87c0489a8055fc5855b6e272eaff07dec93a500c
cannylab_tsne-cuda;880512b1ef2ce280bbce279f17b5e7eea591ab8e
cannylab_tsne-cuda;8927d3189db9a0ced94f58d559b3eaf29283ff9a
cannylab_tsne-cuda;894f5aaf93266d906e291b1aadf1326d368e5581
cannylab_tsne-cuda;89518c23861cf4782e8a1d4bdeff0af128c43f9d
cannylab_tsne-cuda;89b3ced2c30ba0eb221710cadb1cb14e64955c16
cannylab_tsne-cuda;8a7a19c46d00d9806ba7a02f0db85e0e2a5c793c
cannylab_tsne-cuda;8a7c793efa0eaebe05a3c1e9e4310690d7f84937
cannylab_tsne-cuda;8b14d69f18d419c6bbd86002e04532c8fe6f8959
cannylab_tsne-cuda;8bbd15347b485ef0418333da9405b393e8bb871a
cannylab_tsne-cuda;8c6f7972c3eea40bb82193483bd2217d0dbdd1ae
cannylab_tsne-cuda;8c8c809ede209600e88eecc1277699063b3546de
cannylab_tsne-cuda;8c8e297fd3a4e54db0a878bc99e67d88f565cbf7
cannylab_tsne-cuda;8da7c20f8cc3c7aaf33bbe2be655bba22412d6c1
cannylab_tsne-cuda;8dc2075873ba8baab6ad7be975eec30f10fe165b
cannylab_tsne-cuda;8e3c48ca3f11086283a859681399049aceb11679
cannylab_tsne-cuda;8e51f33be21d024aca458be067dcda2474dd2213
cannylab_tsne-cuda;8e7c7c5dc30e4deeea59775efd2af59388e6e55d
cannylab_tsne-cuda;8f9612ffd02e8650ab3bc4bcf32c2261e66cb28a
cannylab_tsne-cuda;8fce0213daba199e3d07f4fd5388ba45b2d68f54
cannylab_tsne-cuda;9163f8b1d0e4131557f58107d0096f59a493acf3
cannylab_tsne-cuda;91ed4695cd3f869c2773add878c13286bf2adda2
cannylab_tsne-cuda;92bf44eb8109fc8b641b6c8cc2bdce1b7c38374a
cannylab_tsne-cuda;940cd8096353a6412db7a96ca5065aa606efd8ac
cannylab_tsne-cuda;94291ba54a0b78e827d5cecd0ab5f14d1b4be92b
cannylab_tsne-cuda;94364e31cf56000fbcd98a1fa102128413d44c7a
cannylab_tsne-cuda;94cb6ff1f17498b2a23f08bda9da55937e4acc96
cannylab_tsne-cuda;95123959bbb74b6cccceb1df4820de1de6c04d9b
cannylab_tsne-cuda;95f4d3329cbd037e31522e1b9b05a107cb221518
cannylab_tsne-cuda;967fdd816b518cdebb9063c9c236c2212ddc49e2
cannylab_tsne-cuda;96ad793b0c942f0936ad247c391de6b6573ba0ce
cannylab_tsne-cuda;96b85d1a7cf124afc1106c0684c5d2a3a569f8cf
cannylab_tsne-cuda;9714e8953de62051537e6a284d15435ca8f59173
cannylab_tsne-cuda;9717ca481d042d1d1dbf7fc02654f19dfa1b946e
cannylab_tsne-cuda;97668a1e83f49f573b4b6e4757e1e144e50ac3fa
cannylab_tsne-cuda;97af49e7233441b0fefe4cff4a9333e19155df18
cannylab_tsne-cuda;981139719d84dd7f9c52584ef6202f8c4bbde7ac
cannylab_tsne-cuda;991e30fec0576457ac95ee5cd087110d91ed5b53
cannylab_tsne-cuda;99628060bf6614ff10f311fbd0837b293b422ad1
cannylab_tsne-cuda;9a8340f15ab86be3119f25e224892f8839bac23d
cannylab_tsne-cuda;9ad94dbf0b39255869f1dbd7f180ffb2964b9958
cannylab_tsne-cuda;9ae7ee3ee59eac2cdddb3dc2a169ef9902880191
cannylab_tsne-cuda;9b27cefbbc0057a50e8a369d759b39de1256ac1b
cannylab_tsne-cuda;9c74ad3d560a12aa5f3357faa00d50bba7e73f49
cannylab_tsne-cuda;9c7da0619cc1b2e7c663d9e3dd618ed39708f7ac
cannylab_tsne-cuda;9cf8e4c9da0ad48792962e45af3502944f060bd6
cannylab_tsne-cuda;9d420a9155abc7acefbd5516b0f2868088b29b6a
cannylab_tsne-cuda;9d7b2b3c41e2c385613770d76640f2584072c3ac
cannylab_tsne-cuda;9da214f28f038c2ca696f402764dcfddefdfebd5
cannylab_tsne-cuda;9e104bc5723ee8da86e40d02bce95933cda27d06
cannylab_tsne-cuda;9e4e7482dabe1cb9dd49d11581e6172fce0e3049
cannylab_tsne-cuda;9e9aff214d7d13bccf82b2376c9a314da1464afa
cannylab_tsne-cuda;9f4e94e7a26058341faab2095f237d7921520979
cannylab_tsne-cuda;a0e4c9aec2a015d6f6c18be81effe328cd191f5e
cannylab_tsne-cuda;a0eb8d0dea769b36c9a65c0e453150dea4bbdc71
cannylab_tsne-cuda;a136713e3647889d80119878a596f2c86c7cf28d
cannylab_tsne-cuda;a229cb902e2e3873d80182455e5d393290c309f8
cannylab_tsne-cuda;a2f1d1088dcc70641500603e8718116f3ebb897b
cannylab_tsne-cuda;a396119fb27c8ea5fcbaa8dcba3ec42d7bcd7a50
cannylab_tsne-cuda;a4eb81931e23921e96747a088494734dc23df43e
cannylab_tsne-cuda;a53bddb26108ab888f0c64cb8c024ca2c252cb48
cannylab_tsne-cuda;a5b309986faac694603db9ab3194c2dc5237daff
cannylab_tsne-cuda;a61be4238b9ff66b44de195e2301b0647799f5cd
cannylab_tsne-cuda;a6a93a4ac27f06ea33ab38e13cac85287aa01f31
cannylab_tsne-cuda;a6dcc6e6332a6e07ba44daa0dfa6e6626e34ce21
cannylab_tsne-cuda;a7d291429f5eaf7d0bb0f3a5f699ca5a8beb77f8
cannylab_tsne-cuda;a7fb7f2e7a06321186ed3e458587652b5fc77749
cannylab_tsne-cuda;aa461527e87744dad92cbeeae470d0b2f89b073e
cannylab_tsne-cuda;aa50f2ccb25918068b3b278814278dd843ce220f
cannylab_tsne-cuda;aa9347f30c1b16e185e3472d8913926acffdcb28
cannylab_tsne-cuda;aacaf9959b9bb15aa8240b3ba3cc11fe5ff74b00
cannylab_tsne-cuda;aae8ef7d0bf9c135619c87c3c5ece6bce9a1e12a
cannylab_tsne-cuda;ab3dd4e71e3f84793e0374f0205b908f1bbb56e2
cannylab_tsne-cuda;abf023b33f2897d80753f841db1e95f70ced0171
cannylab_tsne-cuda;ac349e1d120ea8d9560429b84dbf52445f401656
cannylab_tsne-cuda;ad646a09e841faf2c9caac1efffcf39de60c0a62
cannylab_tsne-cuda;ae2d65d24cfa4a46db7fba3aec5d99048237864e
cannylab_tsne-cuda;b0295f03c3edffbcece146be8ba03ca87c590a76
cannylab_tsne-cuda;b124e8c3a7003122d1a6d01dd98c844a385fd7c7
cannylab_tsne-cuda;b12ba0bc704a32d7fb1c4fb09ed11dbd8aa42489
cannylab_tsne-cuda;b24b51c0678a78724c3e372a282cd12eb38ddc27
cannylab_tsne-cuda;b24f1dc1d0bf54e125697fb353154d0cb87a18d0
cannylab_tsne-cuda;b2f3f47496e0a7b954c0ebcf89f7dfe6f27cf426
cannylab_tsne-cuda;b33ec775c0b0bc629cc00248f557e968a9e09250
cannylab_tsne-cuda;b3e9f9953d3a745f03d2677c495ba14e91fd84e9
cannylab_tsne-cuda;b51f88aad07e7129e893ac331f6f6df7d30b2b3b
cannylab_tsne-cuda;b6d65dc53881669cc0413b935cf22fc056cd432e
cannylab_tsne-cuda;b740a7d46a07ca9415f072001839fb66a582a3fa
cannylab_tsne-cuda;b7b3faf1f9d80b384979f07adba1d96c3f243393
cannylab_tsne-cuda;b8316fc59773ff753d8fbc19666c458eb65042e6
cannylab_tsne-cuda;b835bc4fd2be69d3d11e1030f785becf9ac9f5c6
cannylab_tsne-cuda;b84ca4ebe3905df64b841f6e29c6524291ff353b
cannylab_tsne-cuda;b854f21bef2b94b36156d995f594da8eaaf14764
cannylab_tsne-cuda;b8c3d42bb51c96a28bc808e1d4c2b4ca712f3c5c
cannylab_tsne-cuda;b92880fe1d62d1ad0be069e984cee016256aabcd
cannylab_tsne-cuda;ba825136b7a962803e2507214d8194bcf9ee1d52
cannylab_tsne-cuda;bb10a85b549a8f983dbff0e55ee762c40fd51a8e
cannylab_tsne-cuda;bb2d31b82392320a08bfa694d99175d7c5588abd
cannylab_tsne-cuda;bb5c6ee3a896c711355d6a1a5d3b326076a26235
cannylab_tsne-cuda;bcc781b40d40ae20b00232b176320cba0cee5bae
cannylab_tsne-cuda;bcf8b7224d2f3d9a02fd5e2bd5c86b8530f76252
cannylab_tsne-cuda;bd1b29e07d82714ad6ac73d59a250fcb7ac4190a
cannylab_tsne-cuda;bd8b1e5018adf3be35ca110bc813fddda5031107
cannylab_tsne-cuda;bdb88508c230ed627241a46c96bda04247621ba9
cannylab_tsne-cuda;bdbb596d46c7f73f9190d531b4ae82f3fb6059c1
cannylab_tsne-cuda;becdc74cd806a08d245f6bbf47aa116e3f46fe5e
cannylab_tsne-cuda;bed07c479c1b4ccb02205b9878e8db90c9b28276
cannylab_tsne-cuda;c03af6114131d9b49e49df6cbadf7a294fff5ed6
cannylab_tsne-cuda;c0f96fe4de33e2837f7c1c2106dbc4adc361c002
cannylab_tsne-cuda;c1bd6147aa5ddec85641a5f9e024f1f6a842ad5b
cannylab_tsne-cuda;c23a5c36cf64a4ad1cc266a4589e9a83d9181be1
cannylab_tsne-cuda;c2c90ffe7d30a69ff60d75b6360539498ad50d7f
cannylab_tsne-cuda;c33c027818d2e4f04f1fec9107f268e13534827d
cannylab_tsne-cuda;c34184e73e590bd9ab9a1c322ee6bb70cbb550a5
cannylab_tsne-cuda;c451c3504f0955c827f69ecfd06090ab1ca40d8e
cannylab_tsne-cuda;c5b8f6e15321e515d66daf6d82d7d0ad47fcdf40
cannylab_tsne-cuda;c5fcf8ebe12e55c169dcd71bfd79c3c137728e2c
cannylab_tsne-cuda;c678a6f8a884d4f60aeab63d762c8d293d260696
cannylab_tsne-cuda;c71be76c69617d634e91395c99ccf88a9b6c6d89
cannylab_tsne-cuda;c758ff9d4ebac68dc9cab946945f6e3bb565e404
cannylab_tsne-cuda;c926339bbe6d99239ffbabdef7e77ed7d443b6cd
cannylab_tsne-cuda;c93adfdc82458016bfab5ceb0f0697f7f2efd2dc
cannylab_tsne-cuda;c961787b34adaf7efebe041dc2a337e97d42d674
cannylab_tsne-cuda;c98a9f7d1f19b2a6dbaebf5e025788d92e929589
cannylab_tsne-cuda;cb843411f41b99805adb364112c2042224d113cb
cannylab_tsne-cuda;cc3165b20c2b78e915299f6dc379f990ea36b8a1
cannylab_tsne-cuda;cc5212fa73e816a340335ad9ce38529963c07ada
cannylab_tsne-cuda;cd176316642a32b3304aed287ace4987b1257e95
cannylab_tsne-cuda;ce6cfac08730693f51c158582fd7bf1dd02ecafb
cannylab_tsne-cuda;cefd7700fa04d6b5b7554575d7f7042b35c1b050
cannylab_tsne-cuda;d05786cc3faa87439a42112b4293886fec2d9a3d
cannylab_tsne-cuda;d09c57a879d4b05aef6087affac4744dc5288d53
cannylab_tsne-cuda;d11dca491d5e2341f0e61686416471e5fef1ffd1
cannylab_tsne-cuda;d1672036070de22117e22df999753c887b64254b
cannylab_tsne-cuda;d26431ba3e82b6804227bfc773d5b5ac1193a9da
cannylab_tsne-cuda;d2ad496e05dbfd364d4e462a3115329a60abf877
cannylab_tsne-cuda;d371202ac8de82346f8dfb199ed6657955b43e83
cannylab_tsne-cuda;d3a9666a15d91a53fd75d9fd10bbdcbfad1ba543
cannylab_tsne-cuda;d4e7e34a316a7bcabf27352b2130f1d288efe425
cannylab_tsne-cuda;d541dc9b001ce0a75e2b3149224266f6cb426ed7
cannylab_tsne-cuda;d553b3bd0369361a8cbcc9cc3178b666fd24ea04
cannylab_tsne-cuda;d55dc8615823d580212e242bc5b1aef3b8e4158e
cannylab_tsne-cuda;d5c49195240830cfd741ee0936e293d839a53998
cannylab_tsne-cuda;d6c3fd2a894157f857448e6427407a74cc4b7a8f
cannylab_tsne-cuda;d72c33d2c312a1ab27037b52dc35e43ddd2bbc75
cannylab_tsne-cuda;d7a128022964477186f4ee3b6af1d3bbec9083c2
cannylab_tsne-cuda;d7d742cf8a99c4e7f20e3851f7161268dc55561a
cannylab_tsne-cuda;d860972c29c70d8e15f9e8c3767d28b26f1e9bb5
cannylab_tsne-cuda;d8df8dd482040e0077244157fc7921c7a2a92787
cannylab_tsne-cuda;d8f7de8639adeaa2a39951e3fe71555ebf0f996b
cannylab_tsne-cuda;d9409e0e22be5d6dd41c1b8be2175228f13adc2d
cannylab_tsne-cuda;d966244cc6debdac5b224d271679ab8067263a09
cannylab_tsne-cuda;da013ab61aeba1e9da5aec599be5f2acae15e554
cannylab_tsne-cuda;da159197ff8bff56bdaaaf1d569c011427316989
cannylab_tsne-cuda;da45a539e240930831ccc4e872759946b71e675f
cannylab_tsne-cuda;da8ee2c91b123c5c307bba6bb9b0a2accb58e060
cannylab_tsne-cuda;db592d7b1aa3fa2fff5f319dccf837eb6752d2b9
cannylab_tsne-cuda;dc43fe65b6a9389e7617068e3626a6be449745c7
cannylab_tsne-cuda;dc6cda4d6441f0b1f156d76c9e62d846a08576f7
cannylab_tsne-cuda;dcb7a13e7c331665c33e123b5455c138350f3da7
cannylab_tsne-cuda;dcb875514dfa6d0af41e2867f0022d76ed30ee5c
cannylab_tsne-cuda;dd2480246a5709094a7ebf9d0ed02e89a72f87b0
cannylab_tsne-cuda;deebefba04ddddc05ba705acb1d95365f9995151
cannylab_tsne-cuda;e01349d1cab240715af52ea466acce32fea3018e
cannylab_tsne-cuda;e0153a9d74ee02f1f8e300d0f391a5ae0bfb631d
cannylab_tsne-cuda;e03a93aca4f48a5a427413adb1f71f893faa2469
cannylab_tsne-cuda;e043cd824f915825059897d3bdbff695a4d268b0
cannylab_tsne-cuda;e0f6c9fc84d49c5f00b5c9c553060f5b00be38d5
cannylab_tsne-cuda;e261803d571755ad2b8e9259c291144d8d0bcfc9
cannylab_tsne-cuda;e30946a0e473be9ff48570bff6ef24e43e9134e4
cannylab_tsne-cuda;e399fa34d9eb2fcd807d4632dcd3172122f018cd
cannylab_tsne-cuda;e565c6bdeae4b15d3b5c3b490e3bee569305f505
cannylab_tsne-cuda;e6e72d1c0e1076ecca18c82474ab8ad99eacc25f
cannylab_tsne-cuda;e75c170feed9cbd21f679aa51204320ff7e1badb
cannylab_tsne-cuda;e7bd339f8826d8f0d802b4e893abb2689d2a1c0b
cannylab_tsne-cuda;e7ce93c8be95ae5d55804b5d263f4d749e452d9b
cannylab_tsne-cuda;e8683f79fbee3e7ee326af034b3ec0be8767f0fd
cannylab_tsne-cuda;e8b2480b83501b829b424bc56ab4ad1dda9c7ddf
cannylab_tsne-cuda;e9997d2870b362f7b9b586e7f439d2a7f7bdc613
cannylab_tsne-cuda;e9ad40d9b7737def447ea69a39543642af8ae2b3
cannylab_tsne-cuda;eb18079b98a01e63421e2372e259131e3b252849
cannylab_tsne-cuda;eb8bf14c830458d97b583493aed8ee61bef712a5
cannylab_tsne-cuda;ebd67837377c47d47bc8bde7bbc7c83b2da628f6
cannylab_tsne-cuda;ec30a53012ceb79a83def3aa5e8d0a96db48335e
cannylab_tsne-cuda;efa209834879bba88814e74d7062539f4de07cc2
cannylab_tsne-cuda;f0e186bf691df7e9b2239306912d23d10afbc1af
cannylab_tsne-cuda;f0fe8891f7ce8620968712ee6ae56444f68df024
cannylab_tsne-cuda;f12e6949f03c2dc57e1d897bdf6c8bcf4a97be0a
cannylab_tsne-cuda;f15a315fa3fae88ae71263815184f288434df8ff
cannylab_tsne-cuda;f1d7ee766032b71e9d58a4de650a39e3d9e9f657
cannylab_tsne-cuda;f1f23c8891657a800d0e627abe364e6ec4e8eeb3
cannylab_tsne-cuda;f20011acd2afd27a42d1f51508b1e9de712060fc
cannylab_tsne-cuda;f24507f13b42c8011d86f49329d4975900727e4a
cannylab_tsne-cuda;f2d3b84af6f7f33f8054a87169b37f96b209971d
cannylab_tsne-cuda;f304d28d66945d3cec16aa040f937b64337ab137
cannylab_tsne-cuda;f4526f28db907a1499a35bd8bef9f283e7efa991
cannylab_tsne-cuda;f49490c944e27129d5774891bf54eaab0d6a971d
cannylab_tsne-cuda;f5996b1d7b9e055c406e0bbfd48979b3ad8da198
cannylab_tsne-cuda;f67e799c2cf63235b9da93b23842108b3ebb89ca
cannylab_tsne-cuda;f8b59e21aa853613f13550bd7df03bcd8af128ec
cannylab_tsne-cuda;f9169dc9d8728ca4e432017824200974e2044f8c
cannylab_tsne-cuda;f94057ae96f2f2aa49d418bb21d1f1e7fe37fa1b
cannylab_tsne-cuda;fa3a022746801081ddd8cc463494fb0c7977c10f
cannylab_tsne-cuda;fa522a2eaded432e7fdef5b0422247d5193968b4
cannylab_tsne-cuda;fadf10dd898508da35601150f7a3e802c1eaa9db
cannylab_tsne-cuda;fb303de564ec77476c15135306df11a8265111cf
cannylab_tsne-cuda;fb84d682ec7e9e666164c6dc9b9e28c8837b1697
cannylab_tsne-cuda;fbaae3249c2f4561b58014a4a1c13c196fb069a9
cannylab_tsne-cuda;fc270cf4d306324f11df683a2012a0b1ec27cf1b
cannylab_tsne-cuda;fc73a3553a4c27faf64f568d048f482354cfd85f
cannylab_tsne-cuda;fcc258e3cdb8221a59f0e78b9fc1741c023f0ca0
cannylab_tsne-cuda;fd09c795a5cc9cc9b0f84b44039190f6fda4f95f
cannylab_tsne-cuda;fd0aa8479496d5e573f34cce73291799943ecfe2
cannylab_tsne-cuda;fd7b109db9b7f3e89407b291f9fc3989e1dc15c5
cannylab_tsne-cuda;fdb65f86694bc9e327ae40bf25584cd2d6e44e38
cannylab_tsne-cuda;fe476af74be78c0388f0ce120a6ebe2c38b2fbf7
cannylab_tsne-cuda;fea9942ff09d6b438663052d101b030acb27acc7
cannylab_tsne-cuda;ff2d218d1389edffbc3d29635b60b430c4209b1d
cannylab_tsne-cuda;ffa16c965b6cb6208f64aec85ecbc2c8c584580b
cannylab_tsne-cuda;ffcbff2c9783b450fe0ddeb5a919dcdbde8437f7
jmchandonia_coral;00003fad2e600fc69fade4c7f0881fe365fc6b54
jmchandonia_coral;000fc8f2023dc70ee673d0e8d7b00794990b59e0
jmchandonia_coral;000fdde5fd887fb469994b324baf9e3f6978e595
jmchandonia_coral;0024ccd9247b152ac827c16fb39dbacf25ec002e
jmchandonia_coral;002b8abd010b2498b6c923ed0e77a490b828162e
jmchandonia_coral;003327ff67d2eabedeb3c747699230b9d65c73b3
jmchandonia_coral;00376d0c5b5d96adaad7a4e2005ec91c9b5280f1
jmchandonia_coral;00590d0ac7d1b0b97e4790e0dfeb197518c33068
jmchandonia_coral;006002af4e0b3aa51a08006abc1f8a0681379663
jmchandonia_coral;0066aadfe93661c40c8928fe0befaad0e4fc95a3
jmchandonia_coral;007a56ac85aa340e27afb610e1104489148e6194
jmchandonia_coral;0086e73a8e4d8b0227ba135c0a6e30cca2f252da
jmchandonia_coral;0093dd5745a62bc27714d8fe616cccfca9a542b8
jmchandonia_coral;009b90c9cd06dc8d0a055df3c5c368b0a0629716
jmchandonia_coral;00a5dc11a85c47b98b513f90ad1a5d69e46f17fb
jmchandonia_coral;00a614c92caed3bd17b50d26d303d88288eef7a0
jmchandonia_coral;00a9399ba61a2835a3863bbe99facf9f651631a4
jmchandonia_coral;00b52ef4ce5efe5b46861631795e401732eaafdd
jmchandonia_coral;00bc9cdb58184a9244525209e84f7159f6bb0915
jmchandonia_coral;00d1c8b74e17b6eb2b9a1d6f6a9cbee5553f1697
jmchandonia_coral;00d3582e6ac3cfdb7184c3a3ce5aa0d379238445
jmchandonia_coral;00ed41292f1146684befa9c3b1650721b59b8cc2
jmchandonia_coral;0107ba2c4696b05d164440003d56f5d9da30e0e8
jmchandonia_coral;0131efc757446c15ee198b1cf204555b9a8f2fa4
jmchandonia_coral;0134fb156aa50abbff981570899d31a3a60859fc
jmchandonia_coral;0175efc5839091a5f6d0608da5591f2323d9b457
jmchandonia_coral;0190ba5ca5b5f62fd1436dc0286212423b39f99c
jmchandonia_coral;0193413123d57f4c6cd615e769f053fd708455a2
jmchandonia_coral;019a6850f3d364348bc57e83274756c537e02ae3
jmchandonia_coral;019bd69b6f17d7e2aad9342cc315d4e92f8bdc54
jmchandonia_coral;01a66772c9043d99b47658ef8b16599971244307
jmchandonia_coral;01b6df1d4ef5f889d1a7e842d04540e20cc4df7f
jmchandonia_coral;01cc3fb221f1e9c2809b99da9effa56bb8020e65
jmchandonia_coral;01e04da1a322ebeacef6f947cca2d6b798450d67
jmchandonia_coral;01ef0ac47e1507c981e2f8c4ecca06499401db36
jmchandonia_coral;01efc7cc77b48ccf941087a6dbe9fc03d9e89a7e
jmchandonia_coral;01f58240861709fc73ad8bafa8102743663acb8e
jmchandonia_coral;02075bb3bf49024304b5192e9172507ea27dadc6
jmchandonia_coral;02116568db3e2fd9a94ebc5dff0c6b0eb2ffcab8
jmchandonia_coral;0217448f8c08c9d4a66a2bdf12ecd7d392786c9a
jmchandonia_coral;024c7b4ab8295940259a03105b8b13b76339d2ce
jmchandonia_coral;0262e18a9979dc97c3cc9faf2abb2f2aa25adaf5
jmchandonia_coral;0271a3f394d5e5930779d09c85803d24f8b05ba3
jmchandonia_coral;028fba86eab2ddcab5b0676f593fd322a47a03a4
jmchandonia_coral;029e68a6a09a23478dc4bc5842b3ba083979f2e5
jmchandonia_coral;02b0f14198a5584844edec228d61c2acd375435a
jmchandonia_coral;02c0c850d2f8c7e05ba4a9f97eb2429287cf9c1a
jmchandonia_coral;02cda810348a08d5ee2b5c19a65dc5b228be848e
jmchandonia_coral;02d15a4d784f21b1147237ec562c4efbf7748a53
jmchandonia_coral;02f2e3a06f28e11069e375ccd344ffc34e83b7e1
jmchandonia_coral;02ffa7a374174c68ebd95a93a6729d974c97f517
jmchandonia_coral;03106e5433e2580aee447fc52be0ffa25b48fb51
jmchandonia_coral;0323cbba76fcac0da8a5750abf5b1317f6268939
jmchandonia_coral;033f05fb1910e0bb1261180142d562e883142424
jmchandonia_coral;0364109301985cf7ed9b9e2f333f7da8905ba8c4
jmchandonia_coral;037b2a07b9979514e9f16b6655fe37e81decefd1
jmchandonia_coral;037da8f02703e7563b266101d4eea4df7c8d20bf
jmchandonia_coral;0383bb4584812f63770916603ff2b857e3b3d159
jmchandonia_coral;038961d4d8476230c2190aa2ae29dfe333fab447
jmchandonia_coral;038ce5a7bab459ce80bb5526a1c5c17b579df39d
jmchandonia_coral;0391f3192c67f950954ec4b2ac5944e3d6e0c410
jmchandonia_coral;03c8cda13223cfb7b8da24392304413e3c7fac73
jmchandonia_coral;03d6daa9098d33e326ec2916d7d4ee58f9e5cc07
jmchandonia_coral;03dfc5f82b1b71908622d99c2c0f8890bf1f89f1
jmchandonia_coral;03ef968a20589a173bedd0a53e3b8db37442baa9
jmchandonia_coral;03f2f3f45ca4e157c6c1e1191a776e4d6559646f
jmchandonia_coral;041d1f062aad116442c8802e2b2d374d469c6a50
jmchandonia_coral;041d894087b49b17fd9558d284918f32119b3756
jmchandonia_coral;0447d23913477bc39dbcd509799a35c7747fd8d6
jmchandonia_coral;045825d1adcf60d19fa01579d636045ed0a88c19
jmchandonia_coral;0483a35ce32a233927465dedd73ced764f0ab92c
jmchandonia_coral;048cc5cf819d502f9ae302a5dfe2f8bcba66a148
jmchandonia_coral;048cd9625ee0829a429636a6d2681fbe26fac570
jmchandonia_coral;04ef157a5a72ba885958dd7dc7820294bb6283aa
jmchandonia_coral;04f5680350030c424d461b7582e4ff430ea9d227
jmchandonia_coral;0511182fe5a8b81b177d9173d2ad2912f0f84ac4
jmchandonia_coral;0511d6a1a56537442d5061c216854d59b81842fd
jmchandonia_coral;051fcc1ec9ab6e47d3b3fc3046718fd07b2937d9
jmchandonia_coral;054b835eb8252f3ea9d984619595d2a8a735b9b2
jmchandonia_coral;054f92e66761c20f55aca833e4cb37658f7b3620
jmchandonia_coral;05598c90a2fb079979aaae01903c358653f8b6b0
jmchandonia_coral;057ebd75f9ff489b00ce03b6e08c469bbb3357c2
jmchandonia_coral;058190de8cbe462c4af7ade85b25ee23a0f6e772
jmchandonia_coral;0582de9a3aebc10dd34bb603487c0528620676d8
jmchandonia_coral;058c77fe8f388370a77a7d39ccd699536dfeb9ca
jmchandonia_coral;05ba7b9d83ff9f3ed3536181f20e1fbb41d1edf7
jmchandonia_coral;05c14720b2ca9f222c9bb698d67f66bb07ae89b5
jmchandonia_coral;05d4f8f2517ac4465db49387cd6685f1a789515e
jmchandonia_coral;05dd13f946a823e0f0b3f946c505fb8eb593f01b
jmchandonia_coral;05eba72d188f46b7fdad78e9d356e21e0761a53d
jmchandonia_coral;05f785d486f38ad525d552a148b3e4a004a3a455
jmchandonia_coral;06056259c146c9c78adfcf368030beef8b8146cb
jmchandonia_coral;0606aecdfd42d9c24d53e0e0c3012e731cf3873d
jmchandonia_coral;0628384278877b3bbcb88cf897d4b76271b4b44c
jmchandonia_coral;062f5886e230680402ba87269fe89706efdf5a28
jmchandonia_coral;063bbadaa13e78a14bc4d60620598c31edb21fec
jmchandonia_coral;0644870c36d1f63d4f7d331e2c4f1c10dcdddc8f
jmchandonia_coral;0659b4587eea67827f3f328aad3f1be89683fe84
jmchandonia_coral;065a419146f82bd8962c05727ff026bf91af16c9
jmchandonia_coral;06719c4091460d1d3f0c4780d7267cc4ee7645ad
jmchandonia_coral;067dd98fd5f77647522210871a79742eb7a1962a
jmchandonia_coral;067ff06a0da61e9841f4d906c21d5dfb5ad35f27
jmchandonia_coral;069a079863f3501839036a6181f7ccb9a4b55bc4
jmchandonia_coral;06b5cd7906186aa6bbc689939703b789890fb99c
jmchandonia_coral;06d2872aa7bc98823d47dafba3fdd9c891837f3c
jmchandonia_coral;06d6f312beea274a7ddb9af775d15d4e4e1cf22f
jmchandonia_coral;06dd644cc391c167ea33d5dd6309cdbe094231ab
jmchandonia_coral;06e058f06802813f8e38f54e28e29abdb2a13179
jmchandonia_coral;06e3dc60fd6205ab85c0b536f431376ec4e689a5
jmchandonia_coral;070392d95e4d6395d5a2dce47ce6c87b37620307
jmchandonia_coral;0728c8c86e5ca3277e7e163b374d55de9a7dbdca
jmchandonia_coral;072bdae212b01fa54327cbd3d56baf4c5cbfa49e
jmchandonia_coral;0731bf916d2fe39efac969effa8db22543513cf0
jmchandonia_coral;074c39873df80e773b50f8d8a3cb73db044bedd2
jmchandonia_coral;07588bfc602c01711cd598ec57270905b6aa3da0
jmchandonia_coral;075bf25a54e395bf49b85a78f952f88cea83d675
jmchandonia_coral;0765486d9b14ca9bfc3a29d128e92de98af96f42
jmchandonia_coral;0765bbff45fe1cac3848f3b2d42954d0175440ef
jmchandonia_coral;0766e865b6b93c5dd71049a3e9fda74dd11ff733
jmchandonia_coral;07746486650b5d21fd2745d7c987eed6043a7280
jmchandonia_coral;0782a532e296e6299fe257120406ac3e02da794e
jmchandonia_coral;078e5a2dcbeb68cc3245a4e16d445d7a1df27344
jmchandonia_coral;0795e9988ca2cc6b7d4a6a9aa1d3c5698bcf6991
jmchandonia_coral;07b1cb2d1ebcd5db900c37ba610795d4f57d25b5
jmchandonia_coral;07b562dfebbff0087625e51465f02fbf2e75a841
jmchandonia_coral;07bec872ed3bc46390da14fb353a677b2e1db0ab
jmchandonia_coral;07c99bd17782deb81575186e71d8c9218f14b3fc
jmchandonia_coral;07d9486f71a3fd3fbaaae06ce0f2e1060e709e12
jmchandonia_coral;07deaf5138fd5327ba92d1e858bc8660bbb6d101
jmchandonia_coral;07dfb3882a04d533fdc41201050ff20352f9e5a3
jmchandonia_coral;0803202becf09ed9d10432c2a3a63bf452a4062c
jmchandonia_coral;0815e7831d4ae4ce6fe9ce1182d232699b4215f3
jmchandonia_coral;08570473b1af2e721b1abff015b0c7d7924ab2d0
jmchandonia_coral;086302e294ae2ffc50e26571ed46585f177b4610
jmchandonia_coral;08834df30d66db860347e4d38182288724f7f5b4
jmchandonia_coral;08942fcc7b5c83ff2986dfd3c4afcf4a9dcb3fb7
jmchandonia_coral;08a77dd5a92e5b0b1725375978322485092003a3
jmchandonia_coral;08ba5ef30561e4822ae7a52106c9da2ae81f7d72
jmchandonia_coral;08be742b5bb3f7e1302f1719fc09b1f83f53986f
jmchandonia_coral;08cddafdccb337738b4cc364e0af8cb5d011f1bc
jmchandonia_coral;08d9340ca193b0515aeb201ea83b8c0c0040df9d
jmchandonia_coral;08e0323b718464754ecf8387e5f46bdabf2d6f1a
jmchandonia_coral;08ef836fe72461f66d161622ceb3612598dea6f5
jmchandonia_coral;091e0cf09dacebfa8fc77383d32523e263412d64
jmchandonia_coral;091ffd3d17f8d85e9f4a676cf53ea590a0130b82
jmchandonia_coral;093f2e57f617b78f3c90b94a8eb1917c0b8865f1
jmchandonia_coral;094022fe2a4ed557752c7f7e621546fe67e453e9
jmchandonia_coral;09514ab5264f2126a4960f5f937043fe44bb1c48
jmchandonia_coral;095b726b47b71c360761018a271d2edfa369d5d7
jmchandonia_coral;095dd83ba8afb8c8a05f7067e9407d7e9cf92753
jmchandonia_coral;098474aba11c67c0379fe8708ecb389693dd21d4
jmchandonia_coral;09953cb8bf7f1f3085563f1bd351ceb6497f7f1f
jmchandonia_coral;09a75806d719244e30e4cc191e56d1322f822216
jmchandonia_coral;09b02b8f257abaef5638e77b752c6933f1e1bab4
jmchandonia_coral;09b1f7f2d2e32d01a3e07d990858e093b7bc81ec
jmchandonia_coral;09d901baffdd568978ed3b4a98de0b97ac59bcaf
jmchandonia_coral;09e7bd62d7b982dd28b8c7d0e6b4329b18cea8d9
jmchandonia_coral;09e9c0d160a4a10369c8b1a08b8e01701953c613
jmchandonia_coral;09f5c0dee4a365f2bdfb1940eb1ae99a8dc8c4aa
jmchandonia_coral;0a0ec22c71e64e003f6efb3701c05d2fb292eee0
jmchandonia_coral;0a170e5aad91e91df17c229c72adb12ec3dddbee
jmchandonia_coral;0a26cfa5278367f9d455b433bed4a44ba011b663
jmchandonia_coral;0a42601c3cf53e80565ed93575a5f633e62762db
jmchandonia_coral;0a6176f08be1a2df55dcbaa398feb2d6c1246919
jmchandonia_coral;0a66ddc6619f634a5acf7830b18ddf95888f7de2
jmchandonia_coral;0a6d77cce00760469f2e6f0a3165f988fb9d38b2
jmchandonia_coral;0a70450fbfee764f94872e05aef5dd75f21331d5
jmchandonia_coral;0a74472869841df0070fc790ddfdc4a93947dd92
jmchandonia_coral;0a875896677f666aa593fb7fe35727f51a1bbbb4
jmchandonia_coral;0a911fbf63f00b8e3ff534960129f41a77945c6a
jmchandonia_coral;0a99cdaa716affc869e0ba541d099d9bad46fde7
jmchandonia_coral;0ad39d84bca2bb48d47f92e556e0ddf817c23049
jmchandonia_coral;0adab4b5570421a1d11fe41b7df2df9d01fbb427
jmchandonia_coral;0b14ff150bc67128d07ca2b8d3424883ce530677
jmchandonia_coral;0b25252cba308addacaef70c9cc2a87bc737c1e6
jmchandonia_coral;0b38b9f28b634673f949f6dbc2c58bb10d5d46ff
jmchandonia_coral;0b44db5f2c6b616c7556940dfe4282b23a74aaf2
jmchandonia_coral;0b5dcad136de27576753ccb2af34e5c5a9904f26
jmchandonia_coral;0b7367d0f5dd72bf2e750082517074498b0cf95b
jmchandonia_coral;0b849805ddc80627f268625b5be5aadd323c8691
jmchandonia_coral;0ba94ec00ec71745b72e04533244290fab42f947
jmchandonia_coral;0be31da12206f73d236211e822f4f81e925410a6
jmchandonia_coral;0be6e329fb71fa64857b593a0bd921862ee529fe
jmchandonia_coral;0bf9b3fdee23ec51673e164ab63848f143a10b57
jmchandonia_coral;0bfdb679e10816a18d6922b3e0ad2f40294c51a4
jmchandonia_coral;0c0a044b5ef826b16ba6c67f594f5eb0b94948f1
jmchandonia_coral;0c0f71d42cdfd4b813f3d4823d31903a9114cf39
jmchandonia_coral;0c2004c6ffa67c358002ae08a7b2e77b0348ae4e
jmchandonia_coral;0c228541fb58feed05fad6adb0deec7ff88346ed
jmchandonia_coral;0c2622b8ebd1eea0b7a694ede3e1daaa8eea3271
jmchandonia_coral;0c2b6b3e65cad24e251394dc0bdbffec19d257c9
jmchandonia_coral;0c37d3b1c31f2cd6653b175a6680954aa8d4a78f
jmchandonia_coral;0c4f3cd95d549d6652e66e44a53a0dbf3d7ac1b3
jmchandonia_coral;0c9fd439a81b817e0c1f9d6360b09f63fdef8deb
jmchandonia_coral;0ca59652e77454a69dae74619bd8110bbf550da4
jmchandonia_coral;0ca92647c047a4a8ad519e99143e4c30f58ec80f
jmchandonia_coral;0d01a7a6acab56a0f6f8f2179a11211c5fd2b74f
jmchandonia_coral;0d046f0454336125e7cf612bb4a7ff76b41073c7
jmchandonia_coral;0d13b64cd3ec747c1f531f0ee51fd83f32c91b56
jmchandonia_coral;0d19372a0ab54dfa0ea9b7ec13026afb5f15b084
jmchandonia_coral;0d330b2ee07199951efecbc1fdbb4f93dc21b94b
jmchandonia_coral;0d4521db770e646e662100cf02c67b944341c11a
jmchandonia_coral;0d4b22caf1629c9eb4554663ca62d758f09264a2
jmchandonia_coral;0d4bb013ba2c083adae049779e4aca1b430a57dc
jmchandonia_coral;0d4daf399ea23a4263f3f91807960894556a3e45
jmchandonia_coral;0d6bf7a64240b2b8ac2c7a5e58620563fa99c893
jmchandonia_coral;0d6d878ea907e4a371ea94f655faff926c577443
jmchandonia_coral;0d6e4c397ca7f8062eb5453985659930e5e9e11c
jmchandonia_coral;0d74b92cff4420179f8d2ecb2f40d86568c3ebec
jmchandonia_coral;0d946e89562b9e24b315d3826487cefb5c83f46a
jmchandonia_coral;0da34d39533d987664d22940469e71278632e2bb
jmchandonia_coral;0dad5d4fdccf42e8be35f6eba3ddb0c4cab34929
jmchandonia_coral;0dadc427828dffd05ac8c7bbc401a8ce69d5cf8d
jmchandonia_coral;0db67e01a9cbe9c1554e826d0ac359c2920c8009
jmchandonia_coral;0db87318a3ae9581216520b5b4374cbe84cfb1fa
jmchandonia_coral;0dbdc9b5f6dc6f6d38414138bade1f95e4417de9
jmchandonia_coral;0dd3bef5ba5e42df27fc14030896503acb82c5ca
jmchandonia_coral;0de9dfb774b235bcda548c7c0eb929261efd41b1
jmchandonia_coral;0e04c721b86a062702905c044a4d5951318a156b
jmchandonia_coral;0e12aaa455eb3a2812445d952512014bfbd29a00
jmchandonia_coral;0e215e1480a058435443b26b538e56dfbe0538c0
jmchandonia_coral;0e23bc8da0221535859a0fcd09b2f24d0ba55c0a
jmchandonia_coral;0e34273f20b15966c939fb3e56eb6c3a0f21fe8e
jmchandonia_coral;0e4a29c5b63c22aaa00142c0a06e76697bf9f461
jmchandonia_coral;0e62d2c0f38384d16fe8fcae5c3e28c0d1611ac7
jmchandonia_coral;0e77b3fcff049d4f663ff5d541ba148b7f355a60
jmchandonia_coral;0e7f4876db4478daba80fee551fd56c2f2f0b6ed
jmchandonia_coral;0e8c9be4c84e8ca73a4747b945a7323555e3cbb7
jmchandonia_coral;0e9abca3b4c31bde7f3e8b403c718df932728b84
jmchandonia_coral;0ea178d6ad1241c475c53b0e45123d3a6fd4f0ec
jmchandonia_coral;0ec0dfd391177a507cd092a688ab27f54e8254ec
jmchandonia_coral;0ec2ea27de4423d25ffdea12f3a69065b941d8a2
jmchandonia_coral;0ec6c0bcc39acfd4b0d9e06ef4faa7b51c72c635
jmchandonia_coral;0ee8afb9edfc2a40713fe5b8916c734ede05d9e8
jmchandonia_coral;0ef85505bc19cb1a8665d248f3b0d3a89dc464cf
jmchandonia_coral;0f1e0b6d53aaaf33b92e922aa526e596d98ed6ff
jmchandonia_coral;0f1ecb968c4eab225e682d4a1460014c6b64e868
jmchandonia_coral;0f43254ad65930d023e0b137a0901436d6e7413f
jmchandonia_coral;0f649f27c3621e2c5fd72e82335ae2d599dcf0b3
jmchandonia_coral;0f65dd3fce30f3d7dc04acfdfc412be5cb105853
jmchandonia_coral;0f7cfc6084f4a4002dc21fefeb3b6ba77631977d
jmchandonia_coral;0f830d9798cb33c253d8ed769d1c1c69fffae019
jmchandonia_coral;0f97250ec9b292f860001283838f23733ba4cb79
jmchandonia_coral;0fa11aa09bd90e55aff60438092f2247030d7f6b
jmchandonia_coral;0fa34b6906ae6c8e1aab2e3b1357f9ee0a397b07
jmchandonia_coral;0fa4e98c748dfda630839e8ba0ed37921aa0979a
jmchandonia_coral;0fb2cf4b616016c28a35e570215d33f753c08a65
jmchandonia_coral;0fc6de435284ebd6db29ebabea6b9549d0b46bd0
jmchandonia_coral;0fd5f53825af63cc59f28d0bdfe3878541516da9
jmchandonia_coral;0febd945b6d8899b45b950dbdbf889ecf69264d4
jmchandonia_coral;0ff1e98b1a9d72aab0f59c15666930cc8ce389bc
jmchandonia_coral;100466f68679536a6cf19caab5f9a6ed06a3795e
jmchandonia_coral;103358e00dabb589213079ca14a0a5df2c1c420b
jmchandonia_coral;103aac84f1b00a249f6462ab5f25b727c8c6c0ac
jmchandonia_coral;103f8cffa43e325069de03affca749c48c42a195
jmchandonia_coral;107dfa48dc27bd6b06cef46623df333ee5d2a7be
jmchandonia_coral;107f97c3023aa88479240fbb203b05d9a79735d7
jmchandonia_coral;1086f08da8180a50512fde4d5f3e5c59848a1261
jmchandonia_coral;10879a08ecf4b8bdc4c718335ddae5c013bb6915
jmchandonia_coral;109b44fdf506ac3edf49784a24c604298107eab4
jmchandonia_coral;10c606c39cb7f63fd319301e730fcfcba2af32ad
jmchandonia_coral;10ce124b5bc61ec2e96ee223414302b3c54ae556
jmchandonia_coral;10f0d5bcea96e3e161e37f0fe949d6e17b7800d3
jmchandonia_coral;10f314a0dc96c711ad8603ad33d4d3c8eff32703
jmchandonia_coral;1124eee4e8616adfccf86860aa707572cb2be1cc
jmchandonia_coral;118af7a0b89bee9bfa022d5cb95eb0d086292222
jmchandonia_coral;119af25ba4005850a62ce276b16eb266eb5ab19d
jmchandonia_coral;11b340bdd67d6515202119bf18b3817225bde39b
jmchandonia_coral;11ceb270780e9c5a6094deae1555c84d799664da
jmchandonia_coral;11e5d3d39b69076255f4174b531d221ffbccc0b4
jmchandonia_coral;11f97dda525b5968203b6ea11eb8b0bfb562cc0d
jmchandonia_coral;12166886516d785e8123aff95275977796580015
jmchandonia_coral;1231335a823bce7364d4ff44091bfc4cd573fee7
jmchandonia_coral;124baff4d6d9dd6d214b264eb7645179f92e95f2
jmchandonia_coral;124d96f7c8538aaefc0d28f3d5ac09b9f521fbba
jmchandonia_coral;1254237feb23d294bdba16d7659e6638de7a5e6a
jmchandonia_coral;125e90f0553add3d634132717565f64a117f34b1
jmchandonia_coral;125f9e4393e02e502d5181391dfc1feabad0e481
jmchandonia_coral;1265d0dc1fd1d5658587c9dc449e08fc8f872ff4
jmchandonia_coral;126bcb1ef640801a4656ac883b3ff0573de45a1a
jmchandonia_coral;12782000d08da65f411d198761ac81fcd8c1a182
jmchandonia_coral;127e4863febbc347df8845e788605f9423548423
jmchandonia_coral;12976bc0f9faf15e1472236ce8b694f3394df666
jmchandonia_coral;12b9a61fc72fba4d27eb3e28a9d26d929f9de342
jmchandonia_coral;12c1992e44e603c70633b17de4f8554bbab3c86a
jmchandonia_coral;12cdd95ef123d71a1a2441a472dcbe43518acfe5
jmchandonia_coral;12d86060d1c91e831aa80d3d65dbddc7f70e0fa8
jmchandonia_coral;12eba5313cf6d69b4a1961955a2ef79d9c318c92
jmchandonia_coral;1316480ea545b4d4a95203ff52da263488478f0a
jmchandonia_coral;132390ac6cad1cb7c51e1282a71183ceac897180
jmchandonia_coral;1342c21e7dc31701abbdd3b0da4cce77500024d6
jmchandonia_coral;134e03722217f69642a2c1361b7e73aa3105fd96
jmchandonia_coral;1355d8a6680a5d980274d2675bd938c25f9fb378
jmchandonia_coral;135d56763bb81f75f771e42065e9e326d9d2a2dd
jmchandonia_coral;13721fcc86ebec4a382897feb997647c6d0cc153
jmchandonia_coral;137c0b0d6103eb2bf207c16c146031fc42532ae0
jmchandonia_coral;139897de0092e8db50d5e720cc9dadc28602a430
jmchandonia_coral;13acb34bb7e2eccafec42efd6c687de24cc95959
jmchandonia_coral;13c1168e687c6a5f39e92eb71bf731f9c8e6b30e
jmchandonia_coral;13cb143f32fe934e2ec53d6f736fd574d81aa9af
jmchandonia_coral;13d2eab3767d975ab3595a564d06f90da9339749
jmchandonia_coral;13ec6ae81e5ba7e8cac3cc9e11ce47f9c7904caf
jmchandonia_coral;13f0256afd43124db8fea0b847d80c13fd8bf491
jmchandonia_coral;13f6f04cb5bd6333ffde9318d0e527bc6e1349ee
jmchandonia_coral;1403ae820f6a2a49701f09f815b3efbad29ddf09
jmchandonia_coral;140c116bf2f3f1840a463f2a4084930e4059b65f
jmchandonia_coral;1421820cc30e9820218ec6a27fe57081f2aaa7e0
jmchandonia_coral;142679fd3a9b098eec3cddba2845b0d043eec2d8
jmchandonia_coral;142f527a4ccf524fd1b1ecddc8e2d81140472c9b
jmchandonia_coral;14455c834b62ee92d1bfc6ed5932f4b4aa1287ff
jmchandonia_coral;14485528c1b23b5fb84883c527b58104e2dac0f4
jmchandonia_coral;145fda6d545f14b4f159322d1db4eceebc18d308
jmchandonia_coral;146c7e1e52fb5a58b9b0a496e1050d2756a7e1d9
jmchandonia_coral;14736a8df25e481662a81315fae09bed210b4197
jmchandonia_coral;1475c88ce52772f1573bfcd75adcacb710c72c03
jmchandonia_coral;148d94842b9ea393c0c4ca4c02b73dcbdfd0296a
jmchandonia_coral;14919193473cd54ec6425f35f0e1c2578c0bbde7
jmchandonia_coral;14a8f5521f6d161e3129e9b0cfe89505dc55d47f
jmchandonia_coral;14ac13eafa3e2b2fdfafe1bb4d286b76d12fe232
jmchandonia_coral;14ca6b733fc4a84943eafc6063d07605e98a40a1
jmchandonia_coral;14fbce621f6f70ca24e6d4c354147f1107028ddc
jmchandonia_coral;150482d7360a03f27bfae58564995be934af907b
jmchandonia_coral;150ade11883328aead8d4918b0267f61c5ec7562
jmchandonia_coral;15265be0d13e36e3ffd5353b5974e099a132b73f
jmchandonia_coral;1538053442c7fb09052f3067f8ec0ad7e7bbfacb
jmchandonia_coral;155295d79269773f2762bead1a4ca1b9c1c0bb79
jmchandonia_coral;155a2048b369efdbe1512dc026cb4b30ab743839
jmchandonia_coral;156712c63b72c4d468bf8fe8c5b187ffb7784b54
jmchandonia_coral;15694467084b30785807e603249048319378c23c
jmchandonia_coral;156a1f73598f6643b8b59da99eae63c6964ee295
jmchandonia_coral;157ce081b8b93f7f099ba8776bd10f5bfcc112c4
jmchandonia_coral;1589774e844d3b5594b2a9a9109c39c60ba81b5d
jmchandonia_coral;1589c5ab0ee4721bca9a6941331c701b79b88705
jmchandonia_coral;158a06497302a6d09bbf1373afc3170f85967ee0
jmchandonia_coral;15afdb0bb22c15bd641d8c91298261d71d08ba6c
jmchandonia_coral;15bdad8aa831097245ab30f0ee45e4ff09911a8a
jmchandonia_coral;15c396b351874b6a564baedceaab83d7fd780946
jmchandonia_coral;15d28f938d88355aa9d595e6fd42e365801e25e0
jmchandonia_coral;15f15408c40fc82059f21dc6b77a5e497698d448
jmchandonia_coral;15f25489d60fdf2483c378d1c735b55f49698177
jmchandonia_coral;15f55f67c08f7ed1f90d9002473b810ed858fde9
jmchandonia_coral;15fbee8a99c6978f259aeb70598549d147497472
jmchandonia_coral;16009367b6dc572196d177a276698760c4ecccb1
jmchandonia_coral;161522fb72e8c6f4ec566fffb653f3c68fd461b6
jmchandonia_coral;161a67648470a4917de73e96916809db4b50199b
jmchandonia_coral;16426ba81a689d44e2f8a0393de0da8d57b8fd41
jmchandonia_coral;1653ab2acbc4c5109ba755527a081dad5f0417ce
jmchandonia_coral;16680df4373828e7350218f57682800b03986b30
jmchandonia_coral;1669b28965d72d38f921a10916f1e13b953634fb
jmchandonia_coral;168ef884c3727224e759e0a068d0b826ef765312
jmchandonia_coral;16ad6040c3d177d461e575e94e5d67b3b2f21f8d
jmchandonia_coral;16c56a192b2fbe7a57cd4dc2a711fb035e221cb9
jmchandonia_coral;16e66790f8ccb7cf53344c886d30a28b74d69d00
jmchandonia_coral;16ee98baca0f8cae667cc7de9d384583facb401f
jmchandonia_coral;16fbc833c76f5eca7337f73da1de8837af32e539
jmchandonia_coral;170031ad766f948de963656798b8cc1f9a908bc3
jmchandonia_coral;170cea542b8396244ac6099505d4f986b2899aa1
jmchandonia_coral;171123accf31c067e67235670b7f329eba272eed
jmchandonia_coral;171546a8958d920db1661d11a30649628718e0d3
jmchandonia_coral;171b9638e52cbee1a80e8617aa22347bbd7f32d7
jmchandonia_coral;172a5b4afff0edb02ce97590943fc8f331a5abd6
jmchandonia_coral;17387595a30dbf272c66325687860c146807c9bf
jmchandonia_coral;173a47597dd5644ac4e58b3b7350d33ec38fcf9d
jmchandonia_coral;173aac3bbb8f4fd33e1bba00dc66a6be82dd19dc
jmchandonia_coral;1754cbe20631cc6d6693c6a90f356ee70bb28814
jmchandonia_coral;1759b70ed107e236795ee785ab6bebf5f8e48c39
jmchandonia_coral;1772a00ef1e49b349936f964efc7c59cabb55f83
jmchandonia_coral;1772e4115bd8eb6ea100c404e779510f6f0d7ce2
jmchandonia_coral;1788032c7b4818589e6aa1d525f65a4fcae4a782
jmchandonia_coral;178a51e43c72c88bcac8cab6f067fb5609b6fcff
jmchandonia_coral;17a39a428c849cf47d51c7f3488512746ed77046
jmchandonia_coral;17b6cec32d5df294ca0ac0dbe0a0bcb19d855399
jmchandonia_coral;17c4ea5ba7c12f6afd85cd11accba81a04247c03
jmchandonia_coral;17c537739767a914d97dc12b76b1ab17a75c8eaf
jmchandonia_coral;17e4f7635f126adb4721f46b80e6a6cc669323a0
jmchandonia_coral;17e8e588bd9c89694872d3176890f7d23e7ebfe7
jmchandonia_coral;17eeb7f96e851ccf3aa6302d9c1c11acd9bcdcd1
jmchandonia_coral;1827d76df09ce14c211acb54e6c7f3634f1f8ea6
jmchandonia_coral;184daaa267065e99d445394d4dda6883aad19168
jmchandonia_coral;1850842cd782ab0f12a91f2f58ec3ed0d528d336
jmchandonia_coral;1855ce0e410e19a5558223eedd9b2c16f711a2ad
jmchandonia_coral;1861a7f5d28962ef3a93844964474b9df26bdd14
jmchandonia_coral;186bbd2a24d8616beb5ffd4f6c107fe4b52d5d21
jmchandonia_coral;189aa1d9eb8940d91b7d70a1e05828df1208d0b1
jmchandonia_coral;189c4ce616e310123cff852eac724dfe505cf736
jmchandonia_coral;18a86cc50757c01a231844ad6c31ac7daed358ee
jmchandonia_coral;18acf8abb25f8327f919c7de5b3b34d362a1e874
jmchandonia_coral;18b4fa7791ab30f7208ded8fd644d485fb36b363
jmchandonia_coral;18b925a9e05fe2886f22393bae91a149b6207e24
jmchandonia_coral;18ca00c8100798c009c1eb6c05adcd68d1f4f9f1
jmchandonia_coral;18ced8491f6130a7945d22445cd76088514d82d1
jmchandonia_coral;18d31e14ed4998fa61a4b7124373a28c1b489234
jmchandonia_coral;18d56d39605e77dd53ff781241c75005420ae311
jmchandonia_coral;18e83becbca526b80e32b550bd6a5419dd1786dd
jmchandonia_coral;18eb0677042d419d5fd16ad7655314ecb642aff0
jmchandonia_coral;1904f874e649c62aa9ed41b685b2545824a3d201
jmchandonia_coral;190c31c2bd7829ce440d85da02068961ce7618dd
jmchandonia_coral;191f2b93fa11d1b64c2a6829d3b6ea50ce7ad91b
jmchandonia_coral;194b364302a596eb61e29e60faee985a5fb43334
jmchandonia_coral;19573e6bd0faa4fae6d176ed04df8eb6d8693bc9
jmchandonia_coral;195cf804502b271bc71fafa70cd538628bbffcf2
jmchandonia_coral;1967e353160f0dec07e0006a5a141aeb107b21ac
jmchandonia_coral;196d7cb3b44a95e2ff5e5dc9650932bfebc9f318
jmchandonia_coral;197e9ba5f42e23c5dbdfc7249c3f26880baa5432
jmchandonia_coral;19822204dcc3139f8fbe7d63d375f4ed6e64f9af
jmchandonia_coral;199466791ee69c8b141ba36c469b08db88189763
jmchandonia_coral;19ae0dc2508bc6a1b96b29dc67ec727591a6c6b8
jmchandonia_coral;19b4a782fccdc2ebd4180ca8ca7aefad393d6a5f
jmchandonia_coral;19c49a348aea4f28ce04e7df5375e275df26ec41
jmchandonia_coral;19c9d20745d7f08bc1c95abb6e98883b2d0efcd4
jmchandonia_coral;19da37bbe9a9244f496c042a6c93c159606322a7
jmchandonia_coral;19f09c70d12d73a99aa5ae6c9737a426e6771d5f
jmchandonia_coral;1a11ca7eb760de38ba70ab64d7b37098d4143635
jmchandonia_coral;1a1e4a52938837024ea26bee87eb33113d508a3d
jmchandonia_coral;1a227f143f9586899df2ad86008f30fe043606ab
jmchandonia_coral;1a2764087b3fe0408bafaaa000eaab474fb05a20
jmchandonia_coral;1a325b2813a73edde2fbfdc2ce919d8bbe8436c7
jmchandonia_coral;1a4d399d79620cd29a7fcc75853f04fdbce8a651
jmchandonia_coral;1a72a20eb797289150de7b8893cc4a349aa11d2a
jmchandonia_coral;1a7683433a6de99b8e2c1453f0f3c931921f15c1
jmchandonia_coral;1a948edab3308f29514a4830438b9bcc0d56dc47
jmchandonia_coral;1a951343f557b4d17d29c0727902cb9c62d8ffbe
jmchandonia_coral;1aba2d1de1382051b168f04ea25abd5f1f9bb337
jmchandonia_coral;1afb83f1825e477dc1577b859031b8dfadc21a72
jmchandonia_coral;1b04c99ddfd3585cc67b95c503fd6aff06cae8f8
jmchandonia_coral;1b0c5b4c1e9928b886776e055714e6a68fe515f8
jmchandonia_coral;1b1a29ebeec042ce915a032cd75730546b33838a
jmchandonia_coral;1b5e54a8b6b8038e5a9962ab8d0e757a8374e005
jmchandonia_coral;1b63000c7fd9da8d34ad971fa1250eaeac218b66
jmchandonia_coral;1b74782afe8cdb753c61969d9fa76e9de655a732
jmchandonia_coral;1b7ef626f97ed3c1259c28cfba4090ea9664a815
jmchandonia_coral;1ba6e3378312e9679e1cd08e23f52e4b22b3a07f
jmchandonia_coral;1bca16379401706000c8be7ddf423c9440388af4
jmchandonia_coral;1bd8ca0e252b098af50f14d3c9ad37bc78f6da74
jmchandonia_coral;1be145c93309af10222e0d15a56bae59e18a60fe
jmchandonia_coral;1c17bd81a9878c7fc98d6756e8d6ea83bac71421
jmchandonia_coral;1c2734799b3615d28eec91af80419ea4f00df210
jmchandonia_coral;1c3e8b0a39658d856c951e79983632197d8d0315
jmchandonia_coral;1c723f8215f738d7d857f02266b90c86196c9bae
jmchandonia_coral;1c7a8682f9076ec13a652191ce731bc3c2479077
jmchandonia_coral;1c8f042b26bef5d58f88b9452af2c84799862a2e
jmchandonia_coral;1c958c8ba7c559332b6bbd3f99190ee43924730e
jmchandonia_coral;1c9c7dc7274ab3890a7144b21a0332ab30cd2f72
jmchandonia_coral;1cb47adefec95c803b0683109647c787ba1626cc
jmchandonia_coral;1cc9c2c4baa5ccbe20bd65d7dc857ba887addae4
jmchandonia_coral;1cccd802689334dc8df5c5f32b55126056ed38b2
jmchandonia_coral;1cce81836777db8f96bd35cff8632df73bda3617
jmchandonia_coral;1cd6f13edc341019c38b585d6a3ad2850c12d7c1
jmchandonia_coral;1cd870c56a4f45ae9936b64559826963e9364b63
jmchandonia_coral;1ce31b9cb2b0bf5d8c8457340d8a17b7edb3749e
jmchandonia_coral;1cf52400ace16477613cc7d9e212b52b060f6bd3
jmchandonia_coral;1cfc6c3f17430c3b8089188a2efa191d24dfea68
jmchandonia_coral;1d03e6222d344b744e79fff56ca137b69d89504d
jmchandonia_coral;1d0680c5f4a5814271d01329084f2458c66fd472
jmchandonia_coral;1d0fd6a4866228eababbc66ed07ac4994e81ca0a
jmchandonia_coral;1d11d360c4a102da2b72bb24eea437691a4d1bee
jmchandonia_coral;1d16e9af69e10b533c0f58f3c8ad44d86d45292c
jmchandonia_coral;1d30623debb1431f1188b5f282d906df1dcac6d6
jmchandonia_coral;1d33258af8467382f415ff6d409c78b9694cb4fa
jmchandonia_coral;1d65dc9e51268723fd65a705ca579bff5261ad26
jmchandonia_coral;1d832cf0d0ba80c04db1b595adab25b58eaacdd9
jmchandonia_coral;1d8612ce91f86b970a5619c6f96ba208c33ddb1f
jmchandonia_coral;1d8637de18dca38645379057b099a6781be6fe47
jmchandonia_coral;1d90327f18ef72264a53e7cc1372ba72d58f05ac
jmchandonia_coral;1d9a2e8409450f6089c5ffc58002303b2d3d67cc
jmchandonia_coral;1db10fee0fe6cebfbd65e28d069e768f1512fff6
jmchandonia_coral;1dcb0a3ee9c4dd0f8ad731ad64214b817d72d68c
jmchandonia_coral;1df319e90c62cbdbde01b2a239b2deb7047e277e
jmchandonia_coral;1df500de4e5cad2994652cb6e409e074d74fb46e
jmchandonia_coral;1dfd5a5313a728232828dc096f4115e94f2efa0b
jmchandonia_coral;1e121fdfa6845b04032c39bba67ac28a34508908
jmchandonia_coral;1e155cdd3e902c6407208c0754c63a33e0bf9414
jmchandonia_coral;1e3fc6e41a81593d6772e74b7851ba1eecdaad26
jmchandonia_coral;1e4b95d84ee2851f8e228b1dd62e71f10571bd99
jmchandonia_coral;1e56749d50da0571e3e580bdd43b930b96c85dce
jmchandonia_coral;1e6496dd44df1344bd4ec539bee4a37a11906728
jmchandonia_coral;1e736c3f02e66f1a493a06d4858047aa8e62c586
jmchandonia_coral;1e7ae89ccaa8dbe853c33e206fdfeb0b345f0815
jmchandonia_coral;1e847af57d6b9f4962da2bb5b3146ccfac043444
jmchandonia_coral;1e9b0950c1312dd89d40d82ecc878f1a000b97e8
jmchandonia_coral;1e9b737e8e049a41b7def4d1cb52716dfb1518bf
jmchandonia_coral;1ea41bc891f77f7050cd2389f01abd453751b418
jmchandonia_coral;1ea7f3a220771599d8dcc83f81995d4f3e6da461
jmchandonia_coral;1eb835fb393e47d7bf7649c580f80b227b642fcb
jmchandonia_coral;1ebbb2fa1165aee271d79910568c3dd6264647ae
jmchandonia_coral;1ebd44d0cf6b93e47eb0cd6c9a35f2d22dfdfb3c
jmchandonia_coral;1eff35733fcd4ec4ec2347ad48dd99df83fd8739
jmchandonia_coral;1f06a19077b0b268240ac2806c1f215c98dc656f
jmchandonia_coral;1f0f5cc77b66fb3875ea9a89b855f5fe09e97135
jmchandonia_coral;1f27db7cabd198c0dfcf73cada3deff3a86f10ac
jmchandonia_coral;1f31ccd4d7a08bb4271a77a411baa44b451aa295
jmchandonia_coral;1f330f1a1f78218086c78ad82f1e797c29fe6849
jmchandonia_coral;1f3c996da76dd6bbed87ce7f0b4394dbe0910082
jmchandonia_coral;1f6151a6e82039f1376ac45ab5f53f2fe799019e
jmchandonia_coral;1f61ea42fc5847285959a4559365b056edae8d31
jmchandonia_coral;1f70cb11eaeee7da361f04e4f97bc55356f1141a
jmchandonia_coral;1f7bef6dfed80cd93e03525df4be2f0d32203239
jmchandonia_coral;1f88cb5716be2400b820e35aed5a80415909b8c4
jmchandonia_coral;1f99446f5612af12e0af8ec73a871a5ab201770e
jmchandonia_coral;1f9cfef37c37bd07a3d357ba6bbf47bf0a4de94d
jmchandonia_coral;1f9d1ddd7398e01b5b487d770c0673308d236707
jmchandonia_coral;1fb55c5038757be0b000a6879588b9beeb47261d
jmchandonia_coral;1fbdb856f2845307a54c01ed25464e8227baa298
jmchandonia_coral;1fe2f809dd1912173468d01b2fb7dc51338e6d5a
jmchandonia_coral;1fe96bfd279ce779659455d94e63b5f062dcc1ba
jmchandonia_coral;1feeb7b48453cda41c83b37c0dcb8f75e612db06
jmchandonia_coral;20055f1c8f8dc7ace400f2e1da1b7ed9f3015cd9
jmchandonia_coral;200e2328266e07af6f2e67fc8ea70617b14532da
jmchandonia_coral;2010a0d697cfec202e798940d45682f9c3186dff
jmchandonia_coral;2026dab750e8be6e3d8bc04033dccfd86e732b9d
jmchandonia_coral;2027ff403b90d617270eb621de09acf2fdb323dd
jmchandonia_coral;205e80e535783631b170a95621d6c5c2a3d0631f
jmchandonia_coral;206756b501650c31c68448b42b741a186902bee5
jmchandonia_coral;206c0523d036c9e3e5d7fd1c19c87d53051f3c14
jmchandonia_coral;206e6536f70faa23b3ba5d1cd24d29a9fdf92674
jmchandonia_coral;20810569124fcf823ef9870fc919275c3f19d03e
jmchandonia_coral;2095fbd56ae4fe48e1db9d432466395652871d43
jmchandonia_coral;20c44e8b0866fb6489078bd9208478b0dfa0c659
jmchandonia_coral;20f7244bc99835d1148ad3cb18bc237310aae463
jmchandonia_coral;20fa5f0621310e5f1ad789f5e2dba19a26d57b32
jmchandonia_coral;20ff1f20bb015136302795c8a3f678870f6cd32f
jmchandonia_coral;210f62d89857b78592d2693cb99a9cb94a171129
jmchandonia_coral;211fe95d6dbf02a0709504f889cd266bad5c2033
jmchandonia_coral;213babb41e63100595927312c544fe189bda575e
jmchandonia_coral;2149e7ee905d135b34fcc67ff76b6c436e17207d
jmchandonia_coral;215c31b09576cf5d61ed35e9ebbfbfd8959992d1
jmchandonia_coral;215d6e4e37d587e9d8c10a08a1c8cf79aec5acb6
jmchandonia_coral;2162fc860404e4325d8eb72b9d83eccc6b6c5b31
jmchandonia_coral;21633eb5dd72a86c810b026557df2b75df195193
jmchandonia_coral;218b6291ef4802053c0ed86df8e79b478a4f1a2f
jmchandonia_coral;219a12a8605184b50ea95035205519a893b833c3
jmchandonia_coral;21b2ca3f98907bd3985b7c5f949b2c5952ef6b7a
jmchandonia_coral;21ec642f34ee93c8dd2c21ea4ccae1f5bfe37c16
jmchandonia_coral;21fd2d6a4c9fd80afacd3f8412ff7b94177fe945
jmchandonia_coral;2220b40392e5cc1803822f307f4d3fa20adcbe39
jmchandonia_coral;224e83ad8879ebdba2de189f6b7b3033b41e9052
jmchandonia_coral;225b9c8ebd56d481b0144c652a7d69843ab9d0a7
jmchandonia_coral;225df9665944bcbc3e3d7dd710e92fd1bff88821
jmchandonia_coral;2264d08a82895fe6efc7e3624b4f1cd9b35f3ae9
jmchandonia_coral;2284864eaf108c0e6e69d41052890ec860ce6cba
jmchandonia_coral;2294f34d8338089b132f18591d58942c8a22a72f
jmchandonia_coral;22a260ecd47671012d5189fadcbc0f24d7adb32a
jmchandonia_coral;22a39bf76a804fd17af162d260d2e66d771403f2
jmchandonia_coral;22aff91ab03033bf865679be5023e572b650cc80
jmchandonia_coral;22d3a630d857dd81edf31d3acc5b75c5aa8f5f85
jmchandonia_coral;22f6750cc4f6f40db7cd1cb04357661b2c85e13c
jmchandonia_coral;230026082529995306afdb3b06254f9e11c3e42d
jmchandonia_coral;230bfdaea6abe179ecc3b48d0a0696c04009b6c1
jmchandonia_coral;23152f5a7a52d8e1baf17c0867907a54db5aff2a
jmchandonia_coral;2316e639c8429a7a01231b78d9c9973762081213
jmchandonia_coral;231f3a49c47f6d70309fb26b93bf06828b939ae4
jmchandonia_coral;23202ed43e66f9ce77db88027f1aa539d835cfb0
jmchandonia_coral;232105c307c6b75bad9619da09faf4ac8abd83c8
jmchandonia_coral;2329e951bb89e621bff5d7dfa57055194d434d44
jmchandonia_coral;2334a97f17cc1d8f78ae0315be9f292e055e9c0e
jmchandonia_coral;235f30cd3f5b4beb3dbad2c031ed24bf1c7daa26
jmchandonia_coral;238171f95de35daf2b6655d68ed7112341bed026
jmchandonia_coral;23826d75ac54abac48b9054b4523a4e2979901f9
jmchandonia_coral;239d0869e54bb63559a2a9eb9144f79e7643b416
jmchandonia_coral;23b11dd88b63970f3279062f591869cfafb301fd
jmchandonia_coral;23c16ea5f1b6c2dfd950899d9d7b9273425bb2e4
jmchandonia_coral;241976cc00d47237c2ae430a1e4faac7bc616238
jmchandonia_coral;242533d2ad26b10901c90fd20049f7b682ca1a5e
jmchandonia_coral;243f27b04388e4015bcb494effe967a51f254ae3
jmchandonia_coral;244f3d38c2e4a0120475cd7781bec679a62047e6
jmchandonia_coral;245f800f393c9001656e7ea9dbffaa04114991dc
jmchandonia_coral;24623e13e975e44aee9049d5b732e6f9f8305722
jmchandonia_coral;2478fa8cbd9bad729f7473fa509ca35efa048747
jmchandonia_coral;24861d6950099f5a5041003f7072947a877aa14b
jmchandonia_coral;2488d355fbcb0ceae8d1d54caffd4e130c45dfd1
jmchandonia_coral;248afaa04d0aa24bd0717307e4648f49ae945cef
jmchandonia_coral;2497dec00f6c278f6e7359efe1282d65aefb579d
jmchandonia_coral;24a005c90c9058b525655da1511906c214196276
jmchandonia_coral;24a28558f36e1b4b8a50d18d3187c96eaa2e69cf
jmchandonia_coral;24cdfc663f4cc8bf7219defc625f8a7a29ba73cb
jmchandonia_coral;2501543b55382581f117df7d48ee97dcb814cbbe
jmchandonia_coral;25222888f4d657b15fe64aabdb04012cfaa4f4c1
jmchandonia_coral;2531ad811326a095d65b41fffd3ddc8adba62f74
jmchandonia_coral;2552aabe73b2e4eb03c12bd9f60ad2f4d214da00
jmchandonia_coral;25576d2290e3de905561c3dc375cc9992e03cb66
jmchandonia_coral;257bf020a7dbdc184aa97ed6982a1a927e5f1152
jmchandonia_coral;257cab6ee3dd77e56af1861082aa0241b111e2ab
jmchandonia_coral;257e0b55fbc9c2bce15ae0c18b5d42613b1cc8ff
jmchandonia_coral;2598bcfba89fedf6d33e39fb4654ff42316e9e9a
jmchandonia_coral;25a51fa36a845bd670865abd7f9777a717277954
jmchandonia_coral;25b1d193eda8e5163aa9ef686acbd6f2b53957f3
jmchandonia_coral;25f4374f91a95d6c6e207c87cd5f03736b682821
jmchandonia_coral;26074bab1e30f0fb6f664c2f8fd902e95aaf6d88
jmchandonia_coral;26466c9a274f5c2a5c51e6a073b9cd9e1372dd3a
jmchandonia_coral;264729ba3a98b22880f3488253115958c135ce5e
jmchandonia_coral;265ab679d1d5018ccf2b325efd020d8e88242a87
jmchandonia_coral;266dc5418cea1c0c885da6fd71bda9310250cb14
jmchandonia_coral;2674bbc5877bb99cf89fed3edbe92ac450e48dfa
jmchandonia_coral;267ce25905f32ad23a2d31a9f5f9d19c2ea1799a
jmchandonia_coral;26af1afb48c828520f11fee45683c3dc37e03a3e
jmchandonia_coral;26ee263fe08a4f0174250727124e90476b0bfc45
jmchandonia_coral;26f6752c5ae97666bbf0cf6dd47bee89ef0047db
jmchandonia_coral;26fcca4071ced9be233aed6db5b847f9137d94c9
jmchandonia_coral;26fdce59db388bd8eb79204b64042ec733a2d4cc
jmchandonia_coral;270eed05428007d52fee618f6830324351da10ba
jmchandonia_coral;271387a65a423b4d65203a77a004db190f2a3a2c
jmchandonia_coral;2720ec987dbc847ee7a4f350bb4ac010c4f40642
jmchandonia_coral;2734b44e089315feb4594ea5bc0df1e362cb34e0
jmchandonia_coral;274794f09de40d889817ce44726eb7700e7ed035
jmchandonia_coral;275b3a3b9283af669ebba896865f2c3847083d1b
jmchandonia_coral;275ba77241cd154da947d23fbf18054900268358
jmchandonia_coral;27669191ce66d6588914519b9c49baa61f4e44a8
jmchandonia_coral;276e5cb2e968497aec712b84236ca991a7e3f7bc
jmchandonia_coral;2770c9377c5db1e653f2bc3f01f6c80b9d956e48
jmchandonia_coral;2781f521f78d4fbdab90951d2027b7592ded3d6f
jmchandonia_coral;27ad052ee6a1802d020af7487497d927252c6f15
jmchandonia_coral;27bf4d45f10ad29656e00d170daacf4b7d409942
jmchandonia_coral;27c8bc76a003cc5f8afa77c84cbfa01309de0139
jmchandonia_coral;27ccbb7d269b019a5b6c61fa6d583e25a7737c2d
jmchandonia_coral;27dba914f55b367aafbc94fc39d5a390b9e5341e
jmchandonia_coral;27eff1c09ea02fbb3e822f6fb900fcd481a9f22c
jmchandonia_coral;27f8c650f0f05bdcaf71e0f8de1aa1306caea675
jmchandonia_coral;27fa1ef25f39b980f534fa1a9619bca5c15ccf9d
jmchandonia_coral;280348ac0f7c04c7b6f44ef7bcf01441a192975d
jmchandonia_coral;281de6edd2819516c6d84c8c8265221ab7203719
jmchandonia_coral;2821373e74e0e55ab24d160a44718ab1902a039f
jmchandonia_coral;2831b8dbe55769eb8a7cde52d2b388ca0c196312
jmchandonia_coral;28557478f6263584e0fad83ed77b37b74df147d7
jmchandonia_coral;28af259e3b7dacbbaab4792c3865bce3603e8944
jmchandonia_coral;28b407894e5c7281b553a7d7ef6aac5339ccb160
jmchandonia_coral;28bdaab0689ab15a4965beab3f0c10402caddf07
jmchandonia_coral;28ced798a68ec80540624dca99784eedda66b2c2
jmchandonia_coral;28db75297e06bec81f8c78c0b41d1905ccf60e73
jmchandonia_coral;28efc6e972b57b98ff5046989235c910412d0456
jmchandonia_coral;29156eeb58e0671c3752bc820d0b2290ea5d3d4d
jmchandonia_coral;2927d504cf320bb2ac72487d60ada6e61bbaa52c
jmchandonia_coral;293d7b7365a04febd088ee3b4957a47d23b799ef
jmchandonia_coral;2949869797b045ce0e2043fb625a31732a228b57
jmchandonia_coral;29526932f1a0fa24e78e6d2868d1d44656e44bfc
jmchandonia_coral;295667948b43ac641325280ac240b679a26369b3
jmchandonia_coral;298a2e1ec851b42a3accbb23d9b0c06bdfcc7e64
jmchandonia_coral;2996f47fd624ebd65f61248cd9a6ac6763704ce6
jmchandonia_coral;29a4485c34d72e15f2799101e3a3ad2462f3fd39
jmchandonia_coral;29a5a090aab31303f402ba11343b5736ea8ccac6
jmchandonia_coral;29b1f35997b8ca4f5c894d169c8c56d1d01a38e2
jmchandonia_coral;29bdd711a54443775deac19405ef8188759a392f
jmchandonia_coral;29d7da9407a79bd9089dafd71c139fd52c83360d
jmchandonia_coral;2a224b9028a870aa22634d9847e6ec6a4672dd0f
jmchandonia_coral;2a254dc9000e80fcd4dff42bed83b440125409cd
jmchandonia_coral;2a4f9154fa8a425d620df9e46918bf95ac12b318
jmchandonia_coral;2a5d52e6f658579da87eddcefe45cfe77bcae116
jmchandonia_coral;2a70ca0b513582582d88c089776fff2f58647870
jmchandonia_coral;2a71ff4772a39f6d0a68e9a8d45bd6f86bf0af61
jmchandonia_coral;2a8293d37a5741392eeb8f11edb039618783365f
jmchandonia_coral;2a9e45aef1a6e2960bc98b15e790cc77ad2cbd5d
jmchandonia_coral;2aad6a289e435870c860929660962bf2950f5c13
jmchandonia_coral;2ab0fdd6cf3bae6add0729bedacd02da2c49ea31
jmchandonia_coral;2ab5f129973946da6c2e1d6e127cb21b55c747a1
jmchandonia_coral;2ad2b8bd870ef4fba623f4d96b013d1ad7c249ef
jmchandonia_coral;2b127a8cbe1d6a1815356c3b7268a765f42bbc88
jmchandonia_coral;2b271e044719244542c71c48b2d3005374e5f535
jmchandonia_coral;2b3233f1be2a5f78a9236ba1d2c4ea212e0ea42a
jmchandonia_coral;2b3ee21c92d301a716d8da2ee74799948fe0d99b
jmchandonia_coral;2b4192634c6b8ad1f6737ee36ff6c4a83a5922f3
jmchandonia_coral;2b5574d55f9fff5901d0aea5e7bac29a79184644
jmchandonia_coral;2b75d419ec70b63270bb72bfccdb344a19c6c75a
jmchandonia_coral;2b7784cae2f62e52d82b0a332d166a8f1db41995
jmchandonia_coral;2b87e565e51bd7a4ac7fd44bfa42fed5b72b6021
jmchandonia_coral;2b8c1329eab78e90c5a9a0206e0938953112d272
jmchandonia_coral;2b8ff141eb9442761db7b786a5de02ddeaf2a1b2
jmchandonia_coral;2ba2ff1b6bc21d4da0b053dc8cdfd1c8a63cdc72
jmchandonia_coral;2bd0b7a477e24a8a9a0b7b5627ffcb35f24568f8
jmchandonia_coral;2bfc116dad9a5f48a72f996da51881a664a41095
jmchandonia_coral;2c01e67f92fd9c0ea4c705f6b75f5314bb25e0a7
jmchandonia_coral;2c1b25d9711be1d319ac6b552a7277d4bc1c49d9
jmchandonia_coral;2c1c2719147bb45d3c10d4b13a25182816e94681
jmchandonia_coral;2c324436a23c3e8188e60ae1a93889117ea750bd
jmchandonia_coral;2c32df8a89caf55d74023c9cc047c1d545c3580f
jmchandonia_coral;2c791f0bb217362e20450b11c9c8e0a2de33b781
jmchandonia_coral;2c8168298eff2222ea638986b110a8d71f2cba10
jmchandonia_coral;2cbca9433728708b406dedd9b68fa93345babde7
jmchandonia_coral;2cde538ef4458ee0d48ff0338bd7063713282bd3
jmchandonia_coral;2d136e51d12cbc08a3cb781118e4ccfa2bff695e
jmchandonia_coral;2d29a87d318bacbfacc19aa02fecf76327771c4b
jmchandonia_coral;2d3325e12bfeece32dff0e5e61af559f45a580ff
jmchandonia_coral;2d3f29b923fc9975ef10bbed35a99e1e943b0850
jmchandonia_coral;2d47997ca7c8d6ab05f11fa731871b1c7b31cfa6
jmchandonia_coral;2d610bada87755f858cf739ea22746f237ff590d
jmchandonia_coral;2d97837a27762c44663ad4ab41aecf56e5227555
jmchandonia_coral;2d9ff508450ac3e391751c2ed85484a30faaa4e3
jmchandonia_coral;2da9fb072f917d240b3e9f3077b1d9dcaebef9e8
jmchandonia_coral;2dab2b2e1bedbd772da8c7104d1dcd8c92af640b
jmchandonia_coral;2db2bda0f02c46e269a19edfbbe2f24b4534f988
jmchandonia_coral;2dd31fc92a5a08d0e9bfe9fdbc68ce726aad401f
jmchandonia_coral;2dd96f8c1ef48fac097250700f18f3a26a97a6ee
jmchandonia_coral;2de8a10a14a63d2c9e9190d0034988cbcbe5266c
jmchandonia_coral;2e0dbb3b0a3875f71caf23b41cba632052085db0
jmchandonia_coral;2e2b7fa932b53b0f0005cd14c5d9831ee6c68cf0
jmchandonia_coral;2e4879e7176ad4bc0bf690f80e2ecfa52e4c9b29
jmchandonia_coral;2e512cddb0189630603851d438fff643378d3207
jmchandonia_coral;2e5a83bb6aced43b0c4fe8f3cb198617de467f06
jmchandonia_coral;2ea9abcfff6fba0943f37616feaca30d7e801d87
jmchandonia_coral;2f03d153a29fc67b7165bc443b34f5943835ed0f
jmchandonia_coral;2f3def70b3a90d007666d1be01e9efc6e9b6e47d
jmchandonia_coral;2f413e7c486c800892154feddd7171628a0f558d
jmchandonia_coral;2f70bfc1f103adfe09049ee8500ffbe4e7829edd
jmchandonia_coral;2f772a3657643ef2e74f902b38399967445a3ff1
jmchandonia_coral;2f8629d79a2c8713710e30225dab80a6de488c76
jmchandonia_coral;2fa6cc55c0e610dcb9751b1cda07b66b244ef7b9
jmchandonia_coral;2fad54e4ea388d6031b5f5c245304f45dcd30036
jmchandonia_coral;2fb59f47b45578afc3359068954bae6aa1b9adbc
jmchandonia_coral;2fd317c020446d5e4c3490ab8a7e20128df74f5d
jmchandonia_coral;2fd9f9fd64c7edce55ac29d3b549a9a5bbd18982
jmchandonia_coral;2feab881cdea40d0f20ad05ffad52fd3a57fc983
jmchandonia_coral;2ff9375652b9a968af0a28a0d5c1ea7999e08be3
jmchandonia_coral;3008a9b2e45a3191b9f868efa00e8db44e66cf51
jmchandonia_coral;30146d619d77e35209a01456e4c9c7a922099e0c
jmchandonia_coral;3021b76c0da06681125500b49b1098924adc170c
jmchandonia_coral;30220c18dbcbe90160e5d3afcc4eaa02ab9b4d3e
jmchandonia_coral;305783d079cf638d02828260db89c5e931d9c214
jmchandonia_coral;305c6ea370c1d2ce9144947a82a52c95a56221e4
jmchandonia_coral;305decbaa1da72df48f6270fdf9b7dc136c7f2a3
jmchandonia_coral;306a80beba9d6aeb38acc86112b9555d435c559a
jmchandonia_coral;3071d0b8a13ebe61a1b142c6944d73436279b1bf
jmchandonia_coral;3096693643456a4e1480ef23c6f787736479cdec
jmchandonia_coral;30af94b7c3d24f08ad97f114461275446852db57
jmchandonia_coral;30b03eda5a918fa7da93904d1595b902bd363aab
jmchandonia_coral;30bb41e0d0036fcb5ca17fcc7ff501bd1dbd898e
jmchandonia_coral;30c53cdb07c41be82c567f9397ffae46b27bef58
jmchandonia_coral;30c9d5880e00344108a09489376c1a0376d19d0f
jmchandonia_coral;30d1b5b6758455e4f9ef78548e695e0605785b69
jmchandonia_coral;30e1da53705dc51a11a1eff02e809c475895338b
jmchandonia_coral;30e76f342d1e6a3a01eebf33f90aecc30f6363ec
jmchandonia_coral;30eb33fb0227b3251c2f5b60534ede5e034a90ca
jmchandonia_coral;3112ce44728599b965db567187516d37e0aa1dfa
jmchandonia_coral;311a15ad142b094817926dff0dfad71fa1655bb0
jmchandonia_coral;312b33bfd6d046de7d05083f28a827377f115b3d
jmchandonia_coral;313a5dff008b542b9b40e7967610bef45a6ffeb7
jmchandonia_coral;3148f0e7467e3df073ce0173754e6332838c48cc
jmchandonia_coral;314e2a2fdda9c81098afeea3a14ca0d945bfb613
jmchandonia_coral;315443b39f3fbd5b38fdd6f220521f2fa689fb8f
jmchandonia_coral;316562db5d5eecca51604746aaee7d139dfc2a5c
jmchandonia_coral;31790e257edf73cb396a1f400599781b0b5a3715
jmchandonia_coral;318f330cca7b2c80c79217091801c22c46d89f5e
jmchandonia_coral;3199748ae29f6aa03a2586723d87f3f246080453
jmchandonia_coral;31a4d71bccb1030be8639f9d3c97eb6a89701580
jmchandonia_coral;31b20f2cfcfaca5265b343b5d0cbea034e2dd1ef
jmchandonia_coral;31bb100253a1adede4e4f3f8f4af6987d5d4695a
jmchandonia_coral;31bc146885d67d0392a8775f102d81e43f63b057
jmchandonia_coral;31c3c8db275a59b221d98857919841aeb9568354
jmchandonia_coral;31c78933b88c8239d7df41881a54ab9225c4920e
jmchandonia_coral;31dc46e9bd25f3cff99d8902452ef7ffc20a540f
jmchandonia_coral;31fb06819c44c3c7e24ed96ec5f4ef1aee58c823
jmchandonia_coral;32003c10c988bbc48a035a16148c8842f4048995
jmchandonia_coral;321f81c7f339d81929e5401dd2347d9e3948388a
jmchandonia_coral;322a2388c36b0626bfe9d5c9cd5082266245d8f5
jmchandonia_coral;324f010c3542a81fffb2c29c3307925257d11b41
jmchandonia_coral;325af68bd840291637aba4e04bacd923f8d94165
jmchandonia_coral;325afa4e6e75528fbecd6cffb381da3ab14e1623
jmchandonia_coral;326256e954141094969ede0585479a0d0fa099e4
jmchandonia_coral;32741557120c989c188d3c3ef6a95599e982a24d
jmchandonia_coral;3278567d8d557ffec2f547d41de8828125457668
jmchandonia_coral;328ee8e2cb00fbf3b358e10eb49a2e401dd5da28
jmchandonia_coral;3290d56f59c7a3d3a27035225a70e469c46d5bb7
jmchandonia_coral;32ac4dd7989ab8b3194dc1cbe839bb1b46cbeadb
jmchandonia_coral;32c208929100a5f0a0740255c82f7d6a506f1ba7
jmchandonia_coral;32ccecd1d57598c5f711d645ba269563a3895635
jmchandonia_coral;32d6958c51b21d14ccfb2a11af3c04ba65093922
jmchandonia_coral;331866b017f84a8f569d90a30b186f8fa1f3bc86
jmchandonia_coral;332fef599788477661efbc26618c4024b272d887
jmchandonia_coral;3335b1cab7028b0b55efa978590ec25bdc14d410
jmchandonia_coral;3345f9e85aaa553b2af62a26dab6714eb0211ac6
jmchandonia_coral;336025eba0a4b6dba1df91b2c2cbc05ede5e16fd
jmchandonia_coral;33905c59b7a8d47f2f661587c2f92eeea8b3e8fd
jmchandonia_coral;3395dee01b25c6332249fff4f8f7034084ce3e2f
jmchandonia_coral;33a9b18510533946eb1cead9cf57701e116e3aac
jmchandonia_coral;33c5a9104af5b1c6d4954c5577f55a58554841a2
jmchandonia_coral;33d0b7d4aa712b3d92b514d4a8e024e3bf4c4f8b
jmchandonia_coral;33d62b1952299b2285ab3e95c90f6f2316d48fb9
jmchandonia_coral;33dfaca221472b55471b0f75f2c011de12a84721
jmchandonia_coral;33ecbe6c0051106385ddc9e7717fb5bd2624ac8a
jmchandonia_coral;33fc2959a23f6203d94bc5fbb64b4eb090e4757f
jmchandonia_coral;340fd174d542a249a8a2cad79e0fcaef954c333b
jmchandonia_coral;3413730302c28091c78629ad2ac2ea1035728327
jmchandonia_coral;341b410a66e2207fda558c05a9905299857460db
jmchandonia_coral;34265d8541de4a013e73c3db0a31e5ca260cfd3f
jmchandonia_coral;34284bfbc9f9e31fc54ed0822ad0d9be573dac67
jmchandonia_coral;34379b5a5e8d99ec384cbedfe6ac618c33c64f14
jmchandonia_coral;347742ea28dbc55fe0f02a18c18afbdf27a9dd52
jmchandonia_coral;3491c2a246b72aa4d4bf5031d2d352d0decf7b7c
jmchandonia_coral;34ad5a92e32df46485154e1976f3091f661879bb
jmchandonia_coral;34b1e323192ee5744748bbf5f2f55ac795712fbc
jmchandonia_coral;34b8129b4997abb15aaf068c1f4a946b849128a3
jmchandonia_coral;34cee3d4da4e466510d37f9c9260ac7c48b9f3d0
jmchandonia_coral;34d311da0767c3973effd045b6680b4044696787
jmchandonia_coral;34d4f7fbc314add5d54792c0ef73864ea6e82aaa
jmchandonia_coral;34ec3f377f538ae81744bc2416cdbdc97d7a0010
jmchandonia_coral;35090d205d6edf06d449b6de7eb297f6ef0ed4bd
jmchandonia_coral;3510c977d634e83c9fe7643fc1dc08ef56f6e8df
jmchandonia_coral;3531caa72e6a166eefe0c18a141ac3974da0a2fd
jmchandonia_coral;35338192469f5bbfaed05fe6a92133b5f8145dab
jmchandonia_coral;35457c47c14276e2765a18d1c35326ee1a52db8e
jmchandonia_coral;354ffeffc55a3607ccbed4f52668d129f4584524
jmchandonia_coral;355be18b4234d885d30af0b87fbd9929ee8c3d51
jmchandonia_coral;356c32ad1a4ebd835536527ac48378b994cc9f00
jmchandonia_coral;3573bcbb69f8fc3f4afa5f3df4e3f1d0f0895eb8
jmchandonia_coral;358ba0705632ee56a87917f807ffd482d4826dbe
jmchandonia_coral;359c9e3d19aaeb9133c5ccf82ec593c5961666a7
jmchandonia_coral;35c58dd1c34a44dc94c2398f0e34eb4786bd5790
jmchandonia_coral;35d01b5a93d38ad1bfba416229ece4780f6d87b2
jmchandonia_coral;35de6f90aa00332fd260702050556460686ce899
jmchandonia_coral;35f00fe336864d53cf71f112b9211917bbb68f3a
jmchandonia_coral;35fc02fb2006fb6e6734f7c269cb25489ca1afa2
jmchandonia_coral;3638c7d33d3f54a189e0dabf322c6f4aa9d49add
jmchandonia_coral;36538dea58c0a69dd9bd5fc9b5e015352e1cf8c7
jmchandonia_coral;3658feabb94d69391fa063fded93ed2f5f3671f4
jmchandonia_coral;3661f2db74b7e90a4a72901bfd38356a8696a705
jmchandonia_coral;367fb9ae931454e70c9c9cc2de866f42e081408d
jmchandonia_coral;3694ed9823fff3dafef54ae0069fc8e2cdc38bd6
jmchandonia_coral;36a5bbb8c14b31a06c9d01ac3949ecfc8371bdd2
jmchandonia_coral;36b06e914ba4b4a726acdae6f22421e646fe96e6
jmchandonia_coral;36c148ef5e8dbc8b64a82f40916bc1b5acb72b9c
jmchandonia_coral;36c68937c87aafff52058045fc8e691c5a0ea400
jmchandonia_coral;36c96068d099d84e651aa935d45ca9b250a29318
jmchandonia_coral;36d0ad6f79a767123b1718d2e17a30c90b085b53
jmchandonia_coral;36d1c3980592d618543e6ec27c571a9ba987f233
jmchandonia_coral;36d642efcb2b385c8bef348930c5fa688f74c455
jmchandonia_coral;36de950fd55c58fbbcc8e993d8eb35adc7dc73b6
jmchandonia_coral;36e7b76b9a00949ea6da158ff6c8a7919663c74f
jmchandonia_coral;3701caa08176382521cd908f295f20eec18d4606
jmchandonia_coral;37239f61f6267456abe75dbe16e988d10f3d9973
jmchandonia_coral;37390a98f630e6a750bd69b87bfc81d7ad8e2c5b
jmchandonia_coral;3749aad351d89a0a0a37a4f8ce0184baeaccdad9
jmchandonia_coral;37528edecc639ee9ef9152ba614a311e5d43fb7e
jmchandonia_coral;37567d56d7ffe5e29ed8e8f5cb32c94719bf0cfe
jmchandonia_coral;375aee8a6251f5a6424b6c7c52be03bef4a4d756
jmchandonia_coral;376b40197994e731f17e8d9af4b992f8773983bf
jmchandonia_coral;376b6b2a4ddb00f6391b6179ff9fc188a00c3bdd
jmchandonia_coral;37819135301e6677c177e7a26ed7419de6a5ed27
jmchandonia_coral;37a5535ebfc0ffdbe5ed4118fedcc013cb04e4c7
jmchandonia_coral;37aab5e276579d26b011863bc91400076cc43bf3
jmchandonia_coral;37bde9f8f6a4774f70a2ba712bfb3f0f7d9423a2
jmchandonia_coral;37e00ca480e5e2cf4f91babbcd437f3bfff0c69a
jmchandonia_coral;37e01fac84698897f86184ca1e823922769f6a6d
jmchandonia_coral;37e3ac4f891801cc3e2ddf3f91f0a48c6b6ed5c7
jmchandonia_coral;37e429f6a8833d242dc2cad3aa5ecbc896f8b34c
jmchandonia_coral;37e717ed1731da54940af034c5817ca883c1eaa3
jmchandonia_coral;38016e50f7dfda2076bc601ea3de2edf2f61c1a5
jmchandonia_coral;38093d27b7fcac5111469ce41174187f39d4ea5e
jmchandonia_coral;3813908dd766cabcc24b9869627638254c705d2c
jmchandonia_coral;382edcb032b9f4e683bb88d3abac8cbe65d9cdab
jmchandonia_coral;384c07aa65a7c1942911aeb06e894b61426eb7d7
jmchandonia_coral;384d6d1400cdc20a3b94d16051eb2a8540ead5f9
jmchandonia_coral;3854b07b20ef089071a187ab342936cad3804c40
jmchandonia_coral;3856fc1a04aa688752233e88bfd93fa33d3924d7
jmchandonia_coral;38596fc9b1648c6a1b505d20b020000f7fad3e76
jmchandonia_coral;3859bc99f50670646fa14bb6683663086f971b65
jmchandonia_coral;38733cdc946fe6730f150f3aa0ffe6cae47e4948
jmchandonia_coral;3877313d391b5a55984c16f03049cd8c12976fc8
jmchandonia_coral;38a87d20ba403549cd1692ad32cd0da6bb903141
jmchandonia_coral;38a9f24f4bb26a30841e81cb9659b274837e9cea
jmchandonia_coral;38aacc45ce7acb8bf8f14764196efcbf70471b68
jmchandonia_coral;38b1809834b28f693f569ecc6f35b9d95890f59d
jmchandonia_coral;38c382877b978ba2f6610f8cb6716430276ce4b5
jmchandonia_coral;38e836b89e533357f1d2d32f076a4d4736e46195
jmchandonia_coral;38f5e72b80d86dc1744a012b150846f133566206
jmchandonia_coral;390b109518d8d77b4070f5cba07d0c70a1f13114
jmchandonia_coral;391d69c0131a6349e82b69313b9fbd71d186c02b
jmchandonia_coral;3929807f4666036ae342111896905aeb49966103
jmchandonia_coral;392ab2c4bdf9c281f95c8196648be831c3422726
jmchandonia_coral;3932c4b7963af3c23d69d2e3886b638f167f9f3d
jmchandonia_coral;39330d55a0102429df2817fc09b27da14bcf5d46
jmchandonia_coral;395876b9cfd93b6ec70c78370b4f28920f3a83bb
jmchandonia_coral;396b62c103f0ef1337cbdadcdfbe6f6da915127f
jmchandonia_coral;397fc8b55b33c42dd1033508ae61312d32098eb8
jmchandonia_coral;398d099901bd239e43ead99d17c9960fc00716d2
jmchandonia_coral;39a42315c7c57af20b263298f337c340040b9651
jmchandonia_coral;39b2dd404cd3827abb383dbf3504c8d4ddf0c170
jmchandonia_coral;39b51eb253f49bfe5381d8070227429e32bcaf10
jmchandonia_coral;39b56151fde3d05292b2b82c634287cbf98c2126
jmchandonia_coral;39b59a92d261ad865666ef2b47f941b9e3fd5475
jmchandonia_coral;39b92dd44c90cf94079779f170c2963a3a449fc5
jmchandonia_coral;39d210ef099cb4228d283df08f9a664db28c556c
jmchandonia_coral;39dc32cb3c4850a5d16ce32aba70f4d14c1f68d1
jmchandonia_coral;3a1951f03afdb303111a798f9974b1996e0c43df
jmchandonia_coral;3a1daa33759800c35ce8bcf8134d9d1b847cfe7d
jmchandonia_coral;3a1ec83282c25e11a7d1201606be82e9df171b46
jmchandonia_coral;3a2335bb30d8d64b4bcf0800530dd4e3cd935ca3
jmchandonia_coral;3a2be4c3e60ec909eb2ae5b0725994d0c043abcb
jmchandonia_coral;3a45aaf3f5b8ab7866f04f0f34c18efbc4065b07
jmchandonia_coral;3a5a16757512dacc51b57ff9cbbf6c7442e7531e
jmchandonia_coral;3a6676c76d5f9163d63346eff5dd35b080f501b7
jmchandonia_coral;3a6e721cf3d6a3d4e346a89e2c51faa4e081a04a
jmchandonia_coral;3aaed890bc44e0218601f26a7389f9c088d368c1
jmchandonia_coral;3ab17c2bb796c1a0c41613b8b5f090c382619a39
jmchandonia_coral;3acbc03ad2b9988e9a1030e9999a4844a30eabb5
jmchandonia_coral;3ad9807b4a5660a0532a7bab600572a1eaa1d8a8
jmchandonia_coral;3af2b4837b10a8b74da5868c71a19029cc492894
jmchandonia_coral;3af65e9906f6bc2de78f1a5a4bcdf84559677b68
jmchandonia_coral;3b01eb2d9dac7f84d4872fc86d90e2678c733e34
jmchandonia_coral;3b1e73eb03d400b3efdad377c5e51de63526b61b
jmchandonia_coral;3b1ecf23576d518aa66666dc928d8dc10a9dcf6c
jmchandonia_coral;3b1fb91e1056d0e67193874a05a79024086c463b
jmchandonia_coral;3b24558ecca57b48b22b4ce7a11732ae67a98087
jmchandonia_coral;3b3ce8d6642bd9634b7efdd19c18475c43083783
jmchandonia_coral;3b3e5e011e6a76590008191ddf106e1d379d6831
jmchandonia_coral;3b44c68153afad25592c9659e604ffbcaa00dc61
jmchandonia_coral;3b68389c7db68e3c341ccc044541603178564630
jmchandonia_coral;3b7384a7e26cfa1cd0dfee36a6a05ad2f084cfd7
jmchandonia_coral;3b826b816e395958c30c5176ac15dbaf476b18e0
jmchandonia_coral;3b8d70b94c09beb05dcd5dfcd05a76689fcf14f9
jmchandonia_coral;3b9815c7a9f2760ef5a4f07b26ba940a217cbbd8
jmchandonia_coral;3ba662194b19db1de3c568133be211db82338ce8
jmchandonia_coral;3baa7a8d0731b5f36eb226c90e5f55b24246e9de
jmchandonia_coral;3bb42760d59936f51de3bafb9b6e98a72950d78b
jmchandonia_coral;3bbe135baa95378797fe0fc13adea816d1377c05
jmchandonia_coral;3bc4df5e7286e665c854ca93e71b27c43af6e946
jmchandonia_coral;3bc7137b5fc18f39015ef64eee3af93b14a76921
jmchandonia_coral;3bd77e51f25e70129547fd7196b3e18d77b1a454
jmchandonia_coral;3bfec50d17060cb143b8c8856ca1b7aaf6ffb83f
jmchandonia_coral;3c1443d9f7666d6a9e1e0b434ac2dd640cf9b2e6
jmchandonia_coral;3c3b278d06bde9d209726199f9d14fedbb8d9b60
jmchandonia_coral;3c3e83f3745ea813385cf80a8c34d3229211437d
jmchandonia_coral;3c85c394b79b7d2d3b4048ba322d0b4eb0badc07
jmchandonia_coral;3c8bf298662ddb2e6720410f9d759de2128aa3f9
jmchandonia_coral;3cbe8db0a283c2f2e64861066f3a5ddd0c5908f1
jmchandonia_coral;3ccce04189222ec946955c773c4e894ab39e42b0
jmchandonia_coral;3ccf34b5782dbcef14dccf79124730b6f26bbbd1
jmchandonia_coral;3ccfbec8e222ed6a4f36285985278efe16e5f07f
jmchandonia_coral;3cd323494c8ca8cdb4fab40c615bd959e8bb21ff
jmchandonia_coral;3ce358f11142e97a684151e493a129689845e279
jmchandonia_coral;3ce5a2bac5a2d91db398bc249ad918c43405d369
jmchandonia_coral;3d02a6f556698721d6adf3c1e3a1d47dfda92583
jmchandonia_coral;3d042b93a8b58eff6f7f74b7a7d8a4ec6a7165c5
jmchandonia_coral;3d08c43ec01cceaaeca908ab3d38618e26e9aa21
jmchandonia_coral;3d09a01419e53c09bce1604f43e3e2d6aed97cdb
jmchandonia_coral;3d627394c9164d1971575cdaaedfe58447090375
jmchandonia_coral;3d65fed899e9f6293c6b5affda40be30fb924ae1
jmchandonia_coral;3d7cf6c9ec84051901b966e592da93338776e74d
jmchandonia_coral;3d8deeea6773c58723378f1e3e2a139cf89c2107
jmchandonia_coral;3da25a2222417fafc9aa3e0c1b7b38477f4323c3
jmchandonia_coral;3da6a68094dc9089c3f5f0dd9494133076dfeb6a
jmchandonia_coral;3daaf5cd68f39a6e68ffe5306076638113f8b33a
jmchandonia_coral;3db02f500974fb330a90292f4c089eeb6bc5ba39
jmchandonia_coral;3dcf7948aa64df50f2ec0174eaec5f154309f59f
jmchandonia_coral;3dea7e653a91074919d20f9fd59587b7d61e01f6
jmchandonia_coral;3e06623147f2846d95f1ff16ade6b82823231001
jmchandonia_coral;3e085394cd6cfb26b55df371c5b60e55e8756434
jmchandonia_coral;3e2c364b438d71c9ccf722e47e8413b6ecf96c38
jmchandonia_coral;3e462142159cd98e413020e4f8e88a04cd4b4b25
jmchandonia_coral;3e6564bd2a054a95b911211ed58156d2bdfdb12b
jmchandonia_coral;3e67ed08b5d818f67d15980fd75d7efec8921a50
jmchandonia_coral;3e6afe3f0c322817e8fce43cab19d04a4c3ad471
jmchandonia_coral;3e782a3faa0c71d33ccd5a358c8c064b87d51228
jmchandonia_coral;3e7b13e8239af995c16fc3785856c4c4667fae40
jmchandonia_coral;3e813d394bc12e0568dd0f0ab243584ab2ab28ac
jmchandonia_coral;3eca56c4bb7c5fd7b4b00d9efe329571f207c415
jmchandonia_coral;3efa216e981c49a31a74141070ee5161306c1a0e
jmchandonia_coral;3f2cbcbb70b689e4ad74348ad3855b3b1ff1bb19
jmchandonia_coral;3f3f1fd8095a42096d4ca259c58c97c77d10fa0b
jmchandonia_coral;3f40a9075899a3bd1a82a5a67173bd037b44f697
jmchandonia_coral;3f4a63d97eefc4e90aa1666c15178ab93d28ef12
jmchandonia_coral;3f5b72bcf77f8fb200540254c026192e3ae3b6fc
jmchandonia_coral;3f8009014d70c5b452b3b1fde7f40be04ac9e26d
jmchandonia_coral;3f9779309c479f9c9ace0c4ffffcf26f3e8cfc6f
jmchandonia_coral;3f997ae25d10890d1376dc30528b5668ff91b7d6
jmchandonia_coral;3fbddeb11c0d805f0adb0f0bc389bb1d9c87bd43
jmchandonia_coral;3fca017a602aa471636af96acfa605e4e7bb09eb
jmchandonia_coral;3fd6d89634b6a08b4356189fae2145e27ec69f56
jmchandonia_coral;3fe88aab30377aed34586b629b5c6719e5237cf2
jmchandonia_coral;3fee5b5eea98f3c7e241a096dda5caeaf162c195
jmchandonia_coral;3fef69fdca7b664fc01d358f99520b4848bf1578
jmchandonia_coral;3ff004bcacac5d3db4ed6899c219328dd4df4889
jmchandonia_coral;3ff535e4107036938b1c0723637c7eed2dcaa28b
jmchandonia_coral;4000a746d3298c212e7725c5480d5e0e39d0746f
jmchandonia_coral;4019e8d55aef335ed7e1f96a9c5d8b2ceb0df0ae
jmchandonia_coral;401a0dcf5fead3211c4512a06da761dc43b14178
jmchandonia_coral;401dfc98ac1bdb20c5a9d05a3243a60fdf2b4f8f
jmchandonia_coral;401f0d9e92c63d2c46d1e287a20fad7b666432f4
jmchandonia_coral;4039b5774db9774806b45501d3edd90db9a40a38
jmchandonia_coral;4039b5aabec7a2c1bd107d762a7752c4ee7eb644
jmchandonia_coral;404d4a70192bb7270f9d54f17be8e43005d03af8
jmchandonia_coral;405b72740c96fa6292e32e454dcb2991f911729a
jmchandonia_coral;407381ed4291110cb7b5ec72feb47bafd3c63efc
jmchandonia_coral;408ba44e08559c708a1d0a437ea9221147d084f0
jmchandonia_coral;40a98edf1df135fcbb83474e6b87fd3ce4ab1e0f
jmchandonia_coral;40ac8b385ce56ec4ea923d66fa25d7cc68e6a1a1
jmchandonia_coral;40ad290ec16854528a1b9694fb773f4ab5d370f6
jmchandonia_coral;40b9fa7d84660db7fc8c7b72de7869a266480214
jmchandonia_coral;40bafdf359ce5c4802a4058d355483b621d0ca5a
jmchandonia_coral;40bc3aaaab5c992f47543315533e2aef4197bcd4
jmchandonia_coral;40c6bd163c75cba5938bfbbe157048191e6af330
jmchandonia_coral;40cc3869c0230e0741751eeea665bbbfce09596e
jmchandonia_coral;40dfd4cc512609dd16c0d7b0745ee8acf3a7305f
jmchandonia_coral;40eb5322e270bd903f03135df0711ae5cc8eb427
jmchandonia_coral;40f4a9448bb91175dfabda795eb381a52e8a93be
jmchandonia_coral;40f67bed65555c9211ad37db48ab74b48d9f5bfc
jmchandonia_coral;40fca46691b6bdc6f9ada1012ff6e2549f55f463
jmchandonia_coral;410efe57e6d7f14ef723be46adf4e9cd528b0190
jmchandonia_coral;41291374b047803f4a5486355de371c0d76ccf7b
jmchandonia_coral;4153d0ca585f54aa888e8997d2c9a1b87ba0fde5
jmchandonia_coral;415bc950f932142a66c3c8985cbdd13bcfdbf990
jmchandonia_coral;415f5369081755203057a890e765e90930c3a5f7
jmchandonia_coral;416024c3b4013ce46b7d8d5eb1b2214e9c9e4397
jmchandonia_coral;416cbb924527756546e79243f329e43e777bb2a6
jmchandonia_coral;41710ef04e730c485bdca8094c632ecaaec86635
jmchandonia_coral;4184f22a9619317fa76765666ca5f3df1d4c66de
jmchandonia_coral;41889d3eceb075e614290c916b66fc721f7fec68
jmchandonia_coral;4189ff9004ec9372792de10ec15422140b23b900
jmchandonia_coral;418cbce951cd87d07ffd419b63bd8ac88862fcb4
jmchandonia_coral;41d0fd8b1a856253a4c176228a4d28199822dc3d
jmchandonia_coral;41d2dee5ffb0244ec7c60cf8b2ff04d368e27d2c
jmchandonia_coral;41e3aaa4377c86a459a832b67fa21df0e927c2ac
jmchandonia_coral;41f2039e531d8e17eb777995f57236443845b440
jmchandonia_coral;42297beb074d3e37f4cc2bf4d6801ffd68e5cc92
jmchandonia_coral;423fadd087218e674a650d1f96d4924def419017
jmchandonia_coral;4259a0a1f84c0c491c0e303f204b51cd940a3542
jmchandonia_coral;426a3bd05902743961e3462ed77b8acf3e58284a
jmchandonia_coral;42797150ba2fc823f98082bb4ae05005c658a70c
jmchandonia_coral;42946f79b791027cbe4bfa65380771d15dfb38b0
jmchandonia_coral;42a6c049418dfb219d1feef11f7e26c41e4a0c72
jmchandonia_coral;42b40a76cfac72673d53479a7794a72446a4fb9c
jmchandonia_coral;42be8d9890c13ce3c24ad976baffaa18c675272d
jmchandonia_coral;42d2d5a7ed55ca469e72e37c25e35107edf31bd8
jmchandonia_coral;42e094a75a12ae41b759c6a17b95446e8504168e
jmchandonia_coral;42ed27ab2cc9889a2e46bade3ebdc3129b1eb8d8
jmchandonia_coral;42fa58a66596a50d3559a1d94b6b3a102ecc638d
jmchandonia_coral;43046ca5e96bc85d322b6b15b8dfd2c654c121b4
jmchandonia_coral;432669535a818547c63c3c81d314c928972fe709
jmchandonia_coral;432e2f91a0c17073ace9ff07a08860830e3f2276
jmchandonia_coral;434ebc8226f273dee9e8e75cbdb8857b5febafda
jmchandonia_coral;435c58c6b210ef391663c9b487e5d03932df79c9
jmchandonia_coral;436005b4c2bf6e80796ee148964dd687b4da3d87
jmchandonia_coral;438ae4281156f47c46313f4dc5a3ee9042192aea
jmchandonia_coral;439c0d47010a06b7471560e499bb8bfac42637a2
jmchandonia_coral;43ba73a368cb238ecdb61daeaa74636072f73347
jmchandonia_coral;43c22b9770ca95c6e4f185ee6fa1ebf8a6f6851b
jmchandonia_coral;43cbe6685715217af8a3aff540fee388614ec226
jmchandonia_coral;43cd39b79f13520a999e968714e9d9c7bf01d28f
jmchandonia_coral;43e72f9e320a304b98493193edf044a225e203fe
jmchandonia_coral;43ec73038bf83f78ba66699cb514aacc56815e5e
jmchandonia_coral;43ee0a9c9f6121ba37d9e420cf10c25f98654d46
jmchandonia_coral;43fee0bfa148fc702f9269fb0acfc64e80c38c53
jmchandonia_coral;44387f5a39fa26f83b3623be25761be673304369
jmchandonia_coral;444499b73fb87b3d2238ed7f86cb367bc7a3167e
jmchandonia_coral;44462e015036963c3ffacde7aa7fdf77d7ca3279
jmchandonia_coral;444ce70bc9e53fa85d2d6fc010f9138c647ac2c0
jmchandonia_coral;444eef0db9a76dba33232f36f204366c6a62852b
jmchandonia_coral;445495851393e68bae687fbe2376475721c9f11c
jmchandonia_coral;448cf51be98aa3b0600db90ec2d44ffe81e902ed
jmchandonia_coral;449cdbd601ef8d743bcd7ef97546bfcb8e8e8d02
jmchandonia_coral;44a068dcd7e121318d237fb6665085e7bf200719
jmchandonia_coral;44ac42a9b3ce4613fe1b1e723705a6f14995f58d
jmchandonia_coral;44ae45469aa773d65c7ee4e0ff13236ae774c125
jmchandonia_coral;44b8bd104bba204ee6b874b7a8e796883a5394ac
jmchandonia_coral;44bf495f390def1feb2f2355f82d3e63015bd9b6
jmchandonia_coral;44d88875459b7b9e1905cabbde62f3d0faaac63e
jmchandonia_coral;44e50d5691505520e7616080b8807dd6a3fcd06f
jmchandonia_coral;44ea30408a159199f2cc81071292b88ce4043cad
jmchandonia_coral;44eb231ab041676d0e3e623af3d6ebc922a88d02
jmchandonia_coral;451e6420a77569fb0b16860473af537e8012de8d
jmchandonia_coral;452574b5df05854b18beed73058b9b4bd9b3a59e
jmchandonia_coral;454b8d24fa729ab1b4479d7fc42ec10397a28bdc
jmchandonia_coral;4555cbd79ced3f7282ffd1d44171632143972f67
jmchandonia_coral;45784ce24fc99a928ea0ae35e7ef84506c1cb6a2
jmchandonia_coral;458876273fb4c989223d9613f0375d52b1081134
jmchandonia_coral;459385a1636812bdeb431a36dac2eba5c0757a77
jmchandonia_coral;45a3b05a7c53c95afcbd1f85af6bc0d32840ddba
jmchandonia_coral;45a5144cba8a67e6d3758de714ecaa57ccfb9cf0
jmchandonia_coral;45c14fed19379cceebe5359bbc1da7699ec831cf
jmchandonia_coral;45d06e99675e8d121bef31d90f623f2335b1135e
jmchandonia_coral;45e8ba060adb7094839013310f96525c00c15ee5
jmchandonia_coral;45effeb34c4fa1765b32895133b04a8c472548d6
jmchandonia_coral;46074efaac015e8d3d8bce8cde1d715097c3bd3c
jmchandonia_coral;461103daad14b348eae41266f40bbe8d730e0e96
jmchandonia_coral;461c37facb4072393a4318a761ddddfe777362cc
jmchandonia_coral;4623b1a97505213d6c5ddfa318a83603046cafd7
jmchandonia_coral;462a5726ca58db8e269f9421e58ad1003df9f997
jmchandonia_coral;46362dec73cc85945cfcc7d921ed971dc2b6be24
jmchandonia_coral;4640db0691f6d38799d061f0b2b00862cfcc0faf
jmchandonia_coral;4646f4a68ffea9f9187e5571304d959e8b95870c
jmchandonia_coral;4647cccbb04147606405e81fbb4e67104cf54d3c
jmchandonia_coral;464d13870f1e4b988fa99fe6a58d8b326752832b
jmchandonia_coral;464fddd0ba58c37754e018763547a16653165da9
jmchandonia_coral;46580372a5b883f1322bca5f264abacb6ce30912
jmchandonia_coral;465f9b50b2739bd9079ef5abeee5f491814e0e3f
jmchandonia_coral;4661ad79d45526468032e412b7d3e82afeaf67a9
jmchandonia_coral;46672b5481b17d98cc73267e52087df4a9fc6c49
jmchandonia_coral;469f204d18e51f56781d926f8a8fe87ac13911f1
jmchandonia_coral;46a6a6f586eedef9cc248a03f15dac0e3f515184
jmchandonia_coral;46ab93071072a6fb4ed122c490c44884d2693383
jmchandonia_coral;46b9b9810518bed1b32518606f02af24dd4c02ae
jmchandonia_coral;46bd16e7efb5ffb9240a1486e163a4cf894acb05
jmchandonia_coral;46d3a828683584c5cf41f831b9f12a1a9fc39443
jmchandonia_coral;46dce5e12b598c2ee98eab5c149ffc9569f0875e
jmchandonia_coral;46f946be3d1aa75ef24bb550df139ca905f9e94d
jmchandonia_coral;46ffdc40519644aa33ff40e44e0a73432ba0ebae
jmchandonia_coral;470ea8204cca9c9166146f6c8575bcbd84e0036a
jmchandonia_coral;472ee34fa889ff35c485f714b68df3583f6ac284
jmchandonia_coral;4734500820c124d40600c8ac0179f7cce742eac3
jmchandonia_coral;475b6e5691b88a6393c539c93df2cb54028f3f24
jmchandonia_coral;475f7383589b213e8c7e53afcfb7820d91cc0b59
jmchandonia_coral;476535d80b55c192d198c8ae93ca7f69e76d4237
jmchandonia_coral;477338a85367b8870f24ee9ab8d681e6c2678817
jmchandonia_coral;477ec49b24ed243e7726a921f20be412380775ee
jmchandonia_coral;47b105530ad34db659bc032f786287a1f6f576a5
jmchandonia_coral;47bbbee7168b3efb5dbdb98c3478aef3a51b27d3
jmchandonia_coral;47c4e6eb7f47329ddccda50a6b6a02a54e7d36d5
jmchandonia_coral;47c7494293b674b31b0553abb9355f3d72d960d3
jmchandonia_coral;47cef489d9d4703e0507ac3733f07e9704ea8f02
jmchandonia_coral;47d0985a88dc343c377813ac977894bee9082b50
jmchandonia_coral;47ede45c0cbaf6d3b3b1c3b80c25684b926a45f5
jmchandonia_coral;47f01f113ae912eabc6e38bfa018945e6d21f323
jmchandonia_coral;47f0b1ca356afba03f5adf5b8bd14326932f58e9
jmchandonia_coral;47ff4f3c0d6f53ec28df53205a4d7ae25e3c1c34
jmchandonia_coral;480242f1890e1102558c27fd83583f4f288c76d5
jmchandonia_coral;4808ca437607969d9c56eaf1aedeab46f8025c59
jmchandonia_coral;481ce88cb4a2c3a4b75e32abb07aee79358fc5ed
jmchandonia_coral;481cf69e2a8b55d964f2082cf7e7a4931b916e86
jmchandonia_coral;4831c4f0fb039419a10879ca6f85dcbe694a5746
jmchandonia_coral;4832e7fc82eba6960e62ea8fffb6ba5b6b7f099d
jmchandonia_coral;48471cdc171598eb25c265a8e5f46b188eeb2038
jmchandonia_coral;485820c5a287058b0b937472b1993dc2b24ab329
jmchandonia_coral;486392141f4b0de66bbd703bfa011a2c9f5fe08e
jmchandonia_coral;487a60fca059603c057862c7cb1c8b36827cc184
jmchandonia_coral;488609390b152c57f528c82903fb881d8a1ef044
jmchandonia_coral;48916f4e32cc4ab214f25f9c1329b11569913fbe
jmchandonia_coral;489c23393236ed85760cc4df98a0df694f31827d
jmchandonia_coral;48b3bdf22d086eac70822d1164adc45794f2a6c7
jmchandonia_coral;48b5dd7bc83b6849f20be2e83ee1fbf5c55424e7
jmchandonia_coral;48e1bf66c478ddaae05ddfb3e9b2d0c909bb484d
jmchandonia_coral;49060c1a8f97a501931150037d7b98edb00a8917
jmchandonia_coral;49078ba13d1ece3f4a1ebcf8a780d1d4b1ba1b2b
jmchandonia_coral;491929f549da4b322f03d47a2d4a293e21f10c27
jmchandonia_coral;492fed0c1d59f9c76ef5369873748b24813fb685
jmchandonia_coral;493563891e69f6aae77ec3f8860b1186298f4a97
jmchandonia_coral;4951470044e59804f85ad80934afeb07bc34b521
jmchandonia_coral;495d68371cb4085c6689aa37807e604ef6d8b5db
jmchandonia_coral;495ea8438aac28d991758337b1d46121945b6e33
jmchandonia_coral;4976bfca463003b4074a20898f98dc66105d76e7
jmchandonia_coral;4988cc66687a7555b2ec620bb89ae9ad986a0da3
jmchandonia_coral;498d1fa02d375721451f9bcfe690fa5feac89702
jmchandonia_coral;49a0413cee3cb991d0c7a8dae6e599ff2dfbf1b3
jmchandonia_coral;49a08a3ae83b0a984b24156b8973a2652f241768
jmchandonia_coral;49af24338f527b31d9556ff5c4e1df00e3bf7d07
jmchandonia_coral;49b48770fca4bd52f5004d6660f82c7709a2be44
jmchandonia_coral;49bc76ed2c96c8894b30e39423037cd44e2db506
jmchandonia_coral;49be866183a885acb9a6b482d77d056548dd1fff
jmchandonia_coral;49ca5a3dfad1cc4e28fabbeb546118214d0a31a8
jmchandonia_coral;49d426ac55fcafbab3ff2a3279431cd9e37eb722
jmchandonia_coral;49d50f7d6bc7e83e8a9bdf6c65fafb3404dc5610
jmchandonia_coral;49db70dfaa40d9f49ee71c5094b5b90232834656
jmchandonia_coral;49f10a8eb636d2d377d340f6d7ad2296918283ab
jmchandonia_coral;49fc0b0d511a14afdebea813075231aded52cc60
jmchandonia_coral;49fff43cf30071617a90d618421d6adf183dea12
jmchandonia_coral;4a072a3da48350b0129e191f3db4148fba66c790
jmchandonia_coral;4a18c00f13f6b2b31bb3cd48128a7e60ab76d04b
jmchandonia_coral;4a1e28d6699441f6bb14ae39846ddea9b99f94e8
jmchandonia_coral;4a2ffdff25feda459335574284efd9143ca939cd
jmchandonia_coral;4a33605b4f8f1c7d91934126f2958475b433590c
jmchandonia_coral;4a3ccec08a78b1700e8de42a57a16359e178d8e8
jmchandonia_coral;4a441761e65a69312df6ea8013172b9fc68c74ac
jmchandonia_coral;4a633f784d51a7462e3ad0e6224ecf0bfcade6d2
jmchandonia_coral;4a65e6ffca6a29ab7533ad25042f558811418611
jmchandonia_coral;4a80e8b1284ba657c5f43752fe70e2d2d09c8cc0
jmchandonia_coral;4accb9ad65f631e3514329af8f23f4cff7ef93a2
jmchandonia_coral;4aeefd5a79d18374faa4170958a11ddc10298834
jmchandonia_coral;4b13f177cc8b54e08438a70754565d5bb0066b80
jmchandonia_coral;4b1631e6dc6b485b8cabee893027aa06722685e3
jmchandonia_coral;4b1e0f3919d1efd67e1d51d1b7420cea4498eacf
jmchandonia_coral;4b2471a2c7d9796ae2f1fefa5eac186d2b1fcf30
jmchandonia_coral;4b30e08b3b724486457a095153b848006ec4ae82
jmchandonia_coral;4b3597ec0e56a858b2f3c79de8f719e627eacb10
jmchandonia_coral;4b3ae55f41bd21b9a63ec1c5b827cb2f48e8c09a
jmchandonia_coral;4b3fa3854b8cdc62be396e441885f010af0ce7e2
jmchandonia_coral;4b41d513128fa1841d3ea8bc604158342e11648c
jmchandonia_coral;4b7d4187a2e4db9fc76f87ccdca3831a6b144314
jmchandonia_coral;4ba510d9d26a7addc2cbe1dcb8ce4af43d8ceb2f
jmchandonia_coral;4ba5fd77acdb09a590171eb2ea738a6b4a180deb
jmchandonia_coral;4bb3d0e9c05e5f0bc903f50f19be7b7567210655
jmchandonia_coral;4bbfae397d072b0162db11780b141cb0336e6c50
jmchandonia_coral;4bc460b3b14405c1b8fb38b9517ba6a1fb40b0a9
jmchandonia_coral;4bc56995f1f6da4c7bfd1439f5bc1b8dea26eba9
jmchandonia_coral;4bc5a8d2751a8f911ff0b02d3b7f91014d86a62e
jmchandonia_coral;4bdee60182c80f1430de0174a017e16c543b8830
jmchandonia_coral;4c0ba2b4ee2f8067e431919e3dea720e4076af60
jmchandonia_coral;4c0e276df80beea7da262de0b2c434a6b8874553
jmchandonia_coral;4c1d0fad6ddc77a80b81aa4145ed25c2b78f0f93
jmchandonia_coral;4c3274be2ff06ed9aea7750b52715e12c126d611
jmchandonia_coral;4c363ceb2b1d50fe255b3bbdfbaaf12a59d7ee3a
jmchandonia_coral;4c44fa7f7b3a8119f8ed9daea39217ccbe94d816
jmchandonia_coral;4c48ad4019528d88ad0c54fc4bdc37e2700dd979
jmchandonia_coral;4c6966ed140e7c2fa7ccbd63116d5c88a73ff1b2
jmchandonia_coral;4c72e225fe956c6095b672cb678306b54aaaa141
jmchandonia_coral;4c76d894f7c9b728bb69f2684e9938ecfd27a446
jmchandonia_coral;4c7e896da85d8cc03d23872fc540180e6d58e6b6
jmchandonia_coral;4c89033067628eee6993c61c4347fdee7c5016b0
jmchandonia_coral;4ca09d37b7bb0237b09109243d4bc485c2f77c1a
jmchandonia_coral;4ca2793f5b3bfdef3f781795e9cbe644e7ce87bb
jmchandonia_coral;4ca615b1e6d676cf58b8f2fd30ba4a4d02f650ea
jmchandonia_coral;4cecae3c346a1e6b671b41a44bd8304a64f6b8e0
jmchandonia_coral;4cee5ee6828b9ec03667a450e87558f96fa1f34e
jmchandonia_coral;4cf4b9103fc760b7aa7e97cc10ec5a4d18adf30a
jmchandonia_coral;4d083393b8d608abf37183ccc060fc07beb8b7aa
jmchandonia_coral;4d0c6ff5194ed0bbe4f76bb9d2c9ca8df051e469
jmchandonia_coral;4d22c8afcb221338a44a623fd9cc630baef4aa1b
jmchandonia_coral;4d3db7117f664f3f7f84e0fab68d09beb4ddb97a
jmchandonia_coral;4d7815f9eb688fe85123d63996f77cfa52d87ff4
jmchandonia_coral;4d83145f73df247587b769d29af11285f90fcae7
jmchandonia_coral;4da0bbe9c2d6bbe4e5b2f6662270993d44d4183f
jmchandonia_coral;4db903add2cb4a527659cbd51577b0ab010894d3
jmchandonia_coral;4db90e3c345da6e312981d0b888172a4215b5cf0
jmchandonia_coral;4dbba3788ba7430b43854fbc44c08f79f260e3c5
jmchandonia_coral;4dcc5be85d0ff28dbd5848c16ed7c6a66824c374
jmchandonia_coral;4ddd2481c74705557273f8d5efde4c7d450c8ee6
jmchandonia_coral;4dec2a39891f9516fe22a43d5bd2545f09a14088
jmchandonia_coral;4e03582c210087a9bc1c67d3abcc685391fbd6a9
jmchandonia_coral;4e1427ec88cec3ed1668fdd6c9499e7595eab34c
jmchandonia_coral;4e1a79aedca2a7d19953fbe62dbc6783abf7bf1c
jmchandonia_coral;4e25e9841c6502bcf71d7f39e06e516f83323dfd
jmchandonia_coral;4e3d9b69a625f5f6eebed766f346979e8134fa8f
jmchandonia_coral;4e43440ee95f647f8aca6fa5f68cd6627a1a3a35
jmchandonia_coral;4e474adaeeaf139d93f2c8f911d480a2c4fa718a
jmchandonia_coral;4e580a2a3120bb574ec4f996e33b7bd4679b4ff5
jmchandonia_coral;4e60cf9247a4374012745e5165da3cb24389982d
jmchandonia_coral;4e779caf36430cf19f4ba8ec13da5d5cc6cecfa1
jmchandonia_coral;4e793bb10f8174d3c05f23ace525e1fd84cb50d0
jmchandonia_coral;4e7f4509d9b246c78f92d22dcd24802d686fb796
jmchandonia_coral;4eac79c645ec6fc5ef20457d5add082dd48414d6
jmchandonia_coral;4eb4bd7c562c4163906e9d820793974f71fdf907
jmchandonia_coral;4ebc77c599bb8d1936d3048d087bd9e69a6964e8
jmchandonia_coral;4ec26628e982757290af44ff727115c3abe4fee1
jmchandonia_coral;4ec5baf4942f6f8f152d059140b71fafa0ba2975
jmchandonia_coral;4ec6309ae03cfa51ba96a7c751dafb69f2b63a60
jmchandonia_coral;4ed0870c9afe93021ec17558220678e5b16316bf
jmchandonia_coral;4eda53efe47a40e1bcce623261c6f274fa132506
jmchandonia_coral;4edca3011bc1b91068c083530f0685b1216679e4
jmchandonia_coral;4eddb534881877800f2409f9f09ec15ed6766c53
jmchandonia_coral;4ee3304bd023931c83d29ba3046f6881f76c39de
jmchandonia_coral;4ee454f8aaa07c467feac597e0a38203f78ea1b7
jmchandonia_coral;4ee50fa118047cd64b878e9377c12d783cd258c3
jmchandonia_coral;4f201191136c1aa25c8214a8f9ca52f1e577e102
jmchandonia_coral;4f24c2ab67b9de7fd18583c431230a03f112942c
jmchandonia_coral;4f37dcd2e912baa3e05bbd0a802a9366e22fe52b
jmchandonia_coral;4f46df6d8558de9fc58c4a186d15dcc2df51c9ed
jmchandonia_coral;4f4e9cf9104ad2657abe1bef2740e13c1320fae2
jmchandonia_coral;4f70085091d2b29cb0569fcd98f948fbf80d7618
jmchandonia_coral;4f7f40a4c22451c2cfa2140b92af3954ba30ebad
jmchandonia_coral;4f9a3e1e17de7793f4c1571d7ee5ff12636fe212
jmchandonia_coral;4fbb33f279b0e09a6b39724d4d40199609348f29
jmchandonia_coral;4fbbbb62cae8d1e8825d915e27c3e4415bc61028
jmchandonia_coral;4fc469a9b67fa38274df0bc5e97917a3148d0303
jmchandonia_coral;4fcf0fee040cc7ea572f6aa422a7a441ff4d7653
jmchandonia_coral;4feead4ec2a3cf4b6f90bbd546324c8f866e7744
jmchandonia_coral;4ff485b5de0de5040c6da3d49eaedf89fb7bcef6
jmchandonia_coral;500d1796b6ea0ae65e9883892eb7983779180949
jmchandonia_coral;502177306035ede0af52338cfcecc35730269cb8
jmchandonia_coral;5039b824fd2ec087cbb5592ae6bb41c29ff569a2
jmchandonia_coral;503ced6e664773a43fb4d7b2938765613c8ce8d6
jmchandonia_coral;50450ba80d2f5f196ada6a55192313a3b7ed6172
jmchandonia_coral;508c25ed088c773cd1913f329b96fcaff17d165b
jmchandonia_coral;5095d5abd07a43d6773069391a7e669059f922ec
jmchandonia_coral;50b3a8297699f88289a127c30f55c9235cddabb5
jmchandonia_coral;50b63540b48d1558f69d7b0e4a9c50ed5191ae31
jmchandonia_coral;50c2a0bdd6b47bc54b1b56b0ea7cd799df459ed0
jmchandonia_coral;50cac2698a53adb8db5697b33031652154dcb51d
jmchandonia_coral;50d35178d487e3fa67f9a3c06277620fd9320cd4
jmchandonia_coral;50d5819ed8dbfa7efc7c55ac13e1814bfb621b17
jmchandonia_coral;50d74ee1c2eecaf5c59ec725548679e0ac6cf05b
jmchandonia_coral;50df4f887d879820a310210a2abbe433dbcad263
jmchandonia_coral;50f6829f6bf8e15bd03f8c98df72e18eaba84b1a
jmchandonia_coral;5140d158d2cea866fb01c1dc2efb7968a0ee1dc2
jmchandonia_coral;5150935b14c77184f966f41fa5fa92a344ac49d1
jmchandonia_coral;5155d9f8dd3141c0ca0f85a60a0eeee8972c6a03
jmchandonia_coral;51758702d81b094f63effa10b7878def01a04416
jmchandonia_coral;51792175962b237b577bea736a1ad4bc51b96eba
jmchandonia_coral;517f2f85afed014ae763120a4d11be516f64452f
jmchandonia_coral;518206c220c420d2ad1d7785d4766fa777360451
jmchandonia_coral;518fa912faacd52fdc9b54aeea8a7a918708ceb9
jmchandonia_coral;519e00eab540e1cd4694ce92744ab6aecc714236
jmchandonia_coral;51a5b4e69fcdedefe5b49d3e491eebdf3ca93e67
jmchandonia_coral;51bc3ca1ede1442401d3271fa9e341d83b2eada2
jmchandonia_coral;51bcd0432acfa0c516416b4f2e4285d1715292f5
jmchandonia_coral;51d284608246cf036f9a7cfdc5518da804a42fd3
jmchandonia_coral;51d4193f57c86d7af4b9e7f5352b3131aaff9b9c
jmchandonia_coral;51d57d41fabc62e12968d0da6911607558a39d4c
jmchandonia_coral;51e5ea68e57670c5f5c717fea6847f23245e8f8d
jmchandonia_coral;51f12f1604f7f8ab1da1876a1095dcd9bdc22fb3
jmchandonia_coral;5212bcd115fd5cdc05f63487ba9abd740307a446
jmchandonia_coral;5216a77d742f2aab754eba79114866ac67d67a29
jmchandonia_coral;523108528aad97341c4beb9005802ad0e9fde0ea
jmchandonia_coral;52329c5606981f5f0fd2e478759f2858c04c153d
jmchandonia_coral;523bd3f60f385b8d7917131b8f6950d6d3e53ae9
jmchandonia_coral;524a66884368dca70eb515bb7f02137668bbb939
jmchandonia_coral;525234ea53e68994daf4e488088a1e043a6afe5a
jmchandonia_coral;5281f2c35faa96fdbef0f635c1b11601e4362818
jmchandonia_coral;5285315aa55664c5c425b08c484b146564dab711
jmchandonia_coral;528f8cda6e74886d5756e7985eb3e1ccb19e553b
jmchandonia_coral;52ca23014479755b8f2ea38eea02eac8fbfee536
jmchandonia_coral;52cd95b13f3f00469076d85ac691fcad62aad3d2
jmchandonia_coral;52eb24bfb1d050d748239d347ebbc751d5d1c0ad
jmchandonia_coral;52f37ffb52c5c57d2361c24b7913d35a8b6b0ebd
jmchandonia_coral;5306573409beaa280ece1f6bdd26d9a7a6ae8fa9
jmchandonia_coral;53146c69aa0ee5233f577fb6da6c76c7670cd8d5
jmchandonia_coral;5330d1237674f217543bdc6cde6be9b6ca50edcd
jmchandonia_coral;533b9daa9af9804f21dd190d1dc1f362e64cb433
jmchandonia_coral;533f48e10a8f9a787268095e7ed11c0c5747c5f7
jmchandonia_coral;534352b6a00acc9c275ba8f7077e146c2ee94848
jmchandonia_coral;5346a6ab129df1574039fe129accf0a81f937b31
jmchandonia_coral;5349ef119815957d783def7a2cfae3d3edd1429a
jmchandonia_coral;534f3de71c2f72e45e320fa53da370685b062fca
jmchandonia_coral;5356bac8a74039b15fa8df09eb3f1fac87768b47
jmchandonia_coral;5356ec28929629e3a7f0cdcdbddb3e55a1ec3cec
jmchandonia_coral;535f11bb934ef9ce259374fcc244afd5cc67b21f
jmchandonia_coral;5361778c2055dc6a7e624709d53ad6a0ae19fd9f
jmchandonia_coral;5369c70ade79da12ac6bfba19195cc0132034884
jmchandonia_coral;5395fb5d971c4a843a4c9f78fa3e7304ea3c1260
jmchandonia_coral;53b71673dc7811f6dda8fd96877370ebb670be35
jmchandonia_coral;53cf6fdeec40f3e6082c226c5e758a1e0400e9b9
jmchandonia_coral;53ebf8bda433bd2d265040c9cd2b651a405a3ba7
jmchandonia_coral;540cfb479d998a03c78229307347a8b24e7fdeb8
jmchandonia_coral;544de031a1a5cdf4b38c66696a02a065dfc4a070
jmchandonia_coral;5473d9cb0a74d3419111e81379527a7c334518e9
jmchandonia_coral;547e4ca07b7d193e25e7bafe839a72c99c2e55d0
jmchandonia_coral;548ee00c34287d1d5210626c6912c17eb2ce3f82
jmchandonia_coral;549e7cc0f637ca5950d7b0bf350e91b717860d14
jmchandonia_coral;55055661ceb4c92a4bac49cbdb4b6e67710025f3
jmchandonia_coral;551235e7e890f8e4db3f614cb82aab70def48d19
jmchandonia_coral;5527669a390d75aec473fed3689e2d00084d9e8e
jmchandonia_coral;552cfd50740c4b3c66eb2dc70325db6aad9314e6
jmchandonia_coral;554f01e9e811c2be64fe5602d1a59eb264884366
jmchandonia_coral;55523b986ea1ab8fd50bc1b1a9cca43e89e84d5d
jmchandonia_coral;5573b6228d00f68daa2c9c1925d2d2973a6d4830
jmchandonia_coral;557537ddbd7af67ae02ba207daddfb7200785316
jmchandonia_coral;557dee7065c23dd72f928c80cd6fc49dc38b516f
jmchandonia_coral;5582153c46a9a7daa24a575e6b08112443dd3bac
jmchandonia_coral;5588284d8ef1ea852bac98adc03011da2af29101
jmchandonia_coral;55b8856ebc381b3e39d34b062b10f3586d6bf2bf
jmchandonia_coral;55e0baa498c248ad3a793b23b987d744af760760
jmchandonia_coral;55e16067c411a4f7b3f07dbb7939b352b20fd9a9
jmchandonia_coral;55ead3e28b1f5ad55bb680af614eaa945fb46396
jmchandonia_coral;55ee444ee2ba369ce0bb00133d4a260f6abebf5b
jmchandonia_coral;55ef422dff517521ebdd142a69bd755122fa9ed8
jmchandonia_coral;55f31d388034f12c7a578fd578053fd7cc08bcdd
jmchandonia_coral;561245b25582250d6ddd56404f627c46109bdd42
jmchandonia_coral;563c6ba3594a66e0d4c0f34a19f7df99cbd27ea7
jmchandonia_coral;565c5a4f1c4680ac821ea8b5fe7a2e2fbf2fe469
jmchandonia_coral;56629ef7aab1e150076f19e1a8ebbdb48baaa5f4
jmchandonia_coral;56661588d2722984af327044792abbe4c15b4974
jmchandonia_coral;5668c41048e861fd430ce612642174e418165694
jmchandonia_coral;566de541d035cf9f853ecd00b0b13313826862a4
jmchandonia_coral;568d9aca04dc1e259734831ec728bb434595fd35
jmchandonia_coral;5694181386e620e20f60b83e5129206e76563e3c
jmchandonia_coral;56992dc9275ec0ee603b6c20b41ad2fd99060262
jmchandonia_coral;56a072a77e4c197d315d4928fc43e90f88948c16
jmchandonia_coral;56af290124d2b512cb101f7ae42da733ca6b6d87
jmchandonia_coral;56c0bd125f193be6705a8934036ad835addf0063
jmchandonia_coral;56c2611e89fd86fe0f5fed8e71396161fd31587d
jmchandonia_coral;56c274b7606a9cc10ab1b93fe2d86fb2dd3d5ff6
jmchandonia_coral;56c77bccb93f986191d65943f5e14c4a8ca611ff
jmchandonia_coral;56d93cde3513a1cc30829f1e0d2b8c55be53f0d8
jmchandonia_coral;56eceed76cc45315b0710437b181c61ba80c02b7
jmchandonia_coral;56f0bb195d9d14475c22929984c0abcf732492ca
jmchandonia_coral;56fdcd82ab9afdfeb724900259e41003058fbde3
jmchandonia_coral;5702bb62eec75086735aa28059f05baa24bb861c
jmchandonia_coral;5718f0d941d982c01b512a735f7fcb87bb9bb6bb
jmchandonia_coral;5728f9754ade08aca10f681d0697599a7c680fd0
jmchandonia_coral;572d3053ff8160a95a43a4525b04ce7df1d4c14c
jmchandonia_coral;5738c356cc80659da29608cf5a1c10791e7747c1
jmchandonia_coral;574eb2ad05f67b590f701a2c459e1f09f99a5e73
jmchandonia_coral;574f61405cf0d3a69e0d0bb6b592d8d442a6f104
jmchandonia_coral;575e26c3808ea9fedf808d996b8e252b67dda64d
jmchandonia_coral;5764a558f3d50edb0a3a295210bdadf1d721f801
jmchandonia_coral;5768359bb0be9bbb02c3bc74f3638e1c65cb19e7
jmchandonia_coral;5770b21feb3779f39549e309218173e5aa5e2cb0
jmchandonia_coral;5779ec71fa42b91675e4de0f6732f677c9c61856
jmchandonia_coral;578168b9b8c6bb8e8244efb5939e4e166b8e7424
jmchandonia_coral;57850bbb9e60d0211e980582ab34baefa51fa467
jmchandonia_coral;5794fae9a6496b79613d055e961e2d482599edf4
jmchandonia_coral;579d8e2ec49d49f81127655738f3bff0c2330675
jmchandonia_coral;57b3feef91532ca033e27fa9b8794b96e9488ffb
jmchandonia_coral;57b5b0ab57269f8e99227134a51c5ef397bde686
jmchandonia_coral;57bacdedb63380c174c4699071004e67e4ab5bf8
jmchandonia_coral;57c0533d1acd7eabeb07a7162c5ea7b32bcd2d97
jmchandonia_coral;57c24fe8efab21627347e7e09fa4175c73414014
jmchandonia_coral;57c6fc431e2b5ee82e2151702f698b432dfc5e7c
jmchandonia_coral;57c7ccbbf39cb345cf974cac9f2f8db1499e7901
jmchandonia_coral;57e1d966c7ab85d674e8dd4d27df84155d91cfee
jmchandonia_coral;57f5a14612bfaa7b3539ef130284c6e791d971a5
jmchandonia_coral;57fb35cfa87bb263af19073c55fbf7dfe007357c
jmchandonia_coral;57ff7f10ce8f5c98ab1a7399dd3588c78387374b
jmchandonia_coral;58194dc1b0afc5639cce438a741bd1ac9dabb90c
jmchandonia_coral;583029ade4ed7f7af6f7f1b959caa7fb4a05b26a
jmchandonia_coral;5841b280ed6aa7119bf06e00f21c86944122dce7
jmchandonia_coral;58557681d712709f1469e2b2882d1ffb9717d9ab
jmchandonia_coral;585661ae5223d4426f8daff9700bab8f8f180aa6
jmchandonia_coral;5857deeb4e40ec95897a2d60f7fb54bd88f564d3
jmchandonia_coral;585a955ad4c26ad5311068786ebf96b08cb35aed
jmchandonia_coral;587507ca68cc55108a2e7b6b97e546f94953d50a
jmchandonia_coral;5875dafe1baaac2a67841b9e3fe447297f5f07ee
jmchandonia_coral;58982b4d19e07fd1343594c62dafd5dba560950b
jmchandonia_coral;58bfd03e43de3b02702a31e8406ae75c72fe7c33
jmchandonia_coral;58c18f95acf68488a285c7cfa54e0e4ce7f61b98
jmchandonia_coral;58c77bd7a6534faec474622aac0a3ccbbc50344d
jmchandonia_coral;58d7747def42c138f43bcc0cbd92611cc815730c
jmchandonia_coral;58d8ee920dd3e7a154cd8ad8e479f1ae27bb984c
jmchandonia_coral;58dfaf86b88912a5b1f63c7398f71625f8132523
jmchandonia_coral;5906b763e342035163508daf42d983f82e2de1e0
jmchandonia_coral;591a74b5fa6114d1545172432fe4da8312963e88
jmchandonia_coral;5924cc2dd1c3755240b733fa8295f9dd62b73bd0
jmchandonia_coral;592877674ab5fb0922ebdc03fdca0abc2d54d32c
jmchandonia_coral;594931643b8d2f613d36274bf5bc0ed25eb28dbb
jmchandonia_coral;594fc15f7883e62484df9dde147682c05a93713e
jmchandonia_coral;595061c1d5d7d33f650cf5ba5588e05e392c69de
jmchandonia_coral;59514aefb2ec3e3375f9a452e21979f7e9872a86
jmchandonia_coral;598f7e99317d071b87396fd15206a47e39214da0
jmchandonia_coral;59a244c5810cc08e5b846b9230761fd8c94f8798
jmchandonia_coral;59a67b0b7d77eda73ecd4bff988b4d67a724a0ff
jmchandonia_coral;59aa8861535287c52d24ab8fba0536df0fe99c07
jmchandonia_coral;59bc0beb1479b8a9fa2273785f25f160bddb766c
jmchandonia_coral;59bf2746529569a891689cd4e0de0c38a65f9db5
jmchandonia_coral;59d72b2c95c851b43356277bd598b9d18e42f2f3
jmchandonia_coral;59da6b536fb28d7ee150bdec17d2d4d24f4075af
jmchandonia_coral;59dbba28f0582aaf80d643abe1144d70e07098ca
jmchandonia_coral;59e0b82de6985417b68f2f54f690a6cbfac8b245
jmchandonia_coral;59e0d8bae31a1029135097d32e3656341278b3ca
jmchandonia_coral;5a039156307edc4d6f677e839fc4f5a339c4a031
jmchandonia_coral;5a08a56faab366ffc885cc68815965a264e82392
jmchandonia_coral;5a0ab49602897315edff01ca460aa16437015bd5
jmchandonia_coral;5a18f5e01fc36e40179fb88919ec065baeccae99
jmchandonia_coral;5a2a39a7f0343ba78a7fe384bab1ca598f9e7ceb
jmchandonia_coral;5a3b6d976080e6ea19cfdecd0c38382a90dc7659
jmchandonia_coral;5a4496a17646809d71e6c759cfd28745205ae40d
jmchandonia_coral;5a711774016f853b128cb8875337d4c0e7c16e4d
jmchandonia_coral;5a842efe01b46889369631562c6f377495a07619
jmchandonia_coral;5a878332ee9e978d54e5ebe4f66dc2deef946a89
jmchandonia_coral;5a87f86193951c36494c70902b4a908222745088
jmchandonia_coral;5aa1ea1a9e3841395fa3f19e337854bc31f4a08f
jmchandonia_coral;5aa88a339edf76033c8b0a0037639e9e85e3d2c8
jmchandonia_coral;5ab6bfe619cdc807fda75204c649c922201aeac0
jmchandonia_coral;5ace50439588532a1c0ca7c7366d2eb1c79e3b92
jmchandonia_coral;5ae547e22fbae9bad149ba0433c71ee50361598c
jmchandonia_coral;5aebee98058d8090b156987c030f1069e8f4cb49
jmchandonia_coral;5af9672cb814cb7e6b0ccaa71c5c1e756f0584a1
jmchandonia_coral;5b13e59e58608243e1d996e7b9361bf280a53297
jmchandonia_coral;5b161af242870a664b7cd644bda967fbfcfce37a
jmchandonia_coral;5b1ecca5e24da7c2335e8f03b1024cdc82b29c6c
jmchandonia_coral;5b2b86dd850fbbf776d858b7bb87578cecd06289
jmchandonia_coral;5b2d8b087680e76a3e98dd539f5396d5b1e94bf6
jmchandonia_coral;5b3861353599b8dd78e09bb6142d5ccd9b1d7b22
jmchandonia_coral;5b73a2eea4d88a2a0723d837bdef7188eeb3eda0
jmchandonia_coral;5b7896595e777d8b5fac72684d958ae3d29d3da8
jmchandonia_coral;5b833d86e6b65ba4390ce41091c88425a921d094
jmchandonia_coral;5b9284b4a32d735a808e3b59dda249e4c46b4616
jmchandonia_coral;5ba32664775f493d28036226f8217bc62b4aca94
jmchandonia_coral;5ba4abeed6953e00c831849ad787544055bdd4f6
jmchandonia_coral;5bae30ecb229927c914bbf3549578deeee129bbd
jmchandonia_coral;5bb35b6f93f798d669f09163a77afdde25be3624
jmchandonia_coral;5bca0ed35f0338ea6eaeffb1dc8fdcb611be43f0
jmchandonia_coral;5be7406622e646c6577b61beac7a76f0429db860
jmchandonia_coral;5c18a25e522ff0883352c70ca6f923e563018e8c
jmchandonia_coral;5c1d794c1760f4b42fe6eac4645379da2d654719
jmchandonia_coral;5c2e1ec3973f7ec08227c5ecbd9f317d6ba139f1
jmchandonia_coral;5c51b1786ce6e57e0db1ec4399f348effce6fa68
jmchandonia_coral;5c7e75c3b1b08a6b3fccb57c0808243a84c5e55f
jmchandonia_coral;5c8143ccf1baa0883ba0d963377ffda79b347685
jmchandonia_coral;5c84d65efeba7a7252cbe7dd88fd438ed398cd07
jmchandonia_coral;5c937e66b50314d4e2fe2cae1f0efe957d266478
jmchandonia_coral;5ca466144ac64cc2174d2f6f7bf78f7fe6ad0d7f
jmchandonia_coral;5cb46559d1ac87899757801fee266f79606d9d77
jmchandonia_coral;5cd82653405f4dcbd06db117a6ef76f01483b111
jmchandonia_coral;5d04b47711b654a3c31c392f7d095214b3c75776
jmchandonia_coral;5d141f94462e823b29e0c125f0be8c93d8364e55
jmchandonia_coral;5d18339bedc349900dae41602086abc3c6991083
jmchandonia_coral;5d1b9c268eee17bbf4785b6d18dbab5465256d08
jmchandonia_coral;5d1fb5dbaa07b51ad82b6e161b88688905f70025
jmchandonia_coral;5d38deb48582913e065781ffddd8f8653e664559
jmchandonia_coral;5d539b179aea8637d2d4b7c6b977a9d396c45f4d
jmchandonia_coral;5d54883c8277d48b92587a2dcf094e53d9fb2f66
jmchandonia_coral;5d6395af341bad33cf56f737dd3e0b6aa724ebee
jmchandonia_coral;5d7c4a21f2638c77e42e1a85f80f2ddbcbb360f4
jmchandonia_coral;5d891060733870746cea639cd84078e76eec9be4
jmchandonia_coral;5da1098ae78e79f8f24a42e99c5821be120cd009
jmchandonia_coral;5e118dfb8ccbc4e10a6407c4340ee62cb1467b99
jmchandonia_coral;5e1e0d42490055e76fdd1fff8c82b18f380fa0af
jmchandonia_coral;5e1ea40b95b644f1beccd0ae86ebc1ddf45bad5b
jmchandonia_coral;5e20fb2291c1ddb7733e9c41528dd29226a35a82
jmchandonia_coral;5e22092c548c362020f78da407ea20eb808408a3
jmchandonia_coral;5e2a2bf9ae4ba6ced7a69fa930ea36aa8817d2f8
jmchandonia_coral;5e3ef76885ed586534b8a93335035e81ad51bae4
jmchandonia_coral;5e50c00d5174123c99278cb506abc5ca6f2e4d47
jmchandonia_coral;5e6160d44a13fef944a6febc2b95e894533bdb8e
jmchandonia_coral;5e71969ec5eb7dd568f67cd8adb89d874f3527f5
jmchandonia_coral;5e7649b19a5ef35937e5e92406f0da87b2e5e1f5
jmchandonia_coral;5e844c026eb9fddcef272d7cf11b39adc9f79e85
jmchandonia_coral;5e8fb8b7b5ab587250b0700623c6b94bcd39cd6d
jmchandonia_coral;5ec3a24dee8c93e84d3d0853e171f272ead521b2
jmchandonia_coral;5ec5802d9f2c50a909d7e2a6abdddd5ef2b6e864
jmchandonia_coral;5ec630873783c08787db2ceec6cb0e56f81a990f
jmchandonia_coral;5ee131a143e15154f37d4d90e784b19bcf7b8e32
jmchandonia_coral;5ef8b5179b5d51a322b6358204383f19ef746fb3
jmchandonia_coral;5f0908bcbe46b8c0fb6049215987552fdcb34f34
jmchandonia_coral;5f1e421acdefb044c9a0bc051e76c0bc96a9185b
jmchandonia_coral;5f1eb3be1bc8197c0d14d798c59b0546c2dc44bf
jmchandonia_coral;5f2beed01edc1493d447455dbb17f034073f3401
jmchandonia_coral;5f309b5579aea34fa64ad29c237c4e09c64969fb
jmchandonia_coral;5f3b5b2f9e2e65e135af62a946f939f6f157141e
jmchandonia_coral;5f3f0518445ed3b2fd90ab66be18d2324f26e326
jmchandonia_coral;5f4fc85ab3104c59f9c6277d7d2a0d97c936533d
jmchandonia_coral;5f4fe88675d0f0bf4f550979b5d2ce2a9f173606
jmchandonia_coral;5f5588e33beca1c9e0bbae042ac51c133467b6c2
jmchandonia_coral;5f58f191adb4c3c027bd0c0267e8c5634ede02f4
jmchandonia_coral;5f6a2c2e7b57aa418afee0a839211f1e641de3f7
jmchandonia_coral;5f6f37e347fe214bff9cb5e198699b4030f508e8
jmchandonia_coral;5f82806a1c57111651baef5c9c5400557cf7e85a
jmchandonia_coral;5f934c9b0002412fb0884a96816c99ddea18b4e3
jmchandonia_coral;5f9ca0260e45f1167deba339bad2ce740c89323f
jmchandonia_coral;5fae8dbd9415d7e5f4472ed4f31412bd6ecc2f82
jmchandonia_coral;5fc6479284d2b30975bb874136930cb16ff18360
jmchandonia_coral;5fd783ff9f94a60df73e536cba31d2e706d70a76
jmchandonia_coral;5fe6aa76ba0fc4e1e160e1a2fa6c2f274508e29c
jmchandonia_coral;5fed7c474467fc5879d45e982a1d7cc5746ebdb8
jmchandonia_coral;600ec44c43c32dc2d91aa70f3460352d8680024b
jmchandonia_coral;60234559433d71d23a42f5075ca0aee3cedadb8d
jmchandonia_coral;604f5dc9f5d80571c10ea801995ca2af3246f68a
jmchandonia_coral;607e95bade42738b1cb8949df259a781504c907c
jmchandonia_coral;60a1cc0e566b96f8b1abcd75391ef0ea325a04f0
jmchandonia_coral;60a76aa730c44891c5d758eeab37f1b915d32430
jmchandonia_coral;60c161558f95011e53d1746b3947962b06e41f9e
jmchandonia_coral;60dbab16f01167d1db429bf2da3ec641dc425034
jmchandonia_coral;60dd70db528f034eff2ece37a3b8c78fdc7dafb7
jmchandonia_coral;6107e87b9c64b53eae2105a2e2523e63ce3883b7
jmchandonia_coral;61129ff1bd04bc5568157de11623e431191e8abb
jmchandonia_coral;61165763b8056731f4faccfd5ebb39382adfe5e9
jmchandonia_coral;612a02e38af96eb13b6e91e51a10c1eea67aa25b
jmchandonia_coral;612a3e31bc572f4e546d71b2782696fb8be8bf87
jmchandonia_coral;613e222925bed5c98021b041b1797293bc902123
jmchandonia_coral;61690f1721ded07a5ba861118f63dd099caaba69
jmchandonia_coral;618fad9aa95ba77e04a529328574b43b3ab4152b
jmchandonia_coral;61a1ffbc209e95258392b81a1754e4d52b761017
jmchandonia_coral;61a99ef6a93e97467a2c24f129f37ee62eea8186
jmchandonia_coral;61aabfa2b1f9dd7040779e30042ddb5c2debf248
jmchandonia_coral;61b16806fca7aff8394d628c4534c1b269a88fb0
jmchandonia_coral;61c54cbe43a57cce9758ce10dd571946c2c38d09
jmchandonia_coral;61da1478728286c49171d063927f3cddd041c342
jmchandonia_coral;61dec39e06e1bd6d10d843145774be6cd2248e42
jmchandonia_coral;61f102a6d7fde0ec9d21bd84b3223228cd953473
jmchandonia_coral;61f9c8669f0c104da5a4d0437f6b2a9e51a614b4
jmchandonia_coral;62058be6712422f55bd3c80da6f0bc34bb9413ad
jmchandonia_coral;62164463dfb4c221870b1f9cb3257f75d72a921a
jmchandonia_coral;621a6e470f57a468794966ee2d40e5b17f037c7e
jmchandonia_coral;62289cee4672903faa0521c6fb1b0f0910ff9291
jmchandonia_coral;62465f9f7712a47f8d00a1c751e03e90bc8b5b00
jmchandonia_coral;625964cd0ef93784bc5989db42671576a46eef84
jmchandonia_coral;626d7a9b0eaafb5222cfb673178fb16044d17e3b
jmchandonia_coral;626d8fc19fdb45ee238ca0c50c094a3cd5165830
jmchandonia_coral;6291ceb52da435e772616fa5a1eb744589675de5
jmchandonia_coral;62ab8bd9d4e956185a7b0e0b3c6188affe81b3ef
jmchandonia_coral;62af7057c555d45b2330f76ee450ee7cf9dbdcd1
jmchandonia_coral;62c05f5e522b18e0776ea19def0ee407aa115596
jmchandonia_coral;62c9aaff605fafc9730c2d54cebeb8ddb715b527
jmchandonia_coral;62dedb9aef3d59b3d83578364e46d7456eb1c650
jmchandonia_coral;630043c03eb1659ca06359bd15a84b901d11e197
jmchandonia_coral;6321b220dc06967e094c6e311d662a362f9138e1
jmchandonia_coral;63366f4d0a5412b1d493dc960e10fb8da35f5970
jmchandonia_coral;633e4898ce6be690755dd4a27237362377b65d80
jmchandonia_coral;6350007a4c319dfd9e41faad387811889a68cd9d
jmchandonia_coral;63b25fe8fd49784b69f9374c230535097921353e
jmchandonia_coral;63c9906315997bcefa7e3f6de52339eefe11ec84
jmchandonia_coral;63ce07df04119bdf23c49e3ebac05916686fccaa
jmchandonia_coral;63ce0caf1aed09e722edacaaa266859591726a74
jmchandonia_coral;63d09b2694ca68dd30d24678c5a9174a3c61298c
jmchandonia_coral;63dd0a664cf253b98d71bb1da14abaa0f73ecce0
jmchandonia_coral;6422c96f9ba61381121752ef819603c9fe3a090e
jmchandonia_coral;642883e04f8d2126bcf8c45483f3dbcbd72d340f
jmchandonia_coral;643843c44ffdef46ca1f5850568ae8668c8716ab
jmchandonia_coral;644a289d6c4a10fcb0079f04d4e1b308d45ef626
jmchandonia_coral;647cd477498a9fef6372008bfffdad67f66ccd2e
jmchandonia_coral;649273b12a2468e831c0714bb54fb850cf3ee11f
jmchandonia_coral;64a994c8ca3bbf5713741a7ecd3668cd5c5ef366
jmchandonia_coral;64aedc994824aa1ff3bba0f2ebe586c43bb44438
jmchandonia_coral;64c6d0003ec8507f47c77a20fbf91c8bd222a0b5
jmchandonia_coral;64cf5e3833e7d0b324fcce6e2061582fda57bc3e
jmchandonia_coral;64d5c8621f38da3bc9b5cfd1ca2633a4e9d6047e
jmchandonia_coral;64d879f13367af0a8045413053cac753715b54b3
jmchandonia_coral;651deddcc8a24641f0643b788b8c26bb7d471c69
jmchandonia_coral;6527cdcf75d91bb71d44136527c459387cee4550
jmchandonia_coral;6531864c92ccaca193bc7a40c03982ca4222848b
jmchandonia_coral;655b82013ae034b1efb8be3f88ac24458fc8e04e
jmchandonia_coral;6586c88f056c10cc407dbebcf3e35948a1d17a90
jmchandonia_coral;6594833be73fc81792175d8d45eba51ad1d9275a
jmchandonia_coral;65962101353e6656a79494dee047b01cefef5ef5
jmchandonia_coral;65add69b30cab01553720ea18215c717dcfa3801
jmchandonia_coral;65ddde81eeef8f4b4e12237970ba73e2c94a0ee3
jmchandonia_coral;65dee8c4ca0bfaae2a14ba4ba6cd867b598276a9
jmchandonia_coral;65eae5e4d946843a06976071cb72d72ad21c44bc
jmchandonia_coral;65ee625d5c17715af896ad5a7b5af12ca47d0c51
jmchandonia_coral;6603d62edf3c38c954ebac1fb73fb385b65bd973
jmchandonia_coral;6622e3e6c2ca20c4e747c9ea3a28b3af09a775c6
jmchandonia_coral;6623717fab6a8b3ee8cbd5e1f743b4921bc73112
jmchandonia_coral;662389ceb0bb375abbd72b4a2a15b606a0ed56d6
jmchandonia_coral;6629bfb7f58607195e997595b30b68c1b56006e9
jmchandonia_coral;662b04cfafe7a2d281dbf0e33fcde03d3fdbf39e
jmchandonia_coral;662d046eefbbc1d772074367f1f2bd07b844f3b4
jmchandonia_coral;66439e15059f6a11510ca80f55239d04fa51415c
jmchandonia_coral;6653b8eac4c8332dcd0829e871102e1f71855835
jmchandonia_coral;66679c27eae6807a0fdcaa452dba13c0db84e756
jmchandonia_coral;6669b2104402e6866e848602843c3f8ea9a24c2c
jmchandonia_coral;666ea1376a250b8f744c29d1eac12e70f257712a
jmchandonia_coral;668e8324a7d2ba912219263e58905781d9471bd8
jmchandonia_coral;6694bd03efd3d58e165fcaeafe2a669d64295b15
jmchandonia_coral;669c32bdbf854f76c479b4111699d1aaf5eb619b
jmchandonia_coral;66b90854c2f88247fb631918c652a736aaa188f5
jmchandonia_coral;66c1d32394c63b57c5fcdf3beb3294de9d1637da
jmchandonia_coral;66d2ff4014afed77692c1659af07f916cccfe129
jmchandonia_coral;66e1d284ce3af91602b50a3efcd35e57590c9cf2
jmchandonia_coral;66ec179f0256e3ad1cb789c41f283e3dfe9162e4
jmchandonia_coral;66ef568617fdd7f5fe83063ce13881cecb29ef33
jmchandonia_coral;6709a3309006292ce7846f034a5b095d6763435e
jmchandonia_coral;670abf9769d64c7e4d17d78079ef5cfc95442bf7
jmchandonia_coral;6722f6be9ce6dcc014fdb710c3fea8a606fb2579
jmchandonia_coral;672533ddc6a04502f91fda9c5f736d6e5bbd58b4
jmchandonia_coral;674ce7f615e5cb6b770b15b65c5bbe85bb73ebbd
jmchandonia_coral;67588c691cfd7ac0b4310991dce5da09ba385492
jmchandonia_coral;675c35590bb0866f8ac98696f0726c2e3e1c7009
jmchandonia_coral;677ab0d104ccbe8497a5d94ac8fd6762aa1642a8
jmchandonia_coral;678a2bf882589217ec262bd08826a43cf6c2e1da
jmchandonia_coral;679a0fd5083c6bf2e862777cee854149031ec59b
jmchandonia_coral;67a214f39165d652b9972bdd8bb4371c1d8ef430
jmchandonia_coral;67a67350419045f5e4aee0685afac99e87ebde48
jmchandonia_coral;67c3b14d2e6df3babe756601200eed38089c43d9
jmchandonia_coral;67c4dc291533740ff3122ab4723579f19f53ecdf
jmchandonia_coral;67c59ace86263b6517a5218567456bece96438fe
jmchandonia_coral;67d088bba319045e0111d080c9a86f2c30d97b4c
jmchandonia_coral;6811403536a768130c44b621003ebab2ac2784fe
jmchandonia_coral;6818ae88064fb87ff9af31bfe616a31e43baefec
jmchandonia_coral;681d86370fd5c6b4af8ab395fc3cc277bc723450
jmchandonia_coral;682c88dde149a61943057c42ded2944701037b71
jmchandonia_coral;683cd5144d541442153c7e1351a56d2ac49a032b
jmchandonia_coral;68455fe69bf104eca0f23c6b095a4e4f7affa1fc
jmchandonia_coral;6848a7859f60250895534f7b341bebaeafb96005
jmchandonia_coral;68490a2815521f208f7da2dcf491aced248152ba
jmchandonia_coral;6851d1e82741752ae8413fb649cadab317b50cdb
jmchandonia_coral;6852fcd445b7b8337058d20905991b5444b8abaa
jmchandonia_coral;6861dbb444ffc35b046df59fc34406d75e9c1749
jmchandonia_coral;6890f7c8ca58d7af87623187bc22f2b00adf392f
jmchandonia_coral;68be9a3c9f25c9adfd1d0ec6ce76323fc320c814
jmchandonia_coral;68cda63c4e8cdc515a637d481392b49f9e19be10
jmchandonia_coral;68ceb1a2031244a2cdf7d488fcf40a3b69782a8b
jmchandonia_coral;6908c3e43fa175b808bedbc937dd9968fec52afd
jmchandonia_coral;69134c6b0dc825a9a7d1a331e6a24942341a3729
jmchandonia_coral;692a79bc13b96c855391ed1cf3241914ea68dfcf
jmchandonia_coral;692c7ad99c0ece8ead9368c3871f04674a9fd07b
jmchandonia_coral;692d8b0a078a3407b695cb1b623ea8fa20a70d74
jmchandonia_coral;69349e59219e3188890216b2c8136ccaf9e056a1
jmchandonia_coral;694b9baeed9880fb3aed22fd5847a77d8217d3cc
jmchandonia_coral;695b2331cfa20ab4f6e8c3b835cce7a4c4687b89
jmchandonia_coral;695fe35ba0e6a2d509b109bb5d25fdf5377556bb
jmchandonia_coral;696e6afe2506db04024578e79fac6e08c56a1227
jmchandonia_coral;697ad6618a26350236c088138efef56add3a1119
jmchandonia_coral;699cbab84adbb44c3762f2f4b2fa152a0cbbef0b
jmchandonia_coral;699d18369bdc12e699870c0cabe2222ba3860e86
jmchandonia_coral;69b7c8dbb9cea6aff720b22656dd3bcd252e0e38
jmchandonia_coral;69bd743886b3de5076eb0619eea45e285ff115ac
jmchandonia_coral;69d35ce6b8d5e443fd9dfe8bb08faaff478d64c3
jmchandonia_coral;69f37d90af21070e4d358d1f4937948a2a08507e
jmchandonia_coral;69fc313571bb97573bf2316d81cc99fbbaf31669
jmchandonia_coral;6a0796915e7e1b86c43502c7d3f7131f07dc236c
jmchandonia_coral;6a19ad06d492430aadb46f48fbd17b7d19d636f6
jmchandonia_coral;6a44a82e560b4e8d4c1d0e2be6b61e8ff3cdd53e
jmchandonia_coral;6a5b8299a5b7f10e2723096218e855169870d7a2
jmchandonia_coral;6a746605c3fdb014fc542c6b665d885fa8fb2b5f
jmchandonia_coral;6a809cc871c30b4357e14f91ef9679a7669165ab
jmchandonia_coral;6a855e3505205c2c582609bf7a38d5ca4b642663
jmchandonia_coral;6a86b58c1e098002c01b7c01a271c510971d7814
jmchandonia_coral;6a8939a20285115c9c7ccf0a79b25f60c2f60df3
jmchandonia_coral;6a8e7ad23f7043b690f9e1bf9ff0804412fa64fb
jmchandonia_coral;6a9d2508ab96782cfb6692654c2f619505f22438
jmchandonia_coral;6a9f739d752405af7ba5398f0a371d4c845ab0da
jmchandonia_coral;6aaecf77e883a8fe32c90d23be810630c8cf8b4f
jmchandonia_coral;6ab9ca6e4c3fa170fea27b9a7d9679b3f8b6948b
jmchandonia_coral;6ac62a4d6e9dff31a1c829a9d261990bca1da81c
jmchandonia_coral;6ad92a30f37c6bb085aa2348f7606409ccd52aeb
jmchandonia_coral;6ae0404e6a8ba959528bd21abe1b64c6098cb300
jmchandonia_coral;6b22941380176afd3fcdf13474de2d52e36c85f6
jmchandonia_coral;6b23147891615618950ea9e8c9e92fb6d1c00073
jmchandonia_coral;6b2ec8beb867c74c705651580ea71ea469a8e1ae
jmchandonia_coral;6b31898c709932418536d8104f018daf85c48a83
jmchandonia_coral;6b42acbb97dccb053bcb3d22deb2926935ce0405
jmchandonia_coral;6b48c93496b439e6a4e2a04bdc2eab84adf5cca6
jmchandonia_coral;6b513653e3b56a4ed18597574c893fa94944a4e7
jmchandonia_coral;6b63c2361b0321d0dad7bddac346ab2f6b0c9f9e
jmchandonia_coral;6b6bf1ab71008627545dc51be824f945571b4b72
jmchandonia_coral;6b77f3c7f79638bd509b75cd65741e154b657400
jmchandonia_coral;6b7c5cd744635677c81aa5b005da17594f4e5f6e
jmchandonia_coral;6b8b9e90f211a282be51a7e176809c92b9f8a1bd
jmchandonia_coral;6ba1c501b3e51a682e1806b347ccb390b98998fa
jmchandonia_coral;6bbb9adcf724d77a72634f8f91fa3037c7555011
jmchandonia_coral;6bcbc8d6824f5e5fa34d2e5b2ba5df3c807c99cd
jmchandonia_coral;6bdbaf8e59becf6f046936a7491c9be614cf98f8
jmchandonia_coral;6bf6bacbbe5faa49fa4e85e73b5dc4e636a4f131
jmchandonia_coral;6c046e4ab1440564fedb8baa2791d03a288c1831
jmchandonia_coral;6c15a644a5c6782d976807b52914b6a978f5b923
jmchandonia_coral;6c20dc345d68e592ddd962ad0f30afc786cf3902
jmchandonia_coral;6c34d5101018ce963665fbe86b55025917d0c870
jmchandonia_coral;6c37e61594992401ba9af81f94eb2842adf44cf6
jmchandonia_coral;6c4592ef9cac1d1e3e3e819ccec45c069dff78cf
jmchandonia_coral;6c546823e2e48c652b0edec9245ed08909679e67
jmchandonia_coral;6c893c1de4b531a09c72541381142422294a7a42
jmchandonia_coral;6c9f66db8382ab75acf320d578b91dc81649d3cf
jmchandonia_coral;6ca28f5882932f0eca6b4af50d3bfdc7c2b1041d
jmchandonia_coral;6caef3e2c2d7285bac3ec7ef0f4f41c3c6d59ebc
jmchandonia_coral;6cb1b8b2346b3239f1ee926f57a871b982ac85e0
jmchandonia_coral;6cb62440b14d1b3818a45889d72f72903fa50cdd
jmchandonia_coral;6cb78d049eebf6c87ab1492a544720f659183830
jmchandonia_coral;6cbb702e70b0d0b37e718d564d0d6f2118045728
jmchandonia_coral;6cc748156dba9db8fc37d3055f94f2e404ef8769
jmchandonia_coral;6cd043955f2efa7defd34980ba9518f5f7cdcea8
jmchandonia_coral;6cee18b8ac3c12f480a3724851f8d85018eb9fec
jmchandonia_coral;6cf0841949a64c92e04eaf21e74d35a433b7650d
jmchandonia_coral;6cffb92f60470b9a21b810d1c0d88d9430ace0b1
jmchandonia_coral;6d1c7f10c37db410a5ccd8caf3f2bebd2022af55
jmchandonia_coral;6d2b267099e578183b9d09583bd8f55e389ff34e
jmchandonia_coral;6d2dd7e20fabbf3f4cf2f87701bf7e96b535493a
jmchandonia_coral;6d5b08d501a4411f0151e1483f40141577a7a281
jmchandonia_coral;6d64efff47214f2e69f00be801ce823474aea41d
jmchandonia_coral;6d832f79ef48046e07544c3c4037b4a7a2f34c67
jmchandonia_coral;6d8ff7aab7eb398909b779e59844fd9ae46ee02d
jmchandonia_coral;6d9cf1be8a15af54707e273a568572ef4bd2b828
jmchandonia_coral;6da769a63157b68373a1ba3c18f40002c7b1fff3
jmchandonia_coral;6daf293bf946305556030027ed53ac4efa34b3d3
jmchandonia_coral;6db39decf75bba318c88bed8a02613bfb65f1174
jmchandonia_coral;6dc1785a469ec57c5262799c7a9f017f47c59667
jmchandonia_coral;6de65acec2290e74eeb080e22db07f7a5047dc61
jmchandonia_coral;6e2c763d676fecfe9c2183ccc385098d4e468d71
jmchandonia_coral;6e7aa25b7457cc3c31e351e012a99b709395cf37
jmchandonia_coral;6e8a5f81113c210d20ec67193ca1cad0173bb81d
jmchandonia_coral;6e99962c737b9c084296ac11145426ba5467a5f3
jmchandonia_coral;6e9da9bac8f7e652068345eb994fabce6730d290
jmchandonia_coral;6eb6fd65f1d3ebf5ae8cb187a02a3f7ff1d0941b
jmchandonia_coral;6ece9c00b0eb2285a77268d4b817f385bd88c627
jmchandonia_coral;6ececd4a8c77719217a1d6078c0324dc8889c8be
jmchandonia_coral;6ed1d46bf75ec121b0388d9387d841c60bf2c0b0
jmchandonia_coral;6ed3fb50ddca15ae0e6fc5f23f4dbff52b8131e2
jmchandonia_coral;6ee8c04074d5bf501d3a2cd478e3cafffbadb6dd
jmchandonia_coral;6eefe82528e6f6bd2b97824b705e5a2659d6cef5
jmchandonia_coral;6ef796b8a992507c2deddc6db8b0494fe513d366
jmchandonia_coral;6f0b7585bb5b29b585eba0ecb073219f96fa56e9
jmchandonia_coral;6f20e8a3bf6a766757817c3a10e0e44e18823077
jmchandonia_coral;6f2141b5bac029f61260bee9fb7c722b1bd63950
jmchandonia_coral;6f228b701d4120936b607e048e344a7c3e8f70e9
jmchandonia_coral;6f2a644002d972bff6443561c0be5a6893d7f601
jmchandonia_coral;6f2eef833879b2f48408edb769af04b5448d50f7
jmchandonia_coral;6f33cd68290ee5d6b99d557ce9053df7849b4936
jmchandonia_coral;6f34799ef396647455d3dabde955a09d2e20cb5f
jmchandonia_coral;6f37e1729d52bb96a3b4c8b3051fb83fa6a19d10
jmchandonia_coral;6f4e504fee71d2b2407c1b68d80be2c1a9822dd5
jmchandonia_coral;6f5e6c312c82d85c038f9e3e8cbf83d0e1b6088c
jmchandonia_coral;6f711313b5ded4f500b74ae1ac752d27bf00eda6
jmchandonia_coral;6f7eddd7d86a768acea922ae71174425107bfab5
jmchandonia_coral;6f95656366e34bca93448f98bdb0616f1c99e918
jmchandonia_coral;6fceb5d7bfa3bc6a9a0ffd8d7aa98febb527f483
jmchandonia_coral;6fe4a572ad6e54714200aea91c352684206e0dfb
jmchandonia_coral;6fe6cb05a0c9d91169655c5a5187b54b0744e908
jmchandonia_coral;6fff69af876d188ca73f207741ac5718f6d47dd4
jmchandonia_coral;70006a04082e330e8ce7712dbf79cd1eafeb0410
jmchandonia_coral;7005429d5616e21b19ffbe6deb737b686dd6eec3
jmchandonia_coral;700e6d11c2cde75f858632717a14843e0794f96c
jmchandonia_coral;700fa90ff165a88ece0dc9c0226d88b8213b1368
jmchandonia_coral;701ff531d5e5fd9d0274496ad10848404a020713
jmchandonia_coral;705aa921543abd7a5e7b6124ead3ad92918e294e
jmchandonia_coral;706579b48497fa0ee227032e87f2b0e719f78b7c
jmchandonia_coral;706a5ebc52cae695c3d0295491a858aa600414db
jmchandonia_coral;7077bc402004b8aace7a5afc497bbfc4d88d5f02
jmchandonia_coral;708074fc21d4944027c7394dee72712c807dbc76
jmchandonia_coral;7082910b348bc74c1270ff97089ef3598766e9e0
jmchandonia_coral;709ced640b37c403bade9a28763edd29983b13fb
jmchandonia_coral;70a7a2ede2637540f077d20bd84ef773692d13d1
jmchandonia_coral;70b2aa69acc20c000fe826ac7ba67ad7445f271c
jmchandonia_coral;70bc2ec099bc91221550a1520c9c38cd6df87278
jmchandonia_coral;70bff5de048647689141f229a7e7df1dc5972c67
jmchandonia_coral;70c6f6bc4d90dba27024e2475557092822261bcd
jmchandonia_coral;70c94f5c45f37dc0dc9fb6deffadda1daf4043ba
jmchandonia_coral;70cd05053bd36066bfd29ac1f4021e4d531605d5
jmchandonia_coral;70d5fc4d5605a5a4e1415e70cd682bf788bedc7d
jmchandonia_coral;70e0a749a82cf1c676e7018ebb40cd1168138f3a
jmchandonia_coral;70f05b4c7e1f8c135705e47543790c45ffa03e6e
jmchandonia_coral;70f7456581691327e79f543b0f87ce80cadc0b03
jmchandonia_coral;71033039bc8340d371543e0738a8fb2c966d1983
jmchandonia_coral;7103c2e1cb1832f1107b43dc20224d143c3ecab3
jmchandonia_coral;712b53646f211e9903e882c9f07a8ac37c798a48
jmchandonia_coral;7153a78b5f6a47b188d10e6bb0c90e02481eb9b5
jmchandonia_coral;716718d7161ee23d3a3d55ba60062c0b9cf13b5e
jmchandonia_coral;71786404eb7cef40925c40876d08814132728a18
jmchandonia_coral;7178f1a6b627ffcd88bc322b6c4cdec8e17ee305
jmchandonia_coral;717bb789dec3332f1ad0844a928003fa317347c8
jmchandonia_coral;7188a9bb64d8a48b9e5bd22fe1003b471a4d574f
jmchandonia_coral;718c09107cd87cf8a9df7ba0a39ca4bab2645633
jmchandonia_coral;7193f88849f1bc9f3789f94b3c8b52ab04d6e9be
jmchandonia_coral;7195a96b9270719d6029850adbbd6bd6940625b9
jmchandonia_coral;71ac0bf2d7c042bda1339c4f47333f14b3350ab3
jmchandonia_coral;71af9a0a9e4b4d72ece3f88b6c1a4282376817fa
jmchandonia_coral;71afda519f56c9b745d334cf990edc628b5807c6
jmchandonia_coral;71bbddb9e265df8d8801782d2d3c3c31ecb1fe54
jmchandonia_coral;71d0d685504a39e7be5e2d5f30ca214064299847
jmchandonia_coral;71d2d2899cba4a411fd98357348f35404e2154da
jmchandonia_coral;71d8ce071314c54b34cffce9ead5b5a12b1a7bcf
jmchandonia_coral;71dca84e64ce73daa1c0c00e8149ed64b322f4c9
jmchandonia_coral;71e35450d1c5d9dbf82460b19cc4818fa7346548
jmchandonia_coral;71e813c17e8307d6571d46e73f8cc89116e411a1
jmchandonia_coral;71f8551a02bcc30a65f0aa3811d7e630cf7baedb
jmchandonia_coral;7202feb148b6d003eb9766440d5156c8affe217d
jmchandonia_coral;72087c5088e48a51d61d448eeb99c97705fb98d9
jmchandonia_coral;72105177310de08700c87c2867c9f47849b9aaff
jmchandonia_coral;72175e35a41751e78f4ade5213694e68f212ebd8
jmchandonia_coral;722006c2ca6f964c43fc68ecb8938c2ac9cb5a52
jmchandonia_coral;7224150c462fb6d44a17f1cbf4fabfe320b28daa
jmchandonia_coral;7239a64b2119c698f7879c65534dca9d6427c937
jmchandonia_coral;723b3c5abe76336250ba6e4a425fc01cde8e8a7d
jmchandonia_coral;723cfb72ae6466ff7a5be990e1c1752497f0fdcb
jmchandonia_coral;72443198d19c1ea8a53c0c2d370cfd7bf0b26f06
jmchandonia_coral;724d8ad69582d4ff16957c4a7bf3e7c7f6b8f0d4
jmchandonia_coral;7255d5561cc71ff3cdd92053c1787d4241a607b2
jmchandonia_coral;7279f4ccfae4a7aa50eea901dbc02ba2d73932bb
jmchandonia_coral;7284ae6cef1e960f8fa02a838827f614520a9f17
jmchandonia_coral;7288d75d50d0e36ea086c13c3cccb5e102c39a95
jmchandonia_coral;72b831e145045ecbb3e6099bc9e99710d97605cc
jmchandonia_coral;72d0824b86ac15c489a2854fc10e2ed45b625360
jmchandonia_coral;72ea654bbc2c0bcbb4dbdef47a623f7bf44d543e
jmchandonia_coral;72eadadc27abc33880fd5ad94603c8effe8d8463
jmchandonia_coral;72ece9528b57dce90edb90f1aa4f6e9f08ece6a4
jmchandonia_coral;72fdf49c9779832c5f69cfe0cb55ba0fd1f5f8c0
jmchandonia_coral;73062384ee250a7cddd4cf7b592740d7f4527f73
jmchandonia_coral;73062f6d1cda00a7ccd5b00317be02037160952a
jmchandonia_coral;730e151ca79617f83806a47e02f76489ae2b2900
jmchandonia_coral;7317d764438f9ff4cf6a19523bd639cb1f3d6ca8
jmchandonia_coral;7334589e1e170d5a4163658579f6fd2e8257a99e
jmchandonia_coral;73384aed58d43daf569d9ca3e46043ada9de25ad
jmchandonia_coral;733c411b1cbb8a02e5c7f15d7c4d8d4f0ca5441f
jmchandonia_coral;733e5d9d3a7a650e259c5224fd823db4319775e2
jmchandonia_coral;73433266c523f8e53c1e123d593f4a2bcd9efe89
jmchandonia_coral;734ec25b66f3ce54ff3d84d577d4d9e68d32c0c5
jmchandonia_coral;7353f59b59a5ad9600755d5f0ea26488a3c49aea
jmchandonia_coral;7354508837dea65934f44f3388e86ad8f44d99c2
jmchandonia_coral;7356ef2bb95081616b4cd1c7bac3b2c07750af9f
jmchandonia_coral;7370459d892d111440ee9a55592042582f623bc0
jmchandonia_coral;737a43df85e84af97c7ebd1d42eafa38bdfb2f5f
jmchandonia_coral;737c5a2bae4e306920b7d8fdca6b718d8701ec96
jmchandonia_coral;73986734d66594bafc744f6f974abdf9a80eaebb
jmchandonia_coral;73af5e657cb01b2d9a5a55d852cc36f06fb23c17
jmchandonia_coral;73b413e68a1a699bcb7e1197a91020b22c3e6976
jmchandonia_coral;73c3f7c3e1006ee8ac587822b4cb66df93643bf3
jmchandonia_coral;73ccdf58446efee13e7691734daf07d58a2fa0b1
jmchandonia_coral;73d532de1f3e63d01a7be4da1375bbf09d674fe8
jmchandonia_coral;73e253490b58bab8daa10f664179d3565ad6c296
jmchandonia_coral;73ec25ddcc07cc1e6faf59a863c8e1a17bce9a1f
jmchandonia_coral;73efd4ff0da9fac724a1b957d119250b5c5a9c66
jmchandonia_coral;73f6bc09e2b2252d610f2c74e9b6119c38b0157b
jmchandonia_coral;73f910900d2122eec40ec9e1885a3d53e736ce0d
jmchandonia_coral;74424d1d0f9c20780b2b09331bea0993f4dad9d0
jmchandonia_coral;744411912a99e943a6213a582fe271b41afee148
jmchandonia_coral;7448d935093231b9f84898ad936b7b1f04fb3b3b
jmchandonia_coral;744cdfc5aebeea9181e1f3bd0b43ea8b018b6aeb
jmchandonia_coral;745d61bd07775dadec61323ced1465a900efc1cc
jmchandonia_coral;747e07963ab4615150dfba4a8dc5a4fa42543935
jmchandonia_coral;748446dfd5b7efc046e61ffed791bc8546eba7d2
jmchandonia_coral;74872720da036de7213c8aba62fd36d300acb8cc
jmchandonia_coral;74e924d0defd704c949c02fa8349478c3ce17ddb
jmchandonia_coral;75208f0fd713742631e4d5632f5b6eda97806fb2
jmchandonia_coral;7524708e39db3a963e0da0be6e6d390993c49fd3
jmchandonia_coral;7527edf51a379a618137f225a016804ea304cbd2
jmchandonia_coral;753c1c203039512f00ff7bb81b0de54036b80d5d
jmchandonia_coral;753c3a0b22d1f0cc3a332d2a12ba44815f5aa165
jmchandonia_coral;7547b645973223a2e82e87f6fd88bef4e59e294b
jmchandonia_coral;754c5a9e6e23c8593ce527de44a9b6386e1f2d79
jmchandonia_coral;7552075d0ea73f21bf4e39c5312600ccb39d9722
jmchandonia_coral;755b4dcfa0dc2ddb5400bcfa5f4340723e345665
jmchandonia_coral;75742274e100f1fceeb7eac4730adaa76566dadd
jmchandonia_coral;75754a1f4cdf9da6b6dd07b8da37f7257859fe5f
jmchandonia_coral;757a53dbc3a99f9e6cd08368f6323420a0d9c2b6
jmchandonia_coral;757e2135f3838422c3b7173166ab8913622f7692
jmchandonia_coral;757f97e5aff2eaaa21864c034644574b634d253a
jmchandonia_coral;7583fa427280586ecde77a80fc8ed54fbdd4acd4
jmchandonia_coral;75898e4ff17d122c2fc254c8ac0f1739c3f5487b
jmchandonia_coral;758e527ec3cfad5fba860a2137d667101dcdd79a
jmchandonia_coral;75a247f9196d44a66f13d80299a936d129f25de6
jmchandonia_coral;75aa464a3cf71e9f9f51a4b59a7ff7128a20e65c
jmchandonia_coral;75b5adbf0334ac64329abaeb4175b0aff173bcc6
jmchandonia_coral;75e0618cf0c1b3e11dbbc56605f2eb8c4348bd7c
jmchandonia_coral;75f8f361e96cd0c6b1423fa804213c13431b6b18
jmchandonia_coral;760adb10e7ea7b01feb861a9244a7e3142eba83a
jmchandonia_coral;760feb58afb6b7077e5b71b167a793a55edc8f30
jmchandonia_coral;761b7369ec9be333a5aa82fe47707f83d3d384c8
jmchandonia_coral;76244ad6f96ebecfc3351e554504237cc3a6bcfb
jmchandonia_coral;7624589e7e4d38445964d9f725f01f6bafcb16f4
jmchandonia_coral;76435c8629ae6917df88c8214d21f3611175b098
jmchandonia_coral;7645e41c2de6e9f44e7aa4fc3c7af8e4126921ee
jmchandonia_coral;76489712c7c4da998af04771c9bdea93b962190a
jmchandonia_coral;764c80782b0971b9ef29ce2920d6c9f29cdf73c8
jmchandonia_coral;7653258bd27e8e554fd9ff5975992ccb13f622bc
jmchandonia_coral;76650349183c1973cd59c71be9e13936e158ef3f
jmchandonia_coral;767c3d9117f4145c0f2baa77bd8865a7f7128942
jmchandonia_coral;768297b8f61a9acbcf478ae8c99b4cac0c13f706
jmchandonia_coral;7687c706cb760160e2dc5de3a765f40831169851
jmchandonia_coral;768f7b31008e0bf10dc1d2a0d864a27d3a14f05e
jmchandonia_coral;76902c93a25b6c8f99ef809a97adfdbd315e03ce
jmchandonia_coral;769ad278e5e4813abe483ec2d6fd87863a2ff506
jmchandonia_coral;76dc332378dcb7f2c047bc3276b060ac56d86440
jmchandonia_coral;770854556a09b43017ab8ed18f7116c3d9c2d7a8
jmchandonia_coral;772111b19e92e90e7c92cd399c53fa45a1acb5bf
jmchandonia_coral;7732b0aa33fc21ae5426860cb9e4ef71ea4b56d6
jmchandonia_coral;774ec597b5bf254bdff5e6ab4df226972910ade9
jmchandonia_coral;7757d36eb889ffdb197c01f8171f7e1ee2feea96
jmchandonia_coral;7764ed3ccb56c17146fedc982f15fcc2498ef538
jmchandonia_coral;7766319a5e2cdca032ac584f1217de73c17138a3
jmchandonia_coral;776d7108c44844d9536316d959c6fb78e23d5971
jmchandonia_coral;778ce527f5c44dbd00df3b242f616ca498f9571b
jmchandonia_coral;779d4ee7f45bfae85db1f774a0f8ddf984da7220
jmchandonia_coral;77a36f5322e30e47e6c4f16764509de4bd93090a
jmchandonia_coral;77b45c75a08f7759c0fcabef302d733de9921c06
jmchandonia_coral;77bedb1bb89309da8f7ed28e9ee973422a1d869d
jmchandonia_coral;77cdcd08e5576b2dc7f27f2eaeab59d3bb116197
jmchandonia_coral;780221e4914d7a7a9b02f1c95ea02b87220ca2c1
jmchandonia_coral;7817e369821defce72abed0ee6d170c136228861
jmchandonia_coral;7826888c1f0c1d38b96e749155cd56b4cfc75b6d
jmchandonia_coral;782e13b67c7c11427967614931c5c61defa758e1
jmchandonia_coral;78392ef2f0cc0a7a530cf6cf8bb61c59bd36e2df
jmchandonia_coral;783bf449695dc148377336f2727e2d85d80cbe62
jmchandonia_coral;7854e51d8db078e3aef014a84a1e28ad675abefc
jmchandonia_coral;78648be880cec866b1f6f72592b9bfbd428c4775
jmchandonia_coral;787693259c70a3af190934ce45f2499bfdbeea9c
jmchandonia_coral;7880429096bf7cb2b22b26c4ca13836810fac4e3
jmchandonia_coral;78815ad3da04056f03357ba758e3010c99164a04
jmchandonia_coral;7886f0c5b587dc8b8f31ce737186a514df19232a
jmchandonia_coral;7890bec66175546d74fff4abcbcbcc7f0a9d1d7b
jmchandonia_coral;7897cd887c40a6d9e58300027d2fc8f15474f3e1
jmchandonia_coral;78c3baf7335c77d8014edaa9a4fedc5c6f18cfd6
jmchandonia_coral;78ce0ee09349f1e34ee95cd46a841f7a0bac65b7
jmchandonia_coral;78dbc85756c6af962e535ca4280ec83ba0476e37
jmchandonia_coral;78e151ea1d94de91f207aa4a6d896e35b43f6bb7
jmchandonia_coral;78ee9ddc2a7d2a912775a1b04d2907e5586fc35d
jmchandonia_coral;790e158c2b6559105e3016ac5ee3d59920342f72
jmchandonia_coral;7951df261a8486f56c78171c6c6a0f155531c575
jmchandonia_coral;795b95425587ef137d030a32a65dd50b725fdda3
jmchandonia_coral;795c795ccec650a35db7998ee29fd04d14cdccdf
jmchandonia_coral;795feb4a60b887727b0970e76e704b582589fc9d
jmchandonia_coral;7965e6ec5fdef88cf4bef1e2d69d491b0ec0f317
jmchandonia_coral;796fd4f2fdbf620e7a5b6e020a9a4cd4e48eb344
jmchandonia_coral;79803bed7f01616f459db1b1b82a1c5155aca730
jmchandonia_coral;7984a99eada55d4d0a7a5c15835d9d589d4964b7
jmchandonia_coral;798b558352c20eb1b9bd0fd11cf305f51dcc1001
jmchandonia_coral;7995cbe7874e32b667c3ea9a3a627950b8ec4185
jmchandonia_coral;79a1c77817a418ccddab5b40a9787624bb8a6aa9
jmchandonia_coral;79b1ce739c4de33a1d559c39b735b047d0145900
jmchandonia_coral;79cd5f7cf244379fd2083b0d63c4beb9e3a97fbe
jmchandonia_coral;79dfaf874c8335ac1d94e3c1ed79b0eb3b0450bd
jmchandonia_coral;79e75b21555b405a73a6f9b918718c052e66c266
jmchandonia_coral;79eefa593328a2a262b9cf94068e281ad6e58e73
jmchandonia_coral;79f4460e638af67ac2ec9ed60b8c91073c1b90b7
jmchandonia_coral;7a02756305f98841f9d84cccb0a2da38a9277fb3
jmchandonia_coral;7a0f1bf20d008e7c98b4e5045487d8e9b75f5aca
jmchandonia_coral;7a1abbe562adaed2c6e4abe7e5eb1173d8655af5
jmchandonia_coral;7a34c9aef891f82e812f988ede6b2a2cccd6e73e
jmchandonia_coral;7a452fd4cc10b7fd22dce01b9a03648e04bc44e7
jmchandonia_coral;7a53cbb9adc670d6e90b34d8c4de34e6707bf864
jmchandonia_coral;7a67ffdb6503f539b6301e0149d4287857855a19
jmchandonia_coral;7a6832f51433b74b2b7ab00a5abb298a1a638a74
jmchandonia_coral;7a6f801c43816f66f4cbf2391056f8409254dad4
jmchandonia_coral;7a783e6e05f258f64c6c2a5bd6c37d00b4621996
jmchandonia_coral;7a89ca2796aa8de6871cc9eda3ca069ad549072e
jmchandonia_coral;7a9449edca97a5bc2ceb246e0884f03dfb2c996d
jmchandonia_coral;7a9beb144527b45b1b4b5cb07e418d2fbc9e2d3a
jmchandonia_coral;7aada9ba3c2e00551d015a57aa9e5f9930d60afa
jmchandonia_coral;7ac8822a3e206002cfe73ca87155de9418cb75f4
jmchandonia_coral;7b000bf51f82594ca890df49328bd6d74cd16879
jmchandonia_coral;7b20fbefa3a3739618bb7443c1f9584f1e1a9ea8
jmchandonia_coral;7b446410bb6ef1aad58e491ba21d6f142e899c28
jmchandonia_coral;7b44bec55880a7624eeea0bff5e552430436eaae
jmchandonia_coral;7b5234a05db4a973dc1e83896916954bfc955ad5
jmchandonia_coral;7b550f36e65772357c633ee558e131e5dcaa10c3
jmchandonia_coral;7b5f789cf82961537b6a6d4abf1418c94649454e
jmchandonia_coral;7b6306e3d6966923369d651864176a2576a237e7
jmchandonia_coral;7b9b7bdc6043094ac8cc81c8e279b2ea6b553e70
jmchandonia_coral;7ba030b328fd9945028d7c6a7a4cea69fee69bac
jmchandonia_coral;7bb2a71e06e4a95a937a444c0cb2b99572726b78
jmchandonia_coral;7bcc3851e35b2ce83456cf97262b584dbbd8df8a
jmchandonia_coral;7be2b33dd0e5c1096336ed387771b691723f866b
jmchandonia_coral;7be5144b24e6a608f5b33c2a1929776ed5d74188
jmchandonia_coral;7bf9763022adcc7c9bbceb32ed296dc3e2ef8283
jmchandonia_coral;7c05ee900e9dfefd6824035088d1f9ec0e917a65
jmchandonia_coral;7c124de3fb740b2ad3be8035f829100c64cf083a
jmchandonia_coral;7c12aac2c0cbc1a6bb31ffe5413f78601ce32e26
jmchandonia_coral;7c1838985843816587633a033f6b57d6259a3ca6
jmchandonia_coral;7c1f1070dd36f727247f34d6a12f624dd717d9cd
jmchandonia_coral;7c34334312f7120ac6fdca9ea4d61895e9d28a8a
jmchandonia_coral;7c34cbf37d22c6a5103addeee3ae3bdb999e5950
jmchandonia_coral;7c4eb19d98254114499c3ff1c2596a099be51a72
jmchandonia_coral;7c68300cf2210c2be9fbbbcf755fd1a764500adb
jmchandonia_coral;7c8e0d4941983eb2337835b167e2d2c1b517c6d4
jmchandonia_coral;7c92cacfa1c904476b479ed3c93c428fac9acf5b
jmchandonia_coral;7cace0e31899aa6f162989857e04047df21602c8
jmchandonia_coral;7cb09341da7c49fb473b028d4456ec7f1cf5c797
jmchandonia_coral;7cc849e6514604cc0f3c266b51b24f291c0ff278
jmchandonia_coral;7ccc73b4f0466585c04c5f242008457ed69317f0
jmchandonia_coral;7cd0468a229d5c562b6135f137003d987c205d16
jmchandonia_coral;7cd4c78bc049ab6ba1ef337b3ce7c074c25418bb
jmchandonia_coral;7cd9f32433ed6d5bad4a6d144d1dd8410198648f
jmchandonia_coral;7cda9630c735b719635d5730c24ff54c06871e64
jmchandonia_coral;7ce1bfc59ad5bf571c8d52b2d671b3553de34299
jmchandonia_coral;7cfdb8826679e7626d7917e963955867c17e3f87
jmchandonia_coral;7cfec987dacc7afb4cd4e9c004a5cc48fc70b852
jmchandonia_coral;7cff9b7ad34bd0586bd2c69671221e7320530afc
jmchandonia_coral;7d06ea1c4e83613fc1b7690a617169b5839126bc
jmchandonia_coral;7d0a945d72ec63ce37fa328262ff54c4326e95a3
jmchandonia_coral;7d352c1b5ad4535c648caca58e060d736ff77359
jmchandonia_coral;7d4b3bc656d73b084f6c8382979163bc098528a9
jmchandonia_coral;7d59a2c4cffcb4986dedc4d2b7fd56db204f2812
jmchandonia_coral;7d698be8dada942644453ec94a90d41ac06fe925
jmchandonia_coral;7d73d51ef114a1203104fa89bbb4fa42b24f8799
jmchandonia_coral;7d858a7f0b8e8ed3433b9637c9ce5f22dca7a7b0
jmchandonia_coral;7d8caf72b811f007a4749d49a0fa5fd3bf321ecd
jmchandonia_coral;7dde98552df59e9d579c316ae3cfe0f65aaa99b6
jmchandonia_coral;7dfb6865c400ebfea7d570235feb55b6eab2efef
jmchandonia_coral;7e029d1df0deb85c2d854dc66814aefecf2d175b
jmchandonia_coral;7e0e5cc1447cb71b44617490b9bc0051aa7c5baa
jmchandonia_coral;7e12bb5839b2b82c9a6908c83ac99a748bba8e2f
jmchandonia_coral;7e14884ee0063706ce9fda88b12558375e16fc8c
jmchandonia_coral;7e1b69ce5ab21652fb6e503407afc5c8eeb9253b
jmchandonia_coral;7e20123875e305d42a65a36da59ebecf748b2f62
jmchandonia_coral;7e28ab492bf34f23800f7311dfce997ab874d5c7
jmchandonia_coral;7e28c53028f06b13c35fad82445fe4717a340ec9
jmchandonia_coral;7e345d16771083a70a6a294a510688cf546f35e9
jmchandonia_coral;7e3c4ea17717c55a6e497596d7fc365186a65a5f
jmchandonia_coral;7e460456dc7150158bb17cc5b23633f6ee59fe15
jmchandonia_coral;7e4a1ff84c91e39534996dbbe1d7412531452bd9
jmchandonia_coral;7e760a0a91888db781fff3945df3c1c62929a99f
jmchandonia_coral;7e7d7d2eb177b32e1c838f57e5016b3c3a7826d6
jmchandonia_coral;7e861febe2d107e4365262224e6d8582c4fea5c6
jmchandonia_coral;7e9404b4b737941946e56af7ef08768c26cd905a
jmchandonia_coral;7e961eb244006c8d3e6632a478980e7fdf2a11a6
jmchandonia_coral;7e9a5a0356dbb14b752450297eae6d6748354ffc
jmchandonia_coral;7ea3c173b53fc7d4bdfc0197795e2ebbcea1b20b
jmchandonia_coral;7ea5f773c5b763ebfb7f90802ec74eab985d7960
jmchandonia_coral;7eb37aef0201c8ce379b5bc2c850df3f321d87bf
jmchandonia_coral;7eb6c62d5402ebb60b9b040b1de048844c1b0725
jmchandonia_coral;7eb70e407fd5547e707b2314ceb6a7de3425bff7
jmchandonia_coral;7ebf5494e30b4cc5a9c07cf546612c59535d6dd3
jmchandonia_coral;7ec176d336dd5926b68ef77466a235b2329e6648
jmchandonia_coral;7ec330a2fa5279c20835c27f8f24cae901f62b84
jmchandonia_coral;7edcf432d39b2753a31e444518c83d0b2de3b4aa
jmchandonia_coral;7eec2e95a7b59b5551897289adcdf60c40185ea7
jmchandonia_coral;7ef3f8ae1afa6bbcb09cb32c792388ca80367c41
jmchandonia_coral;7ef4287cb002997bbb4c8e2fa1e1e9c1c607f52d
jmchandonia_coral;7f023a0e77a15081edd047cbb20d69f55700be92
jmchandonia_coral;7f0fb6fee4d9597bf1d16352c6c5bff9a079a09e
jmchandonia_coral;7f146446cf06b9b3fa064c4f2c91ee9dcd2ff8ac
jmchandonia_coral;7f1b1aab9c91dabaf00833ea073026dc6e00cf36
jmchandonia_coral;7f413abb208ea66b92e1a186cddcf92171250f8a
jmchandonia_coral;7f4450aaa136efee64e02297af76d444feeb465d
jmchandonia_coral;7f75b4a9d199ec58815b40685cf38a917e182f54
jmchandonia_coral;7f8003bdc39c18e4c0819defb032d37d94e1e290
jmchandonia_coral;7f8d34fd8c1cfb30308817a23ac5e047f5d2e094
jmchandonia_coral;7f8f6de07103e0619a48b1316c5ab75f5c180204
jmchandonia_coral;7fa8c146b6b334908035d2993762c710c405997c
jmchandonia_coral;7fb7266039a59caa336776de23aae206811d8fbd
jmchandonia_coral;7fc13bb8649d548978a080488cf0936a6e3f2df4
jmchandonia_coral;7fe413a3223e9c05bd0edbf348d524808de506f9
jmchandonia_coral;7ff76c3dbd1318ec6c06fb052a5901309387da66
jmchandonia_coral;7ffce4db641e2e5e555cb32d354abd205cb92ee3
jmchandonia_coral;8007c6b855f41b8268ab360d62735e88084af793
jmchandonia_coral;803c2ebb3c1a7995f989fb1ccf2bce53bf0c8475
jmchandonia_coral;804163be5ca5dd95ce6bc12eadd0d008fa5de57e
jmchandonia_coral;8044f4b546a6fd1ab8519377065be4875e4d1efa
jmchandonia_coral;8051d621c86d71d70b2c5060546002021286ec09
jmchandonia_coral;80692f5b8a5827c3368cd956543511fe039d9fa2
jmchandonia_coral;8070b2b741b055cf81c769721ff03b12ff9103df
jmchandonia_coral;80751fe47019a91ec803c98f03e1f0323f0df5c4
jmchandonia_coral;808589c89dad7ee8be22a524e6e4f0a609e4a061
jmchandonia_coral;808d1caed26f2dc66d22ccf36be09063b42a6f60
jmchandonia_coral;80a8c0ccdd2baa641693eaff30eed75e34a7bb58
jmchandonia_coral;80b6435133b4ea6fc05c6e7f2e112fabc962d16c
jmchandonia_coral;80b8d04e5f68aef6edc6a39b445b1ba16878e06f
jmchandonia_coral;80cb861c8e9aa34434fa1006b493f2e5f36d7247
jmchandonia_coral;81185d9fcad7514144ea6dd1a6e56244b4be188b
jmchandonia_coral;81318a26eedacff6a16797b8fbb612a0dee11760
jmchandonia_coral;8142a61b4fed34f94dd1b7c76a7967135efa9f5d
jmchandonia_coral;8143f3979544e2aa3ce700cf28aaeea80253779e
jmchandonia_coral;81472f4296d7375f4f675db3405a23beaf656378
jmchandonia_coral;8147c2016ee5f74dba32795235a2528142d0f1f9
jmchandonia_coral;815b1fff1f5705f1e58823be4815f2e39eae698f
jmchandonia_coral;8182cf65d306d135ca70992101f23febdd59ed95
jmchandonia_coral;818f77d89c315c4c43d2b9f9bd87f3ef1bb2dfd0
jmchandonia_coral;8196fdcd1fce7d7edaf0133a6d480940cc87b2c0
jmchandonia_coral;8198fe58fcfb9f943685475ad3b5b9546f5e39cf
jmchandonia_coral;81ab184d4c14c9ea81336c3e781173656ab3dec6
jmchandonia_coral;81acaef66c7c5640d52e126b7342c9b72c8195bf
jmchandonia_coral;81b8b742a72ff5602f18955b4e4a82ca83c9ab1e
jmchandonia_coral;81b8cdd2761dfab20fcc8401bde185357210aedf
jmchandonia_coral;81cbc619894e63764d0d9446b281648e99f897a6
jmchandonia_coral;81cf2bffe308cea3f2ead3cb157a27ff43b83fe9
jmchandonia_coral;81e151bbb3faf7fb7362216e369659970e983f57
jmchandonia_coral;8201d19d95f1f7cd2eaf53d9b0fca753dc7a1311
jmchandonia_coral;821fba9f1f568d8a3a3fe9076304809ffbef2aeb
jmchandonia_coral;8225340feec597958f8dc43bf769696868318c09
jmchandonia_coral;822655d5c11c7b0c53956aa3498f81a322b5f963
jmchandonia_coral;822751a83a74225a868c5d6512dd9d3b45422cb1
jmchandonia_coral;823c9fc9b1ff22ed58f160dc51565622d26a9798
jmchandonia_coral;824d793ada1183375f4e45d1b3fdd28e0f50cc8c
jmchandonia_coral;8251db1fc7a59abacf6730cfab661206bc3a7f8b
jmchandonia_coral;82678600fb2bd34b97486a8829089aac2fda734a
jmchandonia_coral;827822b8da3191bc730e8e7c61e9475d68490f19
jmchandonia_coral;828e8279974a557932df53d54b84463211e62f37
jmchandonia_coral;8291fe826dcf075ecb5eba0e4150ef6eef55724a
jmchandonia_coral;829f31f2c74a8c54940bf23759f7965f9d3c1024
jmchandonia_coral;82b64754a3cb141280bb16081ec29af36383c412
jmchandonia_coral;82ccdf7f5f3e46d78e4405461fa71c1a16bbb970
jmchandonia_coral;82d050a95716da0beb70a8372306b1d7f5d60e41
jmchandonia_coral;82dd2dc4bac01eeb76e2fb06773074c99349db90
jmchandonia_coral;82dfc69ce873fb5e701ba7ebbd9d33d97fda903c
jmchandonia_coral;82eff1a5b8947f44d33745e0aec3ca75d62cfe16
jmchandonia_coral;82f5d4ab7b6f758f3261fb0e990db833c7250de3
jmchandonia_coral;82fc0bf2fd0f0e99392be31ee15baed94721bfb7
jmchandonia_coral;830b58bb180c0c83235bb1d59ee3522e8dfad568
jmchandonia_coral;83154c1e0f2405a5dede3100aaa73db5dba29729
jmchandonia_coral;834e9b291157757dc864197d7b68998d93dc9a11
jmchandonia_coral;834fdb55c2775e7fa0f7eb05ab8ce515bcfbb1cb
jmchandonia_coral;836387628d8902bf78ceb9b2ec7a40cec81fafe1
jmchandonia_coral;8364166afded48bb0c318a3293a9124cfd36d4e2
jmchandonia_coral;83670f12efdc666a4ee3344829d8cc7259ade2a9
jmchandonia_coral;8368d325a471c5d8833af500828e6ede3167bd2b
jmchandonia_coral;837dd362588477bcc3b6edcadeb89b98d0113213
jmchandonia_coral;839775f0dc2f92c4b5540e19a75db05e881f5525
jmchandonia_coral;83b7cc46af3af8324acb92a4f5f8d4747d2b3f47
jmchandonia_coral;83c6dc74d8d9cacdac20805911ce8eec7fc129e6
jmchandonia_coral;83cebfe357bf98320b62536d786003e6814d439a
jmchandonia_coral;83e665955d16cac31fd82df78515d464e489e328
jmchandonia_coral;83ef0c8fe16d7405d2acfeca30f8cf33901a8d93
jmchandonia_coral;840de55427e6d9b5166414c844cee966806c93c2
jmchandonia_coral;840e80244b6d4ab27324aafca19c029c549b65e5
jmchandonia_coral;8429c39fb8811ddd79e7946ecd661d8a56a1fc60
jmchandonia_coral;8449c8f6a08472735ac2176f872b8be385e89870
jmchandonia_coral;844c51fd27956f2a2f02c25bfe9af71a3847eba0
jmchandonia_coral;84727cc90a7aaa37a928f4b2510333ac3baf78c4
jmchandonia_coral;8480240c5cd917305633131bd9ce5f81c182b31a
jmchandonia_coral;84852cc48bbd1ef64c470a11c186c49b22d75f70
jmchandonia_coral;84968d18b49d748928bfc2c1afdb4852a805a49f
jmchandonia_coral;84a1b679a03510ca7bd4707488665f939b13249e
jmchandonia_coral;84a9c59faaaf3572f121c16501a611db85c72ff9
jmchandonia_coral;84ac8df682c6cad3aa1410463e14e6aebc397ec4
jmchandonia_coral;84b7c55c0c1c20fb240fb9d4978218cb9edd744a
jmchandonia_coral;84ba43b3a3482aa3fd08a8b757facf04a778ff56
jmchandonia_coral;84e54df8bc83bcfa431c5e3e3de2ccc11d223f4e
jmchandonia_coral;84ecf71b42ee2a126ed5041b7c173090c126a1e0
jmchandonia_coral;850838fe3ae6c2f82d3c753838b334eb7bfdb6e9
jmchandonia_coral;851b574a45f82466f83d18902931cdf5e040c124
jmchandonia_coral;85270fdaff5f03291071258a2021305db4777606
jmchandonia_coral;8527f8fa092ee411afeadf2b77bd19e42bb5b9a3
jmchandonia_coral;8543162c91a45c8af72fa2535d31d5302fde2f6f
jmchandonia_coral;85699d5ab8cf15169e18a867fcdd7a858326bd25
jmchandonia_coral;856df83e61643bb9a1995ab8908361b2ab06b1a0
jmchandonia_coral;85720669d9752391d0b23073755b6df55f60cdf2
jmchandonia_coral;857d29e9c56d02616c5b872706ceccce045e49e6
jmchandonia_coral;85a7b9e8873cd6845ab15c403dc3b1aeab01ce0e
jmchandonia_coral;85bea20c33f870e39f052ec72b56f8e7f68b9e24
jmchandonia_coral;85cf6cf6609ddd8d9803d29fb5e0ef43938e9e84
jmchandonia_coral;85d033cff2e4ac7b187a2a0335e08ebe74c51e96
jmchandonia_coral;85ebd027622fef57bcba5d29dac9f3a1612eb6ec
jmchandonia_coral;85effbb5cf79124ecb7c8d720183e9d6a1da6d34
jmchandonia_coral;85f31df2b3abdb5a60667f020d12aa6c67cb318e
jmchandonia_coral;85f49cac7b1e3aafb180170f38d1db0294994cb4
jmchandonia_coral;86033a3754cf1cb758514fb62bf7c1dfbbb6fccb
jmchandonia_coral;8608c0c3f12e168f5c71323371c9da30ff9c0326
jmchandonia_coral;860af6ce06a6be07cbfe2828e7fdb34b6b781994
jmchandonia_coral;860cf0d19df7fb5e6c8e682dcd9aba0ab45a9a92
jmchandonia_coral;8630fc01ee19f1dd48961a9bf7e72fbaf7cc108b
jmchandonia_coral;8642663176661b8ea34dfefc3173bb8b82fe87fe
jmchandonia_coral;86a0dfb3918bc6d758de24005e0afbe4c49c6a43
jmchandonia_coral;86acf2aa804cecd42939f7104fe46c0f11e40065
jmchandonia_coral;86d1447cb2403ad50fe7749bad62808b683b5e04
jmchandonia_coral;8707cd7ff20af6fbab1f79b7c59290d434ceb5e2
jmchandonia_coral;870da53a897f92245666ac4d2c71e0adf5671318
jmchandonia_coral;8718ab16b2bb4e222500789f531edf560d927505
jmchandonia_coral;8727a494830ed79aa0b30e18ae462e7466937647
jmchandonia_coral;87444251159fbdfef63b5eb34851bb373145747e
jmchandonia_coral;874910bb3d5b5695d53066d2b2e7b6536329fc7b
jmchandonia_coral;874bf2b2fdb34e12149e5a0aecf6874d00cfe473
jmchandonia_coral;876e67b5449e1508f1cfd02a877dc45e10973465
jmchandonia_coral;8771926cf2279de1b0417b75a1de1973cdd5e481
jmchandonia_coral;8775a0ad7220eaf2e150dd58287d90577f61184a
jmchandonia_coral;877ff97dce0515b3e4cbf44f4f134f20597d274f
jmchandonia_coral;878d5984af75183aa968aa95fc0d66b3cf34f9cf
jmchandonia_coral;87acdaebc6c4e8174eecab3b044d3da2249181aa
jmchandonia_coral;87ba717d92aba3e23ec16ec048799838f613d0d3
jmchandonia_coral;87d824584807e11f4b55fb7f5287d35592b696c6
jmchandonia_coral;87e2b85796e1d490abee6724b15b00ac562f076f
jmchandonia_coral;87e911300367ba88795409bad01d9ff62e0abea2
jmchandonia_coral;87f1446e57a2678aa536039141d80b0140728c5a
jmchandonia_coral;87f6294f65a8302227e1ad71f559c175ecaa4fba
jmchandonia_coral;87ff1c5582fa757f9eef4df435a05bc58b37fb77
jmchandonia_coral;8824b811226e09386e9bd4816d18624c5f8be3b7
jmchandonia_coral;882a33449dab48ba80b8b52974a92b0276e3b0a3
jmchandonia_coral;8831dbb214c7c49ddc6651749c9960e23f0dd2a5
jmchandonia_coral;883764932aad8db872d3a1dc620d791b21365bf8
jmchandonia_coral;88386dfb1e5b6a13dc8f41503aa34d452b589d1b
jmchandonia_coral;883a989c1195ff994a93e9c4e01c76ffce12fb04
jmchandonia_coral;8842907fb4704d543a084bec70e29414996d037d
jmchandonia_coral;8854d6544a95e63f22c4cafcc95761a0a59dc70c
jmchandonia_coral;885d9bbe2b8b9a639b8f40bb85cf28172d03047a
jmchandonia_coral;88699af35836d2b1fced6203bb336588b040bedc
jmchandonia_coral;8871dab8bc49d641f65287716e275e61122cf59c
jmchandonia_coral;88748f7583fb2b114e782de39a4ec0f2a5a96d86
jmchandonia_coral;888e25e236deec66e86ac50649de292889693f01
jmchandonia_coral;88aa1578dec3ab32b0d16e3e22d9c8356d2a8e7e
jmchandonia_coral;88aa529c946df29cdf26b746cbd787817df96443
jmchandonia_coral;88b4a749dbd551ba453a585450c8b7840b71fb4d
jmchandonia_coral;88ba750211989a74ef1011244f0444d8b143de19
jmchandonia_coral;88bcdc4341fa2e480d23fe7e52afb7bf08012c5c
jmchandonia_coral;88c718fd3481fa84df280351abf89dd28f240b4f
jmchandonia_coral;88cc04546d71c4ff48495e72ec66017e45bb9b16
jmchandonia_coral;88ceab0a698351639dd8e43b187920fb47374d9b
jmchandonia_coral;88ec56b978ff841cde0e3385cb2edfda417f7593
jmchandonia_coral;89023aecbeb91f07c91d21073e3474c3ef85f635
jmchandonia_coral;891b7a402d3fbe81884ad322ce173b0bceea0124
jmchandonia_coral;89290520de9b8f01c56ca2de85d649aa8c0ebfa2
jmchandonia_coral;894d2a54c9e19e0566652791e2d4d571588a3be9
jmchandonia_coral;894ded82094d0ccb4430a671d7fae3cfb800fb0c
jmchandonia_coral;894e5963e4ff2020eb288250c2cd5f73ab93a2c3
jmchandonia_coral;895d8e9b1a7def6826114c0e33c97fe215c87f61
jmchandonia_coral;8994abeb261c41bf18afc42b058ff9634815106c
jmchandonia_coral;89aa0b9cc6d36a42de078e09cb451b9ce9dc1b22
jmchandonia_coral;89be01ac799d2f896d4541a4671d8efedadfa665
jmchandonia_coral;89c2d56b0175f2afbd53560529cfad372e736769
jmchandonia_coral;89c3a30110da52bd37ded6251f13b4df05736f87
jmchandonia_coral;89cce3d4030d33386f56eaa673362f69ff3ec7f8
jmchandonia_coral;89dbf9909239292b0169dcc1e032c824333c7d94
jmchandonia_coral;89e7d9dedf3ed77185d0bf70681064687656e4ca
jmchandonia_coral;8a0800ee8b16b9c683e2b140463c3e47cb287f0e
jmchandonia_coral;8a1f4e8de4240b56ad73a13f3ec300e5d1eaaafb
jmchandonia_coral;8a267b554035fc7cee6a2c082729a1ba001c4cd0
jmchandonia_coral;8a38c8bd20f2c348953605039f6152d727dc9ea0
jmchandonia_coral;8a4ce14452469eb7e8b564e536033a483bc821ea
jmchandonia_coral;8a4d8de0a7ea026b88916138574e8c75aa4e1ec4
jmchandonia_coral;8a5930d8c52c2079cd61ed81eeb5fe8dbceb5fe8
jmchandonia_coral;8a60b42afa30d2be0e1b0aaf57e5f0caef176d8b
jmchandonia_coral;8a6467255cf5ffe831a03449822ac0a1de8c8db5
jmchandonia_coral;8a8d229b3818f9efd7b04dc504f946bf96b22d27
jmchandonia_coral;8a96b59004fac67fbe5f1efb2a1f3afd29e7020d
jmchandonia_coral;8aa041a3d8fcb7fcda728ddc5f80b2c7cd7967bc
jmchandonia_coral;8aa17e6dd62c339c3ad40726308df15dd9eee906
jmchandonia_coral;8ab46c3694e43b74bbd30bc949227e6b731198f9
jmchandonia_coral;8abcdf2e21dd2489fc9cdbb22a55e392f8021159
jmchandonia_coral;8acc92ffb6fcf6bfd4c68b77733626322ccd8d5f
jmchandonia_coral;8b0d0feac3cffa9cb55025058b2a72d1b7d4b44c
jmchandonia_coral;8b34e323f5d8a0b473b001e479f489c34e35c12f
jmchandonia_coral;8b40a7fd1014fc52a21e7c5f646f7bebc98b1f49
jmchandonia_coral;8b54fe78092a52b6cd6005f8419eb085f3577d16
jmchandonia_coral;8b67f3f56b0c7626e113c51d364706801a605a3b
jmchandonia_coral;8b819d166904054df5d687dce5684c2b436847ad
jmchandonia_coral;8b8276ade5b77fb1f1445095af03a53f15a7a606
jmchandonia_coral;8b9a285aef5be490329dcb92c3d5d9ae73ad393e
jmchandonia_coral;8b9db4534cf52fb30a9621b6ff646a9edf451ac1
jmchandonia_coral;8bae0ef74a8e77761913584eb5a2ccb4f2708d4f
jmchandonia_coral;8bb7158482d42a50304b78499639a355cfd49a9f
jmchandonia_coral;8bcd7839edec31aa8854648fd3dad3ad6d3526a8
jmchandonia_coral;8bd599d0142c95fff8808ae288504496b618a8c4
jmchandonia_coral;8bdecf1d9f90d5e40f7d79cd62e0cc32b1851eb6
jmchandonia_coral;8bebbc17b7e1bc782419dc62e4b125b6c79e79c1
jmchandonia_coral;8bf1ed1a17d132a35ca62927200f88855e37c49d
jmchandonia_coral;8bf908d1fc2e51ce1a06219212781472cc23162e
jmchandonia_coral;8c068f11715b732d6793ab594066189e002ddc74
jmchandonia_coral;8c0f47c8ceda560f80e985e12f7838e5a44ee2e0
jmchandonia_coral;8c2d29f0500f87d374601d2bde1de498e6457553
jmchandonia_coral;8c52397027d1dfaa9dbb7bbf8f509cd0d1f00e80
jmchandonia_coral;8c5607265c8b05e796bab2c16a529d3e9fa07995
jmchandonia_coral;8c60e0386688870d0bf34daa77c41eabf6a03df3
jmchandonia_coral;8c6c32a81564c3bb48e96f6f166521fe27d2337e
jmchandonia_coral;8c89182f375a54c8754226eca973eb958dfe945b
jmchandonia_coral;8ca59c713e64effe7cea7f5ec7bd7c2920e33055
jmchandonia_coral;8ca8267c54b57e2d27a0fd526663a23fe948438f
jmchandonia_coral;8ca8bbfe65b06413c4ed3edc5f4a2f3897248732
jmchandonia_coral;8cdd0e930f4d6008c281a6efcb1646bdd375b2db
jmchandonia_coral;8cf6a60336b86e0f54e02106247876da568ae800
jmchandonia_coral;8cffeea07ef2dabdc2361ccf8d7f76637251bd8a
jmchandonia_coral;8d0a23f2a70c955096eae5d1a08628334ae5a2e8
jmchandonia_coral;8d0f006d7a20fcc742e6944209dc6e3183eadf73
jmchandonia_coral;8d15221579df59f3bf0d63a9a9939d907db4b020
jmchandonia_coral;8d30b0a31ce219ebb40c3f6ae1f0fa2e085db957
jmchandonia_coral;8d68ea692e13cc2ee01e85c6688e6a01389c8a72
jmchandonia_coral;8d7fc90290f81a0ec6a79281bb4b61297ef696cf
jmchandonia_coral;8d8714864004229460903b28ea2af547306e075b
jmchandonia_coral;8da0d7c9389b80044f587b95e210765a2a966c00
jmchandonia_coral;8dc4321fc945f7042aefdebcd63589634697532d
jmchandonia_coral;8ddfb888b668af2897bf27b58e784e7e6b0b967c
jmchandonia_coral;8de832b7364c660587a2d30acf6029b386796536
jmchandonia_coral;8e0efb6207c035db796ee2b2a922dfe33efa7d25
jmchandonia_coral;8e37cf0373404099dfc4125c282692805ae18686
jmchandonia_coral;8e5569c04752ecb551f4c2b466dfb955545ef665
jmchandonia_coral;8e634a3ab00ae9161d6b4bc1497ceb0ed86c743e
jmchandonia_coral;8e6bed143f9e8c3d273c651493a15d78203a49cc
jmchandonia_coral;8ea36810c23da2cde2e308340af5737e7fe61173
jmchandonia_coral;8ead8b0597cbfb5a67caac2dfe5b732d6206e4cf
jmchandonia_coral;8ec59cc95996ef76ac9ae4fe5e6f145fb2804baf
jmchandonia_coral;8ecb75eaf5489ab4d24adaaaec280e06e0e0ad38
jmchandonia_coral;8ef431911bd16d4827866346d6ffffca441005fa
jmchandonia_coral;8ef8d07882118201ba59450d79ff42122535f4c4
jmchandonia_coral;8ef9acb74359bcffd259279fed8225bbd4313f76
jmchandonia_coral;8f222828ee01f949a1d40b18069cc67245fb370c
jmchandonia_coral;8f2b1f2b7e52821543af777ba8dfc4cfcf24ef94
jmchandonia_coral;8f3da22fa4ec367ac46f4a81bd3af42c3f887ae2
jmchandonia_coral;8f4fbff5b82dc1ea0881a2bb0ff78ffcb10ff384
jmchandonia_coral;8f52a1098cae24871b84c43142c01cd64ca0c757
jmchandonia_coral;8f55f84e302ed0b9a5f36eab7d68659fd521ac10
jmchandonia_coral;8f8c9b70625e783f8d859745f06358abd1507177
jmchandonia_coral;8f92b10c78fcc3140daf950b046c86853b94a366
jmchandonia_coral;8f9e47dcd2dea08a40bf79963d31ea735a533da2
jmchandonia_coral;8fa98e78a2857dc78a8f2a405cafab1caa2417a9
jmchandonia_coral;8fba51bab3b11fb8ee57d50d0f36d29267ca720a
jmchandonia_coral;8fd593db8fd8d82f0a079aa949a98b596407231b
jmchandonia_coral;8fd5a89c51244a7dabc0cd2f43940a2fa1e36e85
jmchandonia_coral;8fddb3f1fa90babdae7b37c1a148450637990145
jmchandonia_coral;8fe3a6ff09eae1f899ca27c279a9b84aac77c336
jmchandonia_coral;8fe4aa0f12bff02f2492d78862fd8cbfb009aeaa
jmchandonia_coral;8fe8542019d5d954e28fd7beb9d7365c87c0618a
jmchandonia_coral;9015ae7e16f9f80553074ed30040b0cccae88ac9
jmchandonia_coral;90405b15c12a327edc3585e104b31fd22cb4de12
jmchandonia_coral;904872014a3cc76dfd38176320e196c0f523b654
jmchandonia_coral;90735b1e01f5995cb9250fde027262ca29267553
jmchandonia_coral;9076d651bd465dae97b86ef77332cd5ad961e844
jmchandonia_coral;908fe40926fa2de8eaf4717295c3c874f1e4fa76
jmchandonia_coral;9091ebca644707a0587799cfb9d7909aaf56c22a
jmchandonia_coral;90928153f93a56f5da00869d515eea09dc502b84
jmchandonia_coral;909eb6b9bf4e05718820d2daa23b5f6a0ae94f1f
jmchandonia_coral;90a4ecf460735373df87161873b1b74a94d9e6be
jmchandonia_coral;90c592a482a00ecf389ebce67c31919b9a398d47
jmchandonia_coral;90c7c3d1429d68311f6685c4e8de535223ccd328
jmchandonia_coral;90cb7737db30a1ae90a1e8f7bbdea88d58c3deba
jmchandonia_coral;90d5172335668fd2d1d757e7ee9a102254a1a032
jmchandonia_coral;90dd239b0416252e3788db3b6a4f9975e73f934d
jmchandonia_coral;90e3c302c332591a74fa61b10417ce473e939ed3
jmchandonia_coral;90efd6c1cff6ca7e8b60bdb14f28c9b4664057e6
jmchandonia_coral;90fd3371f4c124cefdd27ec02b48dddc39ba0f94
jmchandonia_coral;91104f3669560fae8d0df66a544fb9dde400b32a
jmchandonia_coral;9128aea42cba519932f45525b6b0dd0193b18b98
jmchandonia_coral;9145cdef639c5493eaa1af52821f862b9037cbab
jmchandonia_coral;915f29ef5cae3214792115b1e6de1dd9227eb3f6
jmchandonia_coral;9162c38fe364cb223570d9598e310458a3fd8cd7
jmchandonia_coral;918db7ea8feac328ad6a69f40fc1123fc86f820d
jmchandonia_coral;9196454c8d3cd533cb93839eba7a3563b0ccf0e1
jmchandonia_coral;919bd0b64a240268d061175c032ec30c471ad81f
jmchandonia_coral;91b5882851b4450c2b7958af875869f828976d0e
jmchandonia_coral;91baa3b271a673910903a19d29451a67f0ff69bc
jmchandonia_coral;91c7fdd0c8574740ed5729b292f5dc4b1cfbb766
jmchandonia_coral;91c8fad7f4533693160f245b47a7b22b2ba55515
jmchandonia_coral;91cc62ab625b34c47474eb0845e46e9d327aaddc
jmchandonia_coral;91ea750ff8007fa2091dfd44a417ba12eba06692
jmchandonia_coral;91ebeee5d55ae8cc9eb7ce476f09797197dc4756
jmchandonia_coral;91f2504e5c7cd2e11bedf3c42fe8e52587c9b484
jmchandonia_coral;91fb200ed47cccc9568d43d8f269a755d204e4b2
jmchandonia_coral;92048c97c99ef571e3ec6385248eec0e15714d5a
jmchandonia_coral;9214782e9fc222a55bc6233d0409c03ec20993aa
jmchandonia_coral;9221d5175773ae138201aefa89175d68d2b45ba6
jmchandonia_coral;9229538d3ae70ec7dd5ed09601fd07e362e52248
jmchandonia_coral;924c9175b58471517e73122631110721c054fc5a
jmchandonia_coral;9261805526483a33d33c382c03068a44901acdf8
jmchandonia_coral;927849f8d7e3ab7c1e4c6f1046a2a95a4981243d
jmchandonia_coral;92785bb529478c4d0a82b17007443fce731a3ead
jmchandonia_coral;92797da91039baaffac6d511cd71e0566b428eae
jmchandonia_coral;927e1449bd7b9c6baf4caf1351fcb92482ec250e
jmchandonia_coral;928b22ebe730c08d479b6a70ac9141b5b7e3bfd7
jmchandonia_coral;92ae981d7e17860b34f9bdc6e809b0fcd75f54b7
jmchandonia_coral;92ba587695cd3b42d10a15ecd2a4aa60e111e62f
jmchandonia_coral;92e064108ea2d2682ed5be995a27debcd0a886e0
jmchandonia_coral;9337267fb051abff4dea44f40c3a78f288f0c8ef
jmchandonia_coral;934091655c3d91ffd1e380248d80f6d20312fd11
jmchandonia_coral;935924621c4322c9813907c3aabb954f78652a35
jmchandonia_coral;93782b879c694c187384e28f3889749a0f896c1f
jmchandonia_coral;9378ed1cb2d4526a1cafbafcd1ce3acd13f676d5
jmchandonia_coral;939a5cbaf506c313bcb044a70891b235067d9013
jmchandonia_coral;93b1612288faeb4f09697caecb6caa864bab77d4
jmchandonia_coral;93ba66a951982200ece3ddab0914dfd3e709d328
jmchandonia_coral;93d5a7098a5db7eafd9df73ff06b510eaf94dc16
jmchandonia_coral;93e01391e32479b095f402814e4a49855e6f1e9e
jmchandonia_coral;93e94a94fb587a8fb52ef602aaca105eddf5bfd3
jmchandonia_coral;93f52b18560c2832bc43ff9d6db14469e9a471d2
jmchandonia_coral;9403539d2130b9b67f4028a0e9c238f9544d292d
jmchandonia_coral;9409ae202df5f9f108c02961d04a765d669710d9
jmchandonia_coral;941b8d0cb36f49408392573c79f7da8f5e706eb2
jmchandonia_coral;9439d1dfc9b8848490ec111cde35f7b0384e52ee
jmchandonia_coral;943b32291a8b8465c23249afdb76a56c6c71d358
jmchandonia_coral;94415d51b15b4d852271360fd59d3c4fa9181360
jmchandonia_coral;944d1771c1c5b4bf7dfd233f514fbbe1a6d26d17
jmchandonia_coral;946728884d088682027fd184f865755808502538
jmchandonia_coral;9473c4338fbcc79da23016bfe5b24bab539e2268
jmchandonia_coral;947690831a4212c07761527391c1ad7a53b5ea26
jmchandonia_coral;9478ba5cf6bdfc5f8b017afff371843748d21943
jmchandonia_coral;948acf5c8cdd5a258e853f910c4e58a14e8bd2ca
jmchandonia_coral;948de84b691840e74b6543b035fd308ecf5bef47
jmchandonia_coral;948f601833382bba11e34c87a55c63f4143cbf47
jmchandonia_coral;94a724a22b14ed5f518e60d907ae5e7bfd09cafb
jmchandonia_coral;94de6764856a6de2f3ffd13781e200af1b440259
jmchandonia_coral;94e0362a6aa22817fb2333d1c3d4fa07a6ae77eb
jmchandonia_coral;94e090bb07dd79830d69fab3e97c230b8267cd17
jmchandonia_coral;94fc77b069c306ef03c9ba444bb59e498ab8d3e3
jmchandonia_coral;951567782481281baf605bb9c6f408d5e82cc26e
jmchandonia_coral;9533b2dcf7eedacd6f85fa5dd1c8afe8828e67f0
jmchandonia_coral;95543b043503a355a1265246943ed180efc321f3
jmchandonia_coral;95695c8bf1a3f59718e6ac69baa4444f26d06e0f
jmchandonia_coral;956adb51fb45c84395a1bc98e18d1847bb189d64
jmchandonia_coral;958491759b625ffe705f66b5f6e5172ab38f07e7
jmchandonia_coral;959ba9459b378a0c3a29a74e9594c4f3d35fead8
jmchandonia_coral;95a9963ccbc4d24bba03df43688f889c9485fc31
jmchandonia_coral;95ad64da2d485a26c84499fa9587103aec0b8c05
jmchandonia_coral;95b65d4a60897387299dd4a9d16c4422248f3669
jmchandonia_coral;95decc27649df0eefc30203477c3479688d0a9c9
jmchandonia_coral;95e5de6365961d96768bea9e6d6a518e04ef5fc2
jmchandonia_coral;95f28bf64b2c0443aba3256cb3e2325987da832f
jmchandonia_coral;95f95effd403ccb9ef5a6b4c05317f5bc610efdb
jmchandonia_coral;95ff38abcbab93daf18d65ea0fd47498213f365d
jmchandonia_coral;96371afc7a17fd173e339ef37ec11d77441ab4a2
jmchandonia_coral;96399e8be3ed6b3d6d4209be37a567c3b5d1f849
jmchandonia_coral;966fd65ffee751c4e95c0482b023909887dc3f2c
jmchandonia_coral;9673a57f3c1fb19e623ecdf6a9a8d8724cb9c07f
jmchandonia_coral;969aa62915acae9a1955e2e36e3f1238c49fcb9a
jmchandonia_coral;96a1bc3d30e1510133e8f9e6a9ff79a766be55b3
jmchandonia_coral;96ac8590615c7712a27b197ebd83a04e149c35d4
jmchandonia_coral;96b9a20cfcd77a59e76223786bfa339f8a6abd8a
jmchandonia_coral;96bb76c07caed873c461d7b7de99919dd765e686
jmchandonia_coral;96d96282f0fc89352189b36f69c717eb314e49e2
jmchandonia_coral;96eda454d592436253b795d574ccf3d4a7c413da
jmchandonia_coral;96f80b1ba6e25a29927da8c33ce380df102e7320
jmchandonia_coral;96f9128d8edfbbb970cc2e6e281c8258d791bb44
jmchandonia_coral;970301b4e88e8a9fc6ea6e3a416a4e1fe5132705
jmchandonia_coral;970fc493e2f06bc76fcee94dcce3d685a1625134
jmchandonia_coral;973ac471690e29b19b8644c7df7253ab74be04c7
jmchandonia_coral;973afce84f1b291d281ec0f3193b7f500a6d80b3
jmchandonia_coral;974ff7e560d06ca0a8c0a260d67707b4135444d0
jmchandonia_coral;9756aac74b72185d9b2b2b5c4a220a3b7c8abfd6
jmchandonia_coral;976b98c2539c2b5b16bf5f47cee75be77c9da7aa
jmchandonia_coral;9788e301e1e19a78b30f4c9f021269657d622db6
jmchandonia_coral;978c7e473daacdf4d5beefb0f4123b90ff5f3bed
jmchandonia_coral;97963b57331dc80471cd6833294b28db3f0c8330
jmchandonia_coral;9797905c6f53baa73d7218eed3da2d282dc632ef
jmchandonia_coral;97a4cced74665c45b4b562c26362996682284d4f
jmchandonia_coral;97a6937234ad123f3241caeb316736556d6a3b92
jmchandonia_coral;97d6524400427c0979cd54cd01a5b4accc27ac87
jmchandonia_coral;97d95919211823be8c101dd8d67027d38ba43959
jmchandonia_coral;97dc3d4c11b40c8bc9de601221abe53fe63a6f57
jmchandonia_coral;97e6488e63eadac3dd6410b62a77e76c7f333f9a
jmchandonia_coral;97e79534cc6d14fe893d6e81ce1cdbc8da068f43
jmchandonia_coral;97f51467e4cf027cdea75c193b38b4d85ea7354b
jmchandonia_coral;97fb80b6f1239b78ded3c7b5b67087d9f239fdb4
jmchandonia_coral;98046bd29d6e6433697d38e4721f13cbecb42d27
jmchandonia_coral;9804e40543b8e9a8587d7bd108ff8717cb303512
jmchandonia_coral;98187545fbf4baec61033412c714be20b5d88429
jmchandonia_coral;981d870ca817e88a7844f3d3c3aeb3d60187d77d
jmchandonia_coral;981df95dce531f5a25d8cb255726c059c83a261b
jmchandonia_coral;98225cdd2273c01837c3661dcd520ed7f18b2404
jmchandonia_coral;983949b3f59f343b824cd9008d6cbf6e85619efa
jmchandonia_coral;983f764f6630bcf96c38d49f5abe6662355d9870
jmchandonia_coral;98631601336a1160e1b7db274ff5358fd5abbbb7
jmchandonia_coral;98662be0260b4f785a36c3d5e79e82cfa5967518
jmchandonia_coral;986984f2fb6fd83cb047785a913d4e4a71dd09bd
jmchandonia_coral;986f65b38c7940d86c02ad0af1b07d691da80ac9
jmchandonia_coral;987960376305b81f402b7ef612f9166a9ce48a33
jmchandonia_coral;9883774b2f7d243e3004eddbdd66aa30311f5eb1
jmchandonia_coral;98ca433af095346bd5344afa7925802ec5f18045
jmchandonia_coral;98d83115d2346efa82cfe71fb50d178686afd945
jmchandonia_coral;98f6e67e1878ea6978f04d1afa3ab960ca43efea
jmchandonia_coral;98f6f0ab51c7c69ed6c7536f57824df2beb72bc2
jmchandonia_coral;98fa3f86ee21bed3d7c6d0eb7947279501272025
jmchandonia_coral;9907b8b5b961565af705990f75841a9eb63e2ac0
jmchandonia_coral;9909dd92e0d8850370c5931d34c7b7d2d9d0c920
jmchandonia_coral;99132355fe3fe6fd0fa46e96d89c255b03fd0ace
jmchandonia_coral;992ff049b4923f52aa254341e41fe171c5a34246
jmchandonia_coral;993667831bb3106723b515ec5a08910b84a21efd
jmchandonia_coral;994b0c697b016ed095ac1f436c60d9822fcff92a
jmchandonia_coral;996978c181280894ae0240f571d634403e233996
jmchandonia_coral;9973175bea9251280c50b99635ae49f470ad8866
jmchandonia_coral;99934b26eb82b9ca34327a128d46f98f8e25f438
jmchandonia_coral;99befe4549e44a80ec4ad9d55d70f3cf219390b6
jmchandonia_coral;99c238a66009273c75125069fa484a1a1fb965ff
jmchandonia_coral;99c6810c91b45e914a0e5eba86776a73a847ef08
jmchandonia_coral;99e738ff509d472f73a65ace0ef6344552267e16
jmchandonia_coral;99e8a2b79a96b0442d9628ec7bb26b80dc8845f5
jmchandonia_coral;99e99352fbef9ef6ef5f9116e0ea0e374c04e056
jmchandonia_coral;99f7e159aa68c84eddc831fa51f01029eee46534
jmchandonia_coral;9a0c3f0a822b9e954b9c7da6301eb9ca3cf72f07
jmchandonia_coral;9a1ba332ffbbac41fdc49bcd628f246d9641c8de
jmchandonia_coral;9a32a215cde3ab89baf949d1bd93fef0d359b61b
jmchandonia_coral;9a381eb2c32bdea7273df17eec6793af896dea50
jmchandonia_coral;9a4c78292f0d4bfb1487ab3b6978190abe256198
jmchandonia_coral;9a58cf4f92bca2c07d5cc2afbbd2806980e1e438
jmchandonia_coral;9a5c0ce9e323063fd149465da68b3a0c2c1ba145
jmchandonia_coral;9a5fc69e0dfebff15752230002a66949f513b4f9
jmchandonia_coral;9a82a9724716987c651350dd8c8d41eb7a25070c
jmchandonia_coral;9a93b14f501103cc9c90251b9627f4483aaf7646
jmchandonia_coral;9ab3ce0642b903c0c46426b3236b4aa2655296b9
jmchandonia_coral;9ac002e9c22bd7de9aa0ae0174cc2205899a5f1a
jmchandonia_coral;9ac9d107055797c761236db13760bbc9694f2915
jmchandonia_coral;9afdad8f796423382de7189722414c9f2f1a90a9
jmchandonia_coral;9b03c081a5cee34eccc805806a01c413d1a3f9d1
jmchandonia_coral;9b0815007e946897cacd3b860c4a2a4f0ca7f246
jmchandonia_coral;9b0ae363f6f0c2025d41d09dcbeee31306410ed6
jmchandonia_coral;9b14b40b0dbc5b21adde9254d146d83e37f807a3
jmchandonia_coral;9b217fdfb3765a71937823f07342c6d55bd30ef1
jmchandonia_coral;9b2e3d324a840f75ea040c2b5987d822a047a21c
jmchandonia_coral;9b3e10709bc93b1fc9a535c411192f7703e41728
jmchandonia_coral;9b3e16a0415469b5a023a947787a974d7d31ad4e
jmchandonia_coral;9b48ad3bf85be6ae20497ba8a1a98e5b0591ee9f
jmchandonia_coral;9b60ce46d88c18d34a36de3d6c058737504be446
jmchandonia_coral;9b72130abb5dd6537b5c3269052de65ca732b9dc
jmchandonia_coral;9b759b8bdbca5a2bf23b9e6565f42fa54031b017
jmchandonia_coral;9b8a35dc0dbf9dc3989c58a4682271e0f89b7e36
jmchandonia_coral;9ba3e7ae341b845c4eb5d714b1e9f14e8df30019
jmchandonia_coral;9ba64c2f8721c90414fb711a6f003913e18819f2
jmchandonia_coral;9bab6e5173565738b939c1227d3d7a36a5048d29
jmchandonia_coral;9bcf13d592417715bd99a798927eb81aa63f441f
jmchandonia_coral;9c11f22d6b6e6adcf875d3f9b1fcc16091599876
jmchandonia_coral;9c2022249d074c0f0b9560bba3dc5eb97605d590
jmchandonia_coral;9c26044c72bedd956e8d316628b664db91043d9d
jmchandonia_coral;9c4bb207c110bd0f20a7fe0672b1bc3818131908
jmchandonia_coral;9c7ef755479c346da9a9b65d8877738dfec0a1f9
jmchandonia_coral;9c84b9d52170f2895fda720b8de2307b13f6d7f3
jmchandonia_coral;9c9dc82e557aa3eda83c162afdb6514dbd3fd1ea
jmchandonia_coral;9cae9bd819f3465ae36a104ee34bdedfe5552a3f
jmchandonia_coral;9cb25c4d6c9a341b97719388d1152e11ab046e78
jmchandonia_coral;9cd29b93c0ac96d7d2f21a6c7f38db70166cc046
jmchandonia_coral;9cde261f7a5725baa06ba095c8857d4dfcda3ded
jmchandonia_coral;9ce130abaf8920b6312117ba3be2f9649d8b16b7
jmchandonia_coral;9ced92fe949f50371a8276deb03a99c92853e9e5
jmchandonia_coral;9cf7fb0e66d495b64261eea072411525683cd28b
jmchandonia_coral;9cfad5e008dea18d8513e7a0de3df3bada616101
jmchandonia_coral;9cfaeaba33d42573a7aeccb2c394087c0abc7711
jmchandonia_coral;9d0f04c541b5cd5e12f4eb661b5920125d2c0dc0
jmchandonia_coral;9d2da19c793e07a6728338ee7469b7f9773f765b
jmchandonia_coral;9d345897b7d8701ce86d52e526f1ccf12e15dae7
jmchandonia_coral;9d4b87007e96473cfbcc3aed5382adc52d5902e1
jmchandonia_coral;9d535845a0df62e16cb2c6e50efb6ec0647546c5
jmchandonia_coral;9d6545097edc23ab6fd9891a7ccdae9f7b6ab6bf
jmchandonia_coral;9d6ec3a69d5d12fbca1117b895b4596d5a540362
jmchandonia_coral;9d727b41a74ea0c031cc57077be0ee5943e016ad
jmchandonia_coral;9d7be6fb0842f99d1e377b437caa6f5d559cafa5
jmchandonia_coral;9d8bb01211268415ece650f87d51ed99351189e0
jmchandonia_coral;9da8a925707cc676efbc0d59bd7ecda117a4e032
jmchandonia_coral;9db7720a3028ebd4b79a9044206507299adcb1e4
jmchandonia_coral;9dbcc25149667473ee220e10062ef6b6449b30f1
jmchandonia_coral;9dc236240ec76d3c4262dbf6a27dc66bf3f8b877
jmchandonia_coral;9dc460f43558b2e58407179f7bd2a98d93a1a97f
jmchandonia_coral;9ddaba66a7577de5b827c2946ea47c0ec33c6b36
jmchandonia_coral;9def35cba6b04b540c568cd3e706385bb7819242
jmchandonia_coral;9df07c42eb220e4b84dd416616a01c1598792306
jmchandonia_coral;9df5590c25432aad78bf65a14c2a1d6ff355d431
jmchandonia_coral;9df65b29828f61d7a02190dfaa186984c4ec6a95
jmchandonia_coral;9dfc7de4262ba1e8e39626a8716b72570432bc8a
jmchandonia_coral;9e09b0c04a7f6861c73e10e3483aa29da08a9fda
jmchandonia_coral;9e1802dfcbc4e73932af5b4bbbaa446f25ddcbd3
jmchandonia_coral;9e1c289dfa062b3cc71bf4840456d948abc7559a
jmchandonia_coral;9e297b2ab187306c0957cd1c1e51abb33b469b04
jmchandonia_coral;9e400a6c72cc3210b20e51abb3b6964a82b754df
jmchandonia_coral;9e436c90c5ee27325424a44b16b3583c317d33b9
jmchandonia_coral;9e4df8b2419ccb7e73b06b7f71616050ccdc67fe
jmchandonia_coral;9e6403e4eb243deda0aa36f46c6ea76d79039418
jmchandonia_coral;9e694a7d27c98b31ac8c9bfec7d34c64d4fd379e
jmchandonia_coral;9e6b16f5cdb00eb0022689446c3bdf92aba2981b
jmchandonia_coral;9e70f1db7f39fc1e1eae4082694397f7d6580d2c
jmchandonia_coral;9e8c6597f56ce40ebdb96866fece8ec0f97ef9f9
jmchandonia_coral;9e915e6a63cf62e2c9e28e7def80864c2677a7d1
jmchandonia_coral;9e93931d20328563b5d1d85c1245490592b74797
jmchandonia_coral;9e9932eb7eaa6df6016ff7b4f2d6c278c1075549
jmchandonia_coral;9ea2c979f6b998f8e786626af5855e3cb01861a2
jmchandonia_coral;9ea9ffdb17ea62afedb83a1620518aa21e2c2fd6
jmchandonia_coral;9ecff600c00d04e23c3cbd93d594cdf25647fdc9
jmchandonia_coral;9ee3160ebdbb6a03980b378ced51c97c0000ab70
jmchandonia_coral;9ee385b67937439e9615f9a2fa73c8a18aa43ea8
jmchandonia_coral;9ee4f47f030c83ec9f400dde9619757441f81f40
jmchandonia_coral;9ee82cc940c00496b7d0dcd782f8483cef830cdc
jmchandonia_coral;9ef6fe2b18e5aec4a3726fa298b77a0c3d0f2ebd
jmchandonia_coral;9ef852c616986d82f89b5ab6783e82ebc3afad5a
jmchandonia_coral;9ef8a3cf76eaa5991eef565238a7a5d185705abb
jmchandonia_coral;9f082b014c5cbc439157130cba5c7486895d532a
jmchandonia_coral;9f1283b34a34a2f758c16cf0c58c2bf71acc01ff
jmchandonia_coral;9f128c873112a78d551d24bf99bbfa27d2698944
jmchandonia_coral;9f13be68e6262630adbe921b5c0d13e20a924831
jmchandonia_coral;9f17079fdab79c1aec11b8249bef1e5ac43ccc74
jmchandonia_coral;9f2d1529a233ebec6037ae97d25683f835454222
jmchandonia_coral;9f2fd394ca744085d0cd2ebf87bfb07d9cd87b88
jmchandonia_coral;9f33b6346f98df654d17a117d544605e96643dcd
jmchandonia_coral;9f496c7d89f5674cefff577b12275becb4262b35
jmchandonia_coral;9f4f2d580f404420618d23a13e7a4b41c48132f3
jmchandonia_coral;9f6e2770462d41a353782b61d8b15bd809a858b3
jmchandonia_coral;9f7c888c8ad79a29b963d8269379cd92bba7b529
jmchandonia_coral;9f7f0cd5d96cd65b1134d63264ac385aff1099fa
jmchandonia_coral;9f848a7f3c709101d78e7f0c2579f8549aeb8338
jmchandonia_coral;9f890ee1e9f2f90d4a4829f76780082b4210fad0
jmchandonia_coral;9f9c1082d674d44696e4c231c63ed31dac7214e8
jmchandonia_coral;9fa51804da7f51f2107b4ade20998cd5f3e6f3c4
jmchandonia_coral;9fb265d966a19f1911672deddc801ed9cc4d00fb
jmchandonia_coral;9fb27c4e8295cf6d36b0e04c4843439f11956651
jmchandonia_coral;9fb856abfefcef1f5f63f4e5610dde7b7164c3b9
jmchandonia_coral;9fba67a5f8d6c7b9dde0c83ebe8dff56df9fead9
jmchandonia_coral;9fd4d4cf164c825731b7b5efccb2b3cd4c9c27b7
jmchandonia_coral;9fd5f57a5dc47a1e168a5d5e6b6c204e30cc6715
jmchandonia_coral;9fd88869167648871fd23f1e2b2f43dc895ba7ea
jmchandonia_coral;9fdb927b2bdc6332164a58566148bef62122c980
jmchandonia_coral;9fe5bc1b474fb29f07ff561b5ae14ba99030da2f
jmchandonia_coral;9fefaa999b405299085e0a907f585ea053ebed99
jmchandonia_coral;a00030e4d84d49b7757d5053c09659d667a78dee
jmchandonia_coral;a01981b7140695739eae02ff84d020e1906d226b
jmchandonia_coral;a030459544063c5fb666556bc35b0c7b60a58e0f
jmchandonia_coral;a0453cdef654c9e914c5004008fdc15432ca29c1
jmchandonia_coral;a045492a072be7deef0852866177ba273c857e88
jmchandonia_coral;a04be1da5ebce4d0138bef984ea578e17d838466
jmchandonia_coral;a059a9fae620d60cb75e332eda5b42178521cd59
jmchandonia_coral;a05bd85ba9c67429cdd35c0dccbe55ae3f769255
jmchandonia_coral;a06a27a37f4735d888807da4d618492e3983ee0a
jmchandonia_coral;a06d0f417b9cea8f3f878d5e10c4c15ac4607211
jmchandonia_coral;a07973780e791c1acf6ba8bfece88cc838d5edec
jmchandonia_coral;a08dfe3f9235aa5184fa8798f0388e33994b6846
jmchandonia_coral;a0907161dfabfa25890130122fdfa193593e39bf
jmchandonia_coral;a09277471b63dc518a935b8bdfab3ebfd5d298a9
jmchandonia_coral;a096818751df20804e92b777ee5905f1e8bc1a6a
jmchandonia_coral;a09c8767611b62024459f025829125afffb8c069
jmchandonia_coral;a0a48190e486d39c82a75581a673eb97053e56f6
jmchandonia_coral;a0bccd7c14e6915a836d47e0ba77f7de70873c4e
jmchandonia_coral;a0dca3e89837c4d1f056c5fc51ecf159d9604b13
jmchandonia_coral;a0e6dd93ca5f46400bd277fa12700db8da9833bb
jmchandonia_coral;a0f15b90a1e69d3d9ebbe197c9e0060f9f27a5fc
jmchandonia_coral;a0f1f33382e525f11e38f4f2618e7758360d8bae
jmchandonia_coral;a0f5e3e9f76fe770bf733c5f966e2706117853b1
jmchandonia_coral;a10699154acede4183c2b1be3e6ede511b7d8e78
jmchandonia_coral;a10cb3ebaedc881931397d96924ad754034a32a8
jmchandonia_coral;a11e84ecf5f0cb9a059307544aac940c68b9b4d9
jmchandonia_coral;a1227a8959598143e69b4d909d2dd50b03b91a43
jmchandonia_coral;a12b7670740929250042a47d53b87f37ed5acc60
jmchandonia_coral;a13393058de3669ef0b951653e9e715147da0922
jmchandonia_coral;a13cb682cc3cee71f3b89f04a26d5799c670c40a
jmchandonia_coral;a16478ac601679b4247f38d07f491b6b262c0853
jmchandonia_coral;a168a11fd541ff043b296e3433041592c9587a69
jmchandonia_coral;a171d398ec1886c1763b19c21efe4b4ad75f3388
jmchandonia_coral;a17e323fbac40563a16202df6d3b4141739dac75
jmchandonia_coral;a18c6c24b26683f94287c63e9a229fc23b6ac9c8
jmchandonia_coral;a18d0279eb4defad49e48df6656277949231476c
jmchandonia_coral;a1935665e63a145b540bfebb73687fd2620bf61b
jmchandonia_coral;a1a5298e90737c009e472fb2599b52cd6c34558b
jmchandonia_coral;a1cc0a102b41e8141889bf9881b5d029050d6a27
jmchandonia_coral;a1f6c0fb193fd2ffd6e96ccc9aac14da562fee8d
jmchandonia_coral;a1ff9946d260411a50949313e3ea2f9c0bdc0cf5
jmchandonia_coral;a201f357d91159d3acf53bc03f85c429bbc87ccf
jmchandonia_coral;a211e2bd93c55e8ad8f7cb360c2a3ad988b7d6f1
jmchandonia_coral;a23de28b0b6f93e4cee075a4fdb07dd4b042051a
jmchandonia_coral;a247fab45417597aea6c30438504b64b24d0c958
jmchandonia_coral;a2625a4d4579f8735b49c29c112e92fd5026c3fd
jmchandonia_coral;a268e3a45db8d97f14265d460b81b50c0c266165
jmchandonia_coral;a27229126e02d09ac49fcb753fb209be665583a2
jmchandonia_coral;a28e4b345bf7af4dd92f470efae0d5d98e319f60
jmchandonia_coral;a296dc6b333d77274f5d7011cde14ebf2769fb62
jmchandonia_coral;a298e663dcd7b5b9efb610a48ef7da330bfead59
jmchandonia_coral;a29eb3dae190ea1827f17c5647e3f222853b4a28
jmchandonia_coral;a2a55c286ff10ebd956ad29aaf9502064e3127dd
jmchandonia_coral;a2abe5d1cf1aff5c0973435d31daf63ca7a219c8
jmchandonia_coral;a2cc30475781d00d72c19340a60516f47be018d4
jmchandonia_coral;a2da0c8ec57d41a286118ae4785695fffa6b76ba
jmchandonia_coral;a2da481ff97340f438fc8eef7d50d3df315553d7
jmchandonia_coral;a2dc8b992f5fb6cd2665446bfa16e461a5d7604c
jmchandonia_coral;a2e6146ec45cf77e667fc1b68c5e209e198e4c9f
jmchandonia_coral;a2e99e2b165aa915d3af017a9c503a59eade945a
jmchandonia_coral;a2f3e0aedf8e8b95279b259011910490059e4a32
jmchandonia_coral;a3016213a9e48a0559775eacdc30b9522c089fc2
jmchandonia_coral;a30fc6548c4b7b0fe35c635fbfe855a830006370
jmchandonia_coral;a310a9f7ff333b3fb02e532004ddbef0813b09e4
jmchandonia_coral;a313bea742b3f3436dc20a5c3a4c35b82a5f7571
jmchandonia_coral;a31dbf48c00a9ae4fc0d51b188fc47303b5e896d
jmchandonia_coral;a32c9a0cf227df984fb495504ef7137d6335f234
jmchandonia_coral;a32e87faeda0a510c11b3d93571d65a751825b71
jmchandonia_coral;a36d6589cea500e1a193a256a67139550533fa22
jmchandonia_coral;a374742fbe479b862ddecf4eab27ca9bb35d2819
jmchandonia_coral;a395034e152e848d14fe999532da31c3a1d95a78
jmchandonia_coral;a396ad388c522163499c514d97f02a8091c8a173
jmchandonia_coral;a3b6c46c8ab7beb3763cc8516dce290474452ff5
jmchandonia_coral;a3c379682cb675cd1f69277688cb68d664c7a3f6
jmchandonia_coral;a3cddb52a00695c4c7313723316ea2dca07b36db
jmchandonia_coral;a3cffab3ec77ca3237ab80bc6ad9e44f84fac535
jmchandonia_coral;a3e1011e33c251abb71b78005459626291920dcb
jmchandonia_coral;a3fb10d532df127f2b4a2e51c0ceb96ab377aab1
jmchandonia_coral;a403015d505a61c7ed6b1104a0d6a52f32aa9dba
jmchandonia_coral;a403e7b454e335b7ccb2d4a8583bdc0e6e8e0feb
jmchandonia_coral;a42835f0237245b63246039883a0eb365d096cee
jmchandonia_coral;a428481421c1170d895012ddf6e57743d88f7620
jmchandonia_coral;a43780f858798a442b10dbdc42a42bb9e42b4772
jmchandonia_coral;a45006fb9b87e7d596499edd52b4126c63a6c76f
jmchandonia_coral;a45772804e0d25fdfea0db555a0a72d4c5f7aafe
jmchandonia_coral;a4579ba59268505cd1937b3901209eb54558053c
jmchandonia_coral;a458208c0668c66bdd62f861accd770e7085cba5
jmchandonia_coral;a4611170aa1d5c3c6e321e20b8959966eb989354
jmchandonia_coral;a475ae6161710179f924f5a53ea7a10d3503d40d
jmchandonia_coral;a4aa2036a1dd6a8091b20f0850e4cea5b3b1af3b
jmchandonia_coral;a4aa9e0a912d45f853e6bf75eb986a55014e884b
jmchandonia_coral;a4ad689e8e7b225d7bebc03e4fa6ffee8fc96622
jmchandonia_coral;a4adb894d2a0656163dd640445bbeb0bb566707c
jmchandonia_coral;a4bafc71d8368238a128dd700fdab76e1f54f3f4
jmchandonia_coral;a4c4f55a0b5670ce78cae08ebd8fb3b2726587a9
jmchandonia_coral;a4c91b5357d5c421fc636af026e4d7bea1791fc6
jmchandonia_coral;a4d1e02f6d006b150a82df799ecb86f0f4077e52
jmchandonia_coral;a5046dc6d69455ef57e5280f80d83277c89f648f
jmchandonia_coral;a5068b6fde9c1085c6da7c90b587deefe48998e5
jmchandonia_coral;a51168d841abbc0b7b65b6100a78cbe893b935a7
jmchandonia_coral;a517fbe4a90799af5c5767b8127239bb04bc9411
jmchandonia_coral;a543d5a993e02ca7564c9ff1a5f6b0d6faa77830
jmchandonia_coral;a5506d83985f8aab1197eac6c992a48997bb592e
jmchandonia_coral;a57572c41c6883acb231efc25a18546e129d1e20
jmchandonia_coral;a57926ae21313fd8956e52103303bb2ae2160501
jmchandonia_coral;a5875e8cedc7554c702c8274654c96dceb9d5fb9
jmchandonia_coral;a59ba597ba8b11aa06271bcb405ce2305a29693b
jmchandonia_coral;a5b08eceb187d13f611fc7a5622ed7416079ca9d
jmchandonia_coral;a6010c6411946851ed6801857f5a689e1ea373ac
jmchandonia_coral;a6112595a12bc502d0fd2eeb70e53a60f1b15ea0
jmchandonia_coral;a61b6d39f3f263afddd70ce7a6f29932a363a8aa
jmchandonia_coral;a61cd0410180f3d1ad38da103dc1fffaff9624b8
jmchandonia_coral;a61d9617da2282fc1cb1b3a6a9a4cc81b198b72a
jmchandonia_coral;a6275d2cd912f67ffd7d23250680303eb01bef5d
jmchandonia_coral;a62b3af2230a9e94e85b5276e1865a691c3dc64b
jmchandonia_coral;a6446b6cf8ccad2b30e8075079dded20af6b153d
jmchandonia_coral;a64505e53c8feef958b5c466e3a4a8435103b767
jmchandonia_coral;a65ad0a0ca6cc6abcbb86de8dcbca8deadf4fb48
jmchandonia_coral;a661a5863bfefef25a1fd243d94e577fcd0a0a75
jmchandonia_coral;a66b7edf6d2dcbb33e102eab9e8cfcf2fc26ef57
jmchandonia_coral;a676545335ca6bf0ee9bc77d148fb01686af5b71
jmchandonia_coral;a67af405e0dfe57b280f082e9b6c601061f44b1a
jmchandonia_coral;a682cd41785bf27dc80c69633cbd56c41a7a5c93
jmchandonia_coral;a6840b2777419416457921759463a20eff3db05c
jmchandonia_coral;a68431f823037a6a5f5f749aed18a64c883790ed
jmchandonia_coral;a68841fea5a1149b97df4c582ac0e615da8f3089
jmchandonia_coral;a68d90e9dc6e3d3797b269659ec18cdba58b81b6
jmchandonia_coral;a6a9fbb9d26254a1c4bf883b1d8c25b13c44d4c4
jmchandonia_coral;a6b2c6227f38a860987a827b66ebe356277b648d
jmchandonia_coral;a6b9bc4b57c456c166051b5fc72c9e28fb183390
jmchandonia_coral;a6b9defdb134f911bb7cd56c7791a03bd109aadd
jmchandonia_coral;a6c0bdff31edd082580728bab1f4a6706738fdaf
jmchandonia_coral;a6ce6d4da5e83007f3649ba346e9bc85c100c172
jmchandonia_coral;a6db787769a7213d0e84dda1623ae64e3c170b7b
jmchandonia_coral;a6dde40576f5248cfacf1db4f2ff37bf61b1cbb6
jmchandonia_coral;a6e53b65425e4d1537b080ea75b925f94afa6147
jmchandonia_coral;a6e9b862647a39f8bf6eb21d2584b6e1cea48b8c
jmchandonia_coral;a6ebb12ae967f0b06be3cd0fde52b9d1b1de9ad2
jmchandonia_coral;a70bd3b07a3e7ff7db830ac98a736348d66a7c56
jmchandonia_coral;a71e3024a64d81f6876cd4a64d8e090af968bfbc
jmchandonia_coral;a739fc26d02eed08514172ecf2e5a633efd11649
jmchandonia_coral;a74c84521eea0ce7b97f071bc720adfd8fd0cbb8
jmchandonia_coral;a755d8aa1b5bdba614ede7dbc461a30d95ff9630
jmchandonia_coral;a757da3116e7f989765c806f5163016519e47b5e
jmchandonia_coral;a76c77ebdd8e3fe6022e60df1c900ef12f1518f8
jmchandonia_coral;a78c24c145021d6bea83ea44a075856a0d03daed
jmchandonia_coral;a791c8b9fdde94c7718843fed56f5ad06eaa6062
jmchandonia_coral;a7a68c3b28da9ddd64c4e6f5af56d0a89da5ffba
jmchandonia_coral;a7a776260546c07a7be5a46d5158113c305e2374
jmchandonia_coral;a7b2d3428392640a185b0e971c97077934faa5e2
jmchandonia_coral;a7b536047255bca281aa874973298a21338c7db9
jmchandonia_coral;a7da8d30313b9ee9329072024e2e774fa0678e34
jmchandonia_coral;a7deba8ffdfe6e132784fe88a332b743709d48b0
jmchandonia_coral;a7ed4b531cb5d91ac25e4ed5d1865095767d0e8c
jmchandonia_coral;a7efd94a7959f8b24684b5f4d0408a721f37f7ae
jmchandonia_coral;a7f37b6670ba47b90b795672c2ee20ba31ddaee7
jmchandonia_coral;a7f607d3e1817c7b682ea801b9063e6591ef0d38
jmchandonia_coral;a7f8c91e6c0e84e959dfcdf6dc81d61f8706fa14
jmchandonia_coral;a7fb3da90e3a186c022d403370754bfaab8df785
jmchandonia_coral;a8023ff78a70fbbb59d906c1abce59457cee85af
jmchandonia_coral;a80ff495c2af8763873355526f53ea4801e7e21b
jmchandonia_coral;a812b0f7603d0df0c8d1c2c7d7752a91eb7a2ad5
jmchandonia_coral;a81de1001b283ece20b037c6a761df3e39c88a7c
jmchandonia_coral;a827579cad5ec1a74a5d4e4f02f6fac54e7cbcc5
jmchandonia_coral;a82ba9f321d361ae8a9e818c306ca49aca9f8183
jmchandonia_coral;a843365efb79a588762f882ef58740e2f3cfaddf
jmchandonia_coral;a85bdae039102d64c35b4f0c0b54f4662dc3fd8c
jmchandonia_coral;a88a4ca9f3c6b2d6c9245ee57f0aedcc6573cf8a
jmchandonia_coral;a8993b84bf2163ae2ce267eda4d9d61c5b7ee02e
jmchandonia_coral;a8adbf5511df64803a5772c17b2a8ad480775c2b
jmchandonia_coral;a8bba5454a330ba643df9b765cbfb63318f15436
jmchandonia_coral;a8bc697d35ece57f888705298abd7af6da9ab30e
jmchandonia_coral;a8bded9752f1589133a5b3ce8791f60060125939
jmchandonia_coral;a8c4db268e4919fbe374d6fd3fd7db1af418ce43
jmchandonia_coral;a90436f4a2136dd32c1c62336650db555d26cab1
jmchandonia_coral;a904e7aaf0fd0ea090ef79d1333b85b03af883ce
jmchandonia_coral;a90b9645b6c2287c13e77a6677a4815aab2ea8a3
jmchandonia_coral;a90e3355cc4f99de630afae8367c840b8de24a1e
jmchandonia_coral;a91175ad871e3b4e1ed3238e4a7643b0e6434d87
jmchandonia_coral;a9139445bd4771a34bd3da2cda174161852c5cc6
jmchandonia_coral;a922f68a02997d7360f2aec09e112e7f36c62a11
jmchandonia_coral;a92ac254a3bd687cf4b5ebd0cf3c1b5b9e0b8fb1
jmchandonia_coral;a97913a366ccadb313be31cb4f9d7493bcd99b9c
jmchandonia_coral;a984f4153fd0e83ca346605d2719ce4201bfbb29
jmchandonia_coral;a98bdc1e025aa178cc462b6a202420b5895b30cc
jmchandonia_coral;a999c07e509ff78ce7d0cedc29502723dc97ee4b
jmchandonia_coral;a9a84bc52a30a52e29f5d29b2720eb0f52fae488
jmchandonia_coral;a9ad50f03431b0a55186f96461610ac5be00a7fd
jmchandonia_coral;a9bb100817e0e5202f63b9b581b8096671a5f045
jmchandonia_coral;a9c6e4173d1ca6510fda569f2b4a3295b52d45d5
jmchandonia_coral;a9ca0c80fdc165884638f4d7aea7dcb6e73bec62
jmchandonia_coral;a9d60b41cdc72030191bc9839debdef44d889c73
jmchandonia_coral;aa0dfb1c3a2245099a0a6c2d4e02127a78757a0c
jmchandonia_coral;aa16cf5b97facf47d96ad1ef39e8adced9b02917
jmchandonia_coral;aa3e9982499ed57a4a3b7dbbd46c8bd2700130d1
jmchandonia_coral;aa3ee076feac639f96a14147ed5630a675367be0
jmchandonia_coral;aa59786ac32ce64b5baeb7bde178fd9ebd756571
jmchandonia_coral;aa61fc0ed4c24f071f36e81b8e35eaf0974a3245
jmchandonia_coral;aa6506dac75302f2ebf7a4def4833f3004db9368
jmchandonia_coral;aa7c787d6b9b19c072538ac0665a86080af9679a
jmchandonia_coral;aa7d3b3a0b8a3e2e5e305e6d2984c39afe7796c3
jmchandonia_coral;aa8cc95489499ebcc2404d71339338b59dda390c
jmchandonia_coral;aa93e30612881851cb1a44786b764ce559abc3a8
jmchandonia_coral;aaa34e066d74b0b9bd425601dbd304c85d79954d
jmchandonia_coral;aaa5e88b05586d3b486b80970f1392ded65c84ff
jmchandonia_coral;aada2e5a82fa96a1750930c4e85191dabe98567c
jmchandonia_coral;aaf5cfbe9825fb318f0876d9923e49ae5459e12a
jmchandonia_coral;aaf7348244c5271d8bad2e812d9a8aa1f1551416
jmchandonia_coral;aaff86e834461a3cc498329b370c80faf9f501ac
jmchandonia_coral;ab0d99c365d6b8b04d3b01f8db46bd278b9f970a
jmchandonia_coral;ab2e56325d175e7063af3917f1609e359c2ff9ba
jmchandonia_coral;ab3beb833d8495aa570e0c402f70447c5ceaf969
jmchandonia_coral;ab5bd0529d7e3ed326d340d8d401d1b4f030e1ad
jmchandonia_coral;ab63ff42a512e5bbe6c4a973e8c782a04836441b
jmchandonia_coral;ab8832a503003ebd61c85247398e36d615c45dae
jmchandonia_coral;ab9c3db84b770a13200cc7683c147c5e7634311a
jmchandonia_coral;ab9e9ffdfbf23f5f729c0d0994537287180bb8c6
jmchandonia_coral;aba05dfa37e3026c17fa686c7e596e9a768b41f0
jmchandonia_coral;abb8fa7bc52d90db9ad05c8d5fafee08b7b1e490
jmchandonia_coral;abbdd88af459b00422c0039d83f781d6f51761da
jmchandonia_coral;abc1571f4a2678c13771e653c872594959a8c345
jmchandonia_coral;abde57792888b523ab52ce50acea451c49cf73e1
jmchandonia_coral;abe38e4fc121c1f065d334c2287a3c5039f8a047
jmchandonia_coral;abe70c9833578c31c4f2b74ebfdd54038072a49f
jmchandonia_coral;abf3adac735fd5311a08ab5b1e6b848f18bb662e
jmchandonia_coral;abf9d2549a16c14feb613b193e4e2071d11758e6
jmchandonia_coral;ac07cf41030446d05c1d7403423042aeea31504f
jmchandonia_coral;ac0c68bcb9609d4130c8dd2cbc9795b4ee4dde6a
jmchandonia_coral;ac0eed6d47b037411587fed3272b84baeb1606b6
jmchandonia_coral;ac0fbd31f8af2ded53364c9bf58f8deb24b8827e
jmchandonia_coral;ac2286f6aa4b7b6b964841248be37c51b8f52576
jmchandonia_coral;ac2781cf74e720daf51aa367cb03238966eae3d5
jmchandonia_coral;ac2c608b01e5a3f3a4e0137eb185e9e6ccd23e42
jmchandonia_coral;ac3d6cbe9d63fa7f9178289712de226ff5a2f713
jmchandonia_coral;ac3f9ec9c4a44cccc47fa8d90774cc053189e467
jmchandonia_coral;ac4624f88dbb74fec27bb1b0f61952f57186d781
jmchandonia_coral;ac4da1cffea8f40bd2dcbb10ae573868f5ae4d8f
jmchandonia_coral;ac51fb74cd245a1510d35ec1ad308337c4c10da6
jmchandonia_coral;ac54d6710b208205c15499cbce66a4c89f52f8a5
jmchandonia_coral;ac54ff8583cf5afcf1728ed0fa0f0a56b33ba6bc
jmchandonia_coral;ac7757753b8088e90e8a8ffda896edc907ce1a84
jmchandonia_coral;ac897c5278b50da5b88767ba67e4cf1ded10b2d3
jmchandonia_coral;ac8f72d7ddd8fd29e9a82d22f74745b5f8ffa3cf
jmchandonia_coral;ac9519d92ae623c6c9388ad793ad1263268e5adc
jmchandonia_coral;aca142116b8e3c1d10aacaec704ffe4832ed4d62
jmchandonia_coral;accc14e06f450949525f250916b2f5c775b8d189
jmchandonia_coral;ad0defedcf566267a6999fb901304548a4163757
jmchandonia_coral;ad380632ab438a5899b719e772eb992411787b07
jmchandonia_coral;ad47616de20f70da23bbd4fee5a9abf174cc5422
jmchandonia_coral;ad5946bb2a32724acdcdd34ee66de00f150c74c1
jmchandonia_coral;ad6b438bfbe1c81b1eee2114b958266e7dfe2318
jmchandonia_coral;ad7b0df6f4ed3d1836b58cacf26e8513b697fa08
jmchandonia_coral;ada6943b69e7021dc47cf58c5f68f207f5bef2b0
jmchandonia_coral;adb70ee57bc734fe9fa977769b102b05cc375e79
jmchandonia_coral;adcbb59f90516e5395eb8a9fd8cf40df2c2a1ba6
jmchandonia_coral;add7bf5117a643ec7af30d361f4b3afc84e35fcd
jmchandonia_coral;adda6a5192bf64bb2e1beec452eabd4da4071ae6
jmchandonia_coral;adde36444902030b1843a49d34510d6ace0c4a86
jmchandonia_coral;adee205ef2939e1216ae12d8feb3902f7e20a30b
jmchandonia_coral;ae1ad1aee6677e9e078675b5974a798224cc0ac7
jmchandonia_coral;ae260cf4d3da793bb43e5daa3eea0ba9736bfe51
jmchandonia_coral;ae54f55fe88e228fba677f9ac095f2ab5f73ec08
jmchandonia_coral;ae628b753d7a79f1bdde158d6ef059c56c8ae291
jmchandonia_coral;ae6cfd2ab6baec5a559bf5eef134f2639187f7ea
jmchandonia_coral;ae6d38cb3298a4f867b6eacb11d92335191f563d
jmchandonia_coral;ae6e8a59a58011e02c4abe1d825ba1725c469b4c
jmchandonia_coral;ae730584d14aeaac8363da39e27c6e151c19e5e0
jmchandonia_coral;ae90f39c1ccee5b1ebed18adcdadab9433efd4e1
jmchandonia_coral;ae95f26a4abbc62ead00a11dc6fa9e8b289c5045
jmchandonia_coral;ae9efbd0cbbba83b0a544d8c02791115b55924c7
jmchandonia_coral;aead28fae392ac7cc4011cc12c8b83db374fbd2a
jmchandonia_coral;aebe3f5826ece18d8739a0a66c89a5132f359d60
jmchandonia_coral;aed1f92a38121ac375b7a06059a6c6a654c6b9a1
jmchandonia_coral;aed5d102f6c564014ce2e50c14da7579f7c5051b
jmchandonia_coral;aee30bbf42e186e425085d20938f36a1a64fbdf1
jmchandonia_coral;aef27ac8a645ee25d07f18962834751b291fc1fc
jmchandonia_coral;aef3a7015883060839c989578097ee63a924884d
jmchandonia_coral;aef4f6a451f1eef70e6ec33c65ecc4ac0d04a72a
jmchandonia_coral;af00190b31c72264c1fd5c39ec878f4ca691bbbc
jmchandonia_coral;af003a3e470001a5e5db17090b0c4c8be8060072
jmchandonia_coral;af029b5b0e4b7332cba040d164873b45f58fc033
jmchandonia_coral;af2c8aa9ddcf0f131b9417869933d58d3239a547
jmchandonia_coral;af2e40cfa608220ef5780d5d43233268762e8903
jmchandonia_coral;af519e15c35dd8beb75c17e90ffc540db150b09d
jmchandonia_coral;af5d4a478c0bb82bd66813fd4801f19e8510e60d
jmchandonia_coral;af5ff9a7642764242547d15279a8a1efc55e9edb
jmchandonia_coral;af8d2a60fcfb33a2aaf4c0a41f78187d97e00ce5
jmchandonia_coral;af8de095c5f3123bd7a4660779cbef4f4e7b3242
jmchandonia_coral;af8e93946db53814fd33dcf72e9e2a727f8789e8
jmchandonia_coral;af9b176bd469a5b2df4a9657466bc5ec12b773f5
jmchandonia_coral;afbb85f4da8466228979188429512f20ce0b81ea
jmchandonia_coral;afd94ac8fdde82109168586e1b7f673c7bd375c7
jmchandonia_coral;afe65909e36965e11b6c4b41988571aa83d4c023
jmchandonia_coral;afead4cf766a3e2d2cb29a1adf4a10409ca320a8
jmchandonia_coral;b0041251e72cffee4015ed85fe7bacf5effbe1b6
jmchandonia_coral;b0068c8e11260be2d06b97eb81c48cc4c102ab6c
jmchandonia_coral;b034eb4bf769aee237018cdaa7782e674c7b22f1
jmchandonia_coral;b048fa4e040d2f8a18ca16ade54c298f4fcbc90b
jmchandonia_coral;b0540fdacf0a66dede670d3e957d91f7981eca1f
jmchandonia_coral;b0579abaec642da1afb58b9072b5b3998da15272
jmchandonia_coral;b06c2225e3e0300ce9111ffb31d114119c45e655
jmchandonia_coral;b070f9ba5e7bf6b4509162033d7f568651664d0e
jmchandonia_coral;b0718eb7ffea5ec6886744bdef3bae004670d6bb
jmchandonia_coral;b0a5eac3a4f4f1f2240396256764d0222e5e7031
jmchandonia_coral;b0b3ce37be1c0ccef3d82d8567fc6a7d016cd7f0
jmchandonia_coral;b0be9d0e373f7f559614c3c5c11add7222538bd7
jmchandonia_coral;b0d2e4af3aafd4256f9de4bd9acfe8adc5414e10
jmchandonia_coral;b0d75f19365cbe3af81957345b87b319b514b3b5
jmchandonia_coral;b0d823856f883b3cac147f1e55398d0a9f8d101c
jmchandonia_coral;b0dd18e4d4ff7cac82a05d933e72acb179eefabc
jmchandonia_coral;b0def440cc82680bc52daa3d91fa60f9ccba8a25
jmchandonia_coral;b0f22a7cf94f3aff99863b8ad54c880366902717
jmchandonia_coral;b0fb3623eba002b0f0e48c710003dea78688bb7c
jmchandonia_coral;b10edcfd7037d9dd654510a04379f1a3e8516fa9
jmchandonia_coral;b11679f395ef7a3a0b9df7403ec7465e7ca48d8d
jmchandonia_coral;b13e8621c8914c1f3ab2da6dcd2cfc06e404f477
jmchandonia_coral;b14784ed4410f2e1b86004b81f8a068469ec5a18
jmchandonia_coral;b1535766d2736bbd66d1d5a7822b9eab7488dd56
jmchandonia_coral;b156e21037146e1d780085b611c307f88253898c
jmchandonia_coral;b16273a4948922a04590308a94fe7abbbebd1f21
jmchandonia_coral;b1687b357a6956ba8d52c41c66b96c28e239fd10
jmchandonia_coral;b190b81e7b51b4b1c205120814ded43044995f89
jmchandonia_coral;b197aa9e67ca2b820a17da034d3228f99c1181c6
jmchandonia_coral;b19fbace0c70752c70bd358f34e92804e41b5698
jmchandonia_coral;b1a5846ee06fde22c3740144cdd85bab07197f0e
jmchandonia_coral;b1cabd7d326c9e65be8c9a2490640d731449e397
jmchandonia_coral;b1d476ccfc78c6875a6c17bcf441eb6a69cc2355
jmchandonia_coral;b1eabef820534e2419fa4b0a011232bf470df62e
jmchandonia_coral;b20227dd0d7d75f533130f930e3b9a47ebd26894
jmchandonia_coral;b219690645e548a42a0b233e9974b49b58de94fe
jmchandonia_coral;b2212752019bbe5441864d0c2bc4d17d42f624d4
jmchandonia_coral;b22172e7e131bbac856666ef277b6bce9c47fc3f
jmchandonia_coral;b240fbabf9bf78cba8e120fe1cbe0d64fab2f1bf
jmchandonia_coral;b2442c15991d5cea64690e1619f4a8e417dbf69b
jmchandonia_coral;b24be7d63e05e94e60c0ac09c7f533cf395f7cd6
jmchandonia_coral;b25c1dcd94c6dde097a483ae3768d89361da9b81
jmchandonia_coral;b25f024b3f4d938dfbf151295641a53e15bb5d0f
jmchandonia_coral;b25f4724e2008191d4d5955aaf1e896df47c70b0
jmchandonia_coral;b25fac2ecc5131a3a321f788085585d7f98182b2
jmchandonia_coral;b29cd2ea673dd85ab62f295c88a1b3c212a68a17
jmchandonia_coral;b2aca72313bae1c1b954aee9ebf1d6cebd5120bf
jmchandonia_coral;b2b99f8cf39e7c1fc7ea50c6a004135e3408ce68
jmchandonia_coral;b2e5d0c095a1bbae3fb6defe258df230f1254c4a
jmchandonia_coral;b2e8991306a68dc454e88c21e4e4e1b1b76b5402
jmchandonia_coral;b2f0b4069bf4a644a7fe474dea71cf1f02038091
jmchandonia_coral;b2f1b7919df4109b0cb591aa5bd71e88cb94d81f
jmchandonia_coral;b2fdb5b9123fea43962951fc078cc733a6cc848d
jmchandonia_coral;b3043e87fc819d0049d4b451a1b16b3abc935e38
jmchandonia_coral;b315b35a31c9fe510500ce18ac5d6941b2abe627
jmchandonia_coral;b326630bab52b93633d53af1a089bf2c71b4d5af
jmchandonia_coral;b32694040be7c9a0bf7b9285c0e8473a889aa096
jmchandonia_coral;b336991857f25843157c227f4e7fc6528c7d262d
jmchandonia_coral;b3375f5d521481c155f3e7bd73fc9ed7e6f8bf82
jmchandonia_coral;b33b34a53fbeae1a8318635afc34d6a01944c9fb
jmchandonia_coral;b34b433d9151ce5af41d0a75ae707be92859ef68
jmchandonia_coral;b36687280cb19bc7d7473de75ea215d62089f993
jmchandonia_coral;b3929c53fbb979a1b32f899dff7020b51690d983
jmchandonia_coral;b3a03a80d6b80b43e5acc5ef9fb23c31704f3948
jmchandonia_coral;b3a5b30902d340cc8c96ee7580b82d9c5f964f46
jmchandonia_coral;b3ca2499aadd1ceb773a43aa3ff0e830ff6c39d2
jmchandonia_coral;b3ebf4e9fa9a0a376f7d3fe60c0934ba367aaa89
jmchandonia_coral;b4065209614c4168dad8149cc24d44056cf92393
jmchandonia_coral;b422dbad780e8dabc045fbd3775353d5f5b490a0
jmchandonia_coral;b43faf3f6d650dfee4557851a555611e7b856988
jmchandonia_coral;b440282ff2e0684b8a6013444d61c27eac4bc36d
jmchandonia_coral;b4461901554f0bf9155bc595b7db0562bb5ec11c
jmchandonia_coral;b46be44267351fd83085c068fb1fa571a06b43b7
jmchandonia_coral;b478bef38bab6d06e7962c19f379855a96343f70
jmchandonia_coral;b479a3d17a307f2e83021b06bbe50ec0afec0539
jmchandonia_coral;b47a864c1501b44f7cedaf4955e59570b6965d19
jmchandonia_coral;b47ca3cd5a1de228c882716ae57f88f9bc172941
jmchandonia_coral;b4b606fb3b3d43dfc05c46cbeb0122782b21d9bb
jmchandonia_coral;b4bc01569928c80400bba6eae1dcc862b1a972f5
jmchandonia_coral;b4bebb841fa9e575ae90f80e6cc19d71948e6477
jmchandonia_coral;b4c0dcceb115b638f11e0d88476cae106c77f7aa
jmchandonia_coral;b50698662f2f8fc197b04c4bdb3c5b40235bd210
jmchandonia_coral;b528a07596b701a6e1f96fc730aaf80547009337
jmchandonia_coral;b52ed71b6b6d5f3dd464b10a99b6dfdb8c923a96
jmchandonia_coral;b5519c9e9934381c465bfbde7c0e429b98871464
jmchandonia_coral;b57d5cf5e96833d556edcd5531cc56456bf7a368
jmchandonia_coral;b5831d5ab99ec5f36d95beb88bf98e1f15838b28
jmchandonia_coral;b592f60509bb8f127180ee819cca696d5dfad34c
jmchandonia_coral;b5a9dc7b6d5304f9ea9003c45298aa0ce7b12e0c
jmchandonia_coral;b5b4db2d0a431083a46184849678f8561686002d
jmchandonia_coral;b5c8d678b566c869465b740f8ad4983a85652d89
jmchandonia_coral;b5c8eedc011c97f430a968cd5a596228ab45575e
jmchandonia_coral;b5f5291bd9fbbdbef55b98dc2fc172dc6d67b31d
jmchandonia_coral;b5f6c96501a590aea5ccbfaa40c16bc7fe469819
jmchandonia_coral;b5faff2a760c1c26e94923399652b148a5bafc17
jmchandonia_coral;b60033db2256420d70c6bb2cdc52ebd51a81c1c3
jmchandonia_coral;b61b72f9bd828934080efbea5890474a005e88d6
jmchandonia_coral;b625ee6910a9963a534bdf3329b35d0eb2b2af58
jmchandonia_coral;b63107d0fa94fa231f05184836bd5bf13513fbed
jmchandonia_coral;b63c4f07712570f2739d36d20054a56b6f7b644a
jmchandonia_coral;b643ca8c194cedbddec19f1e6edff8f3a52e04e2
jmchandonia_coral;b660cf26e9f11aea24c91299a1c30ae8f5893dd3
jmchandonia_coral;b6776082a32ae1876c950300bb31f0ae960eb3ca
jmchandonia_coral;b68b9e3a5c0faa6a0d7e8bb7bab7290d0e6ce50a
jmchandonia_coral;b68da793153ac9ed88c26a3e073b8f8b305de89d
jmchandonia_coral;b69de81c3a3cde572caddd4c44438fc8742e39f1
jmchandonia_coral;b6bb5a39e7cc3c0b821ab22055a98609f64ad835
jmchandonia_coral;b6bd32989a475c1555140379d313aba8735b4c84
jmchandonia_coral;b6c4b4ada636074249e344a58579bae98fc07c42
jmchandonia_coral;b6ca4833befa15987152f924d0b484e6447aec11
jmchandonia_coral;b6d4ec8ca0bf26cd2ad036883c919751bbdd50c0
jmchandonia_coral;b6fa244bd25f690807084458072b079d3147be4a
jmchandonia_coral;b705b91dd4342e723fbdc1a8c662721efddcb140
jmchandonia_coral;b70849c2c65660865576186929011decf3ea975a
jmchandonia_coral;b71f8d0412b82e3047a254a64227212520429cb4
jmchandonia_coral;b728ccd2798791c071a82705e9200153eeca81c8
jmchandonia_coral;b732fa2cbda34901561e1bcaafd173f85ce5ad3c
jmchandonia_coral;b734926d3cebf11a6d5ad9a829ba91d240bc0aed
jmchandonia_coral;b74a7484a6f71c2d37d7cfdd1dd8caf530050dd9
jmchandonia_coral;b74c0260bcdec0a7e8ae9c65ff4c3c497c8cf1b1
jmchandonia_coral;b761ce6f4aa59b235c7e5ea083a1b93f00a0e67e
jmchandonia_coral;b7662f59ee28b7e3bac74f7f75c22e55f8142b9a
jmchandonia_coral;b76ec353af5751760cfe471b1ab0c8fda5f208b2
jmchandonia_coral;b78e0cf29f0ac5f1ac0522164d0df97c1681eb4a
jmchandonia_coral;b7a9f2ba898124d4172279c6c4ebf4e0b00e0747
jmchandonia_coral;b7f0d319696be79b7b9af2e73579c33d51e363ed
jmchandonia_coral;b7fb0a6c9dac112c98ef70d1a9facfea1cbc994c
jmchandonia_coral;b7fb364a82caf2fd5796745cca4dca88d04bc43d
jmchandonia_coral;b82631e740c0d311f5614fa4bdc0d7d5dd1d4716
jmchandonia_coral;b8353ce37189b7af3a4c3a47421981c8a2f79d77
jmchandonia_coral;b83993f78c02189e5a27d1453b80fd062c3538a6
jmchandonia_coral;b8438638385104a99282d06a3be800be253d0a1d
jmchandonia_coral;b85e1d4253777c20216ab8ef8ae7eb35b59c7814
jmchandonia_coral;b8614c2f56edc2f33ec32ed6ace67b2a38764960
jmchandonia_coral;b8c2dfb106877e3a03afff686e7f3f2984f9cc1a
jmchandonia_coral;b8cb98f7efd0c7bf2c58d6f8a25655704abca0d4
jmchandonia_coral;b8cda526c1b968a44865fa9f2c2ce86b4477db2a
jmchandonia_coral;b8deffba3f6710da3d7079efb7b4761018dfc57e
jmchandonia_coral;b8e92485abcc10902fe0e58f774a11b066203aa5
jmchandonia_coral;b90224a71287b455e446b1d206a71ce69c9a950c
jmchandonia_coral;b90bf79cd731378761f7842d86f649918c6b65a8
jmchandonia_coral;b91539f76bef11c2d2e2c1c78b1963ccaba6fc58
jmchandonia_coral;b92bd7649da48d7e85f2cf222372e2be7ea71aa0
jmchandonia_coral;b93764b17ec86810cb257da7f32ef81466c2ffad
jmchandonia_coral;b94674026339bb01530adb174dcbd01c9b303f6b
jmchandonia_coral;b951911aec85998c1c9daf5c495a1232a9a6dfce
jmchandonia_coral;b97de7eb5b68355c435ff6bad0875f88304d0f9e
jmchandonia_coral;b97fb712b5b3a07b8b49d1d2410f5bb69bb27d12
jmchandonia_coral;b9a26fb365447bc3d7370cbc64aafc8e60d2063c
jmchandonia_coral;b9c82d12c682d3316cfa110bf04ef3a699abbb99
jmchandonia_coral;b9d2d45eff29032d89ac6ca6642c0b72bccb21ae
jmchandonia_coral;b9f68f0b6c07171a10b511a24be52c9255afb7ce
jmchandonia_coral;b9fe27de4552a3b0216252be025ac3da55cc5400
jmchandonia_coral;ba0b7e2b16e17f4906a341b268833f80bf30a7af
jmchandonia_coral;ba0ea7b4d7e465043b7718bb9f4788700dad68e1
jmchandonia_coral;ba12a754501ccd8658c3c5709079e65aa5261e0f
jmchandonia_coral;ba1660fc7a285485a2859108d420731eb0f929fa
jmchandonia_coral;ba2c834374778bdf8c713d4521ad290a70780b87
jmchandonia_coral;ba335179087ded44ee5fe4db533c1d809e16ad0c
jmchandonia_coral;ba3f9518594dd443de88f23e2807c1dc95df3fec
jmchandonia_coral;ba49ffa2d71dbe309bdc2623d6ec31e77726f9d5
jmchandonia_coral;ba68c81650bb0be38ea3080be16bec3f56e3272f
jmchandonia_coral;ba6c5911290ffaf4f0b8e9cbf2e32ffcc15018b0
jmchandonia_coral;ba76c87510669a27cf148a4ac381b0371abd676d
jmchandonia_coral;ba8124f397cde68f49149f10ca4247f5bb5f3f48
jmchandonia_coral;ba8262479d88d174168332c5ef70eec493caaee6
jmchandonia_coral;ba856d7d029a5a91c36dc22a4c90c07d1ebd021b
jmchandonia_coral;ba903bf39de3af7ab2f0409ae1b4342b36821a77
jmchandonia_coral;ba97ef007f5d910b56ea0419c3790f04685e9ff0
jmchandonia_coral;ba97f085599f179474a222e2d0fe897c933c51f4
jmchandonia_coral;baa7063112e85fad250b69cfcfcb2f6be50395fd
jmchandonia_coral;babc261988387317fc88abf8fe1c113891241f19
jmchandonia_coral;bad1efe04b643b146f5b7bdb3d687dc93dd28fd7
jmchandonia_coral;bad3ebc28dfb9df4b488c9d4cd32bd020a1c16ed
jmchandonia_coral;badaa9626b49973cf9d18774e4071a74cfc76d7d
jmchandonia_coral;bae7ca9d919b69ffa908af17728f4ec25f1cd415
jmchandonia_coral;baf6947547b46c94706af3b81f4d335112e19bb3
jmchandonia_coral;baf9872e47b648fac2c306b7e212ac214a740872
jmchandonia_coral;bb02469ce82f5e693b47444d9b3e3b9fbceec277
jmchandonia_coral;bb08b50fd62402e874a9783f2d7c50214aa30eed
jmchandonia_coral;bb1f26f8f9fd6d369e8f770dedc357d423671a15
jmchandonia_coral;bb455f6a228167c7187e0633212fb7283d9df9eb
jmchandonia_coral;bb5f909a36d1d25a46e766b80e4ed21a958de411
jmchandonia_coral;bb68c7ff7208d7293323c3276b98db20edc48d6a
jmchandonia_coral;bb6ece3a29a7911b13ae4da65e024c8c7cfb8bd9
jmchandonia_coral;bb7244110e78cee31f5dca335ac7dffb429fc280
jmchandonia_coral;bb7385064a3da292858ba8d5ddbbcf292c2a1c77
jmchandonia_coral;bb7be3b992e355ac86ffdc78a329b622c24c2e40
jmchandonia_coral;bb7f9bba4127138c5c6da0a24607597d24fece2a
jmchandonia_coral;bb80432d3bab326b39009c7e6263274522fc58f4
jmchandonia_coral;bb8bffc38b4c484894e42d3dd8d11996dfc3b064
jmchandonia_coral;bb901926403687982ce8fdb020bcbebe34e12d5f
jmchandonia_coral;bb9b87d92ae7e78729a7310755901635d58877ef
jmchandonia_coral;bba9209df5096cbc0df8f9cf6b22adfdab48dcf5
jmchandonia_coral;bbc491eb0ca4e369078ea99f3832239e2a39b5cf
jmchandonia_coral;bbe8ab9f11c5633fdc4e781fa34866b696b2d1d7
jmchandonia_coral;bbef60db290ccfc84820b746e14857ba6004152f
jmchandonia_coral;bbfbe57d1de9d3b5148c87aefb6901d0c88538c1
jmchandonia_coral;bc0d8d95ced455434010edb4001433012e2ca56e
jmchandonia_coral;bc1274a9249d40d402ae2eceee6ea491a0a669c2
jmchandonia_coral;bc170dfb04ffb9446ef2235931d92ae403e1d25b
jmchandonia_coral;bc19b0aec5c7f6634cffb56ff79ac98fba74fd6d
jmchandonia_coral;bc273232136e62d64e151e09326bcd44339862b7
jmchandonia_coral;bc2a4181bf7f650fbfce7fbc12f43b146776bd5e
jmchandonia_coral;bc3347424264265b78a14c48c8444945446ab1ed
jmchandonia_coral;bc3bc4e682ef9c4c17f2b9e12460546c52e731ed
jmchandonia_coral;bc48a78c3b906a1b40a6fcdc8010de7e564b1724
jmchandonia_coral;bc49a98f459986dc21b020c209d70fa38ec5b544
jmchandonia_coral;bc607fb5d38bb27d2ea30b2cb504e674fb30ad2f
jmchandonia_coral;bc96bb325a131673004fd58c252678dd248618b8
jmchandonia_coral;bcc191079794832ee1ca0486510554109c822cef
jmchandonia_coral;bcf00df80dc1d844d120f534cd74b7f59e4b60e3
jmchandonia_coral;bcf27d7670961af592c5f4438ea13487fe961262
jmchandonia_coral;bcfac3c946f6d7fbc4756d32485f5b285f0ea0ee
jmchandonia_coral;bd02bf46d386c56829d6204cb3c795c8d5ed3b97
jmchandonia_coral;bd0a51de7f59d62a00a9d13b02b44e134ed2c49f
jmchandonia_coral;bd139255741fbebfe0ed16851e822981399b0d6a
jmchandonia_coral;bd38db4ca8092e9c0176dacc904156d69c236eb8
jmchandonia_coral;bd3e5f6c85e362f0f5e7b244474de11593e44b58
jmchandonia_coral;bd44de201a10b6d307557a93c9162c13ec0604d7
jmchandonia_coral;bd4bc4334b382c74c997b33f990b8d264f0e8549
jmchandonia_coral;bd4f41deb0408ffe7b3fc8cc6024a700061e5362
jmchandonia_coral;bd6acefa0f74d787e3353cfbabb133f345198dd2
jmchandonia_coral;bd76861eaea7ac2980a6cd5651c7711f7a5fda2a
jmchandonia_coral;bd86dcbaccbaae81508502a0f5c27a257b90b552
jmchandonia_coral;bd8f3f0fb8b77025ccf840bd6b03add9dc4840b4
jmchandonia_coral;bda1cb0643dfda3b3a386914461985112b35e91d
jmchandonia_coral;bdce3790e5f005a72e472f074054ff714043f13e
jmchandonia_coral;bde4b32698dc61049ec687e6fa369a33d6ccb5c6
jmchandonia_coral;be1201cfe37a6567954b996d08f939b2222454eb
jmchandonia_coral;be243c08be646562b302292fedcfeac66a1c4383
jmchandonia_coral;be3126ab2be8a28fbd520700512fd50da36184b7
jmchandonia_coral;be3e8187f4bad7b0635abfa7459857d015de46ec
jmchandonia_coral;be566c26e75ea1cbea5e987e2d6cf99dd1537295
jmchandonia_coral;be82a179aa36e1e9aa3cecde0d9f1a2aaf01dcfb
jmchandonia_coral;be8d715840a19f50e2e26f3e099bb970cdff206a
jmchandonia_coral;be97c12ef414f764aefd560d5222c309d6a799ce
jmchandonia_coral;be9bd2104abaf7110e086e413761789fccd4433c
jmchandonia_coral;bea3b361329bee2b12a0fd03efeea4e46733b41a
jmchandonia_coral;bea7b9891ebf9cd9bf97fee41aa50522ca07a5ef
jmchandonia_coral;beaf8b203fc96a770efb6eebb34dd0e5c9c6bef0
jmchandonia_coral;bedaf8edec641848bc9a9ce5d66a82c1e6d09899
jmchandonia_coral;bedd1dafa754a3fba403a4d989b19633fe9e19f4
jmchandonia_coral;bef9bc7e4d4def7adbdeea90d09e32bea7700d81
jmchandonia_coral;bf045c713d61b2bbdb0007f1374d6d4666ff83d2
jmchandonia_coral;bf0fb7130850709bfda40af5a71e51c542917a6f
jmchandonia_coral;bf151484711bb0c432c783d732e1e3b054e09bcb
jmchandonia_coral;bf25abcea4e21485258e8b753fb15e2934030cac
jmchandonia_coral;bf2dbfbf8ffdeb78f0636ecd483a84cb0a4674d3
jmchandonia_coral;bf39ec7cdb90903ec8b063acdd81e78fb8a0eb28
jmchandonia_coral;bf4b6aee15ff352494d718f3f578f4ab97151ce1
jmchandonia_coral;bf52c43cb83785f4d0b48b95d07e51331a27e130
jmchandonia_coral;bf754bdff4b0cee5bcb441ee1c53fe47eb545912
jmchandonia_coral;bf7675310408b04865706c2dc3561008f8667b94
jmchandonia_coral;bf7fa70a433a6aaa18cf9c11cc5de29dd3e8218d
jmchandonia_coral;bf99ce69f5a763e17cfeacbb611d311da52b8f3d
jmchandonia_coral;bf9f44ead1c437e608abb5d71b9923abc6d51c64
jmchandonia_coral;bfa655c59e2192975399fbd5ded19af31d9715c2
jmchandonia_coral;bfce83a6fbe3c61aba2fc7b113943d8afc7c6830
jmchandonia_coral;bfd161544c23039ffa594ecd0923a4fb35ac3556
jmchandonia_coral;bfdf2ac38b5779de8bbef7bb82c75dc91e4b5ca6
jmchandonia_coral;bfecbe0b1e85f92b5ba1c3070cd4e81a59b86a96
jmchandonia_coral;bfed8dc6405399fed4c7103fb265f4cfe085037e
jmchandonia_coral;bff04dd0ed896cec502e441575ac7f2a6ec63686
jmchandonia_coral;c001a4817c0983260e85ad81a4077591278316a7
jmchandonia_coral;c019ad435de725d27cdc188271f5aec07c5a523a
jmchandonia_coral;c01bfc7f941b9daa387fdae4e9d27ca26d389ca2
jmchandonia_coral;c01facdd97f5493d82859b0755d43537daa75f3e
jmchandonia_coral;c02323382295c05f2bee2a13b59ffb2d8847f389
jmchandonia_coral;c030013d66d1e025abd7f4005499755bb9399dfc
jmchandonia_coral;c03139aacf8547652f164b823e36585b9c3e458e
jmchandonia_coral;c058d1189e2e0a3a6a6898ca8b36bb47f1df88f3
jmchandonia_coral;c088d88682b240ae0a96ade9130eb73c79008b74
jmchandonia_coral;c08df5848ff342e1ca539bd0eb83f545996d95eb
jmchandonia_coral;c0a357ba062623ab1d0708a8c9bb5d22326e8827
jmchandonia_coral;c0c8ca6d094f8deccc57daa8cb27888e64678924
jmchandonia_coral;c0ce06ebfef32616a675274aea09a62d8da23a87
jmchandonia_coral;c0faf4c83d1e7670dd937f854f8d6b43b8fda67e
jmchandonia_coral;c1128358adf1610fa02614baa9543bc7d00ba635
jmchandonia_coral;c11dd710d335ab838cb348e935611c3eed1547e1
jmchandonia_coral;c125f604b6eac9a0b8a85f7b0b49b2a131209219
jmchandonia_coral;c128202e8d2eb6f2110ba3ab20ac7bb3879fd302
jmchandonia_coral;c14c95a27d7bf6ac5d365504d01fe893fa68910a
jmchandonia_coral;c14dbd130275ca19d50f27efd857a7408a866bd6
jmchandonia_coral;c150e512b453b1b02834625eea2fb09dfb0a2e91
jmchandonia_coral;c160dd4db728daf71ec1a1a84bee18ae416c689d
jmchandonia_coral;c189b6bdf6edfff8e06251b54ca5902401c3f604
jmchandonia_coral;c19d901ec5707d3810cf35c25e9f334d28b16ff0
jmchandonia_coral;c1ba141c6ee66d951a8e8566d7b69ba6c819a808
jmchandonia_coral;c1cde7be4ae266bba48303799ad14e54f5fe25b6
jmchandonia_coral;c1ece46f1682becbea5f7edc287c8d44cc04875e
jmchandonia_coral;c1f6a8f4956ac0fa61bd55fdf1779a9b94eb6ea9
jmchandonia_coral;c1fcb75499f73fac4b91b4bcf5bd76d99d367e6c
jmchandonia_coral;c1fec86ccf639fa622daf03f6bde48e47c962bca
jmchandonia_coral;c1fefec96bd8ff1e3fb8c7ce9d8b228fcced9ee5
jmchandonia_coral;c22061dfc1c2cb310b4283561b43372c63d0a33a
jmchandonia_coral;c22bf2f2573940855e521de268229d5285ff42f5
jmchandonia_coral;c231547665d41db03c03e67c83c29c26b79ce9a5
jmchandonia_coral;c2526c82c0d7d287e9fd74ff36178d11f611a846
jmchandonia_coral;c2552de9b8ec6d67e6a5d6e462640778982d6b40
jmchandonia_coral;c2601b082f2e8c78850c5f5d4abf597a964b6bb1
jmchandonia_coral;c26d897ac75be099176664355422f8703e1e95ca
jmchandonia_coral;c29041bd75a2ce90c3af542f29c9b7781e5d4b38
jmchandonia_coral;c2ab01d7802320e9418a4b4e00180f71665f2124
jmchandonia_coral;c2aca0c17780ccacb0e536b72c263420b6d9fa03
jmchandonia_coral;c2afad3ddf15cea41007781f4e65587238584da1
jmchandonia_coral;c2b78db5a0b9156c5392d812e42c88bcc1d2bc18
jmchandonia_coral;c2b8eac24ccd1b155ce978e18cc27e8e158eb73e
jmchandonia_coral;c2cb107dfe233d5ea9dd63cf47c440417d5cca17
jmchandonia_coral;c2cca56770677b8100a61637e0a6ed38ea8e6a08
jmchandonia_coral;c2cd0a396380462dab60327511d32a0ff0297bcd
jmchandonia_coral;c2d3c630051b8d32bc4ef6013b5bf213892c786d
jmchandonia_coral;c2e41a8046e7a1ef0114702aea91cd69d7f5a93d
jmchandonia_coral;c2fe614780816878fb2f114381a5218b0a0d6866
jmchandonia_coral;c30ef368816fd223d646ee1afa323cf4d07d1452
jmchandonia_coral;c3229d1e4138c4e69b07c33a2d50b4e6a36bfdea
jmchandonia_coral;c326eda8cb50ee1d9640b32886b59d60b0c6f92c
jmchandonia_coral;c32d199e7fa11057e3285d051fa104e7a14fb745
jmchandonia_coral;c32dba735ab358170469b632f5c19ddc5a49074e
jmchandonia_coral;c332b17fb7a390f7da66f48c7bdb00794a6d6cce
jmchandonia_coral;c33a2b4684b2a65dfd62932b6f7fe1a7c423b057
jmchandonia_coral;c34f9b3122181c22a398d3f22fa28fe96f6c0191
jmchandonia_coral;c34fab281bcce4dd69121dcf2b9d19af83f1210f
jmchandonia_coral;c36c0770b479b5457d682c53f2e11cf26525606a
jmchandonia_coral;c37b53f29a4172831429bb72ca1a4207a2e1adf7
jmchandonia_coral;c3838fade465d5e5a50f0166b84ba3ea6290faca
jmchandonia_coral;c390fb9a1eb090a466e672dcf054423fa4aa86d1
jmchandonia_coral;c3a118b0eb6f694af4e98a54f6c0d1bc4b467a98
jmchandonia_coral;c3aa79635589bf8afce7ad51dbad18e4ee4d778a
jmchandonia_coral;c3ae09a160b85f0847272f7bfd33380c3254f574
jmchandonia_coral;c3d45516f5bfd4b40a35b8243e2e50d853abca9a
jmchandonia_coral;c3df21962e5fdf95684f1df341fa0c3c95c72570
jmchandonia_coral;c3f47124aee398b4f77a8841a367d693d9213229
jmchandonia_coral;c401707b1d872c4282f77dc5e95a5dbf1e941e3b
jmchandonia_coral;c409ba84dc758c9bd7311673d33b015d2e5ecb50
jmchandonia_coral;c40daa21fd41372de75f20f7ee5a5a237ec9e984
jmchandonia_coral;c430c59e4dd0841ab45f5dd3853d1e53a9add2c4
jmchandonia_coral;c4387def7a5755da1e6cb8ec60d272961c98ea1c
jmchandonia_coral;c4433c8d955e53511613cb5097385a577ae49d53
jmchandonia_coral;c452e703db5233e6c1bc31608891d21ca919c1fb
jmchandonia_coral;c455a68eb10ab6e12a9748e867c9e8f2032731dc
jmchandonia_coral;c45e3ebecab0ca27615142bcdbdc7d3c01538e47
jmchandonia_coral;c460edf881df54b8cbc4b4ad7dc9a485053d2462
jmchandonia_coral;c468fb4f6f012054e0eda18c852f88ccff6f0caa
jmchandonia_coral;c4707d16b0c4942d7e6675c10d47d456d2a9caf0
jmchandonia_coral;c49265010735913656bd9902603e73eccc8d9fbe
jmchandonia_coral;c499881e494bfc23414ed79ec1dba04575a66e00
jmchandonia_coral;c499da4d614a170880a6d80c6f12acd0c11c0b40
jmchandonia_coral;c4b88aa3ca2bed8e3bd68b577794dd9f0b165475
jmchandonia_coral;c4bd0ea8b6c74a8aab08ce0c121d7538a5a95b1f
jmchandonia_coral;c4c9a087549906becfab287a7bb3101318562d71
jmchandonia_coral;c4ce89ef5e2386fb5a5105a1cc3fb6bcd5964402
jmchandonia_coral;c4e9cedda18d724287c0db98fccd694d502edf87
jmchandonia_coral;c4ed753bbb9e58465620068ef5bfee539e93667a
jmchandonia_coral;c50ac501fd14eba16ad0c123854ae65181841aeb
jmchandonia_coral;c50b4237d7b90165340ddf21e338075b427cfe48
jmchandonia_coral;c517a2ab5e89b4145d0f207e3a110eff539b55c9
jmchandonia_coral;c523cb74deeea2f6025196efe8da8aad75bbc6ee
jmchandonia_coral;c53c6dcc636db5f21cee25b600837c750cd0c3af
jmchandonia_coral;c5464b40a016441674ce8192690ec99bc019633a
jmchandonia_coral;c55d648b9db0b0b329e79b4396354c00aee30079
jmchandonia_coral;c58a599095900718702b45b5c98034b45ef35f1f
jmchandonia_coral;c59fc989b21e05575aeaa68cfbb2793a755d532c
jmchandonia_coral;c5a6bba8f2ffbb3868dd3b07e59bd705e5d6687a
jmchandonia_coral;c5aa4fecad5280a462817342c81f709289ee2161
jmchandonia_coral;c5c0e8c4ad89b5576a3096c3e78042bef0e8ae49
jmchandonia_coral;c5c54e4919f31e8e2f20c34140d1a2b3da995d02
jmchandonia_coral;c5cb932e694d65f00a071279297a31063a23c3f9
jmchandonia_coral;c5cf1278fdb7b00c78274e17d26708287ab01c5e
jmchandonia_coral;c5ef6da4a5a1081d687a24bbcde260ec90809b6f
jmchandonia_coral;c60b1eb406ea593738b6466a88d39957dd4e5a7c
jmchandonia_coral;c60b241e79e2f1079318711bd4ded7e2cadf27f8
jmchandonia_coral;c633e82603f6e96fafc58088fd9b77b6ec9360d7
jmchandonia_coral;c65f5a55dc11b426b947641ee86bab570464d461
jmchandonia_coral;c6727084e25e0e85c3e0bf12c600ba56b3167bd5
jmchandonia_coral;c6a99e231bd1293608d704c8180148c52d35691b
jmchandonia_coral;c6ac1eeb58da62301130b543ad59100806bb56a3
jmchandonia_coral;c6b8f5e56a1480de4ec81e5e6ab1e9aee1f3ddf8
jmchandonia_coral;c6bb5101350ae10fa4a0a947667042aa1e894f58
jmchandonia_coral;c6c4d24afb64386c3be2877362230c6531da28a6
jmchandonia_coral;c6da30733b13f05c145b6953310b708707d74618
jmchandonia_coral;c6e074ff29fefece719258f42951306bf16e4038
jmchandonia_coral;c6e1fe4a3af14c715f9af69eaf549ac003d17426
jmchandonia_coral;c6fb6d9bf194279cca6044d0c879724520df116a
jmchandonia_coral;c71fcb4988854c83a3a0406470e3545ec8bfce05
jmchandonia_coral;c725e34332ea104b8b259dce439507a89c087fca
jmchandonia_coral;c75424032dc3e61282653f08b957faa3b44b3496
jmchandonia_coral;c762faac5177adf6c4d1c8b9075525220caa70b7
jmchandonia_coral;c794969a0f7566b7f21d622f7bdab07535246fd0
jmchandonia_coral;c79af315122f0f163ebb8e14d5bbee905441a81d
jmchandonia_coral;c7a95ccf2e26de1d1c105832a8ea6c6fc88efaaf
jmchandonia_coral;c7cde50f742b8f7b026beb147f974442e8b52ce4
jmchandonia_coral;c7d6add8e2adf601c4e5ef270e9f33566cc5785f
jmchandonia_coral;c7dd12d03bccd115b2a32550f5463d734bcb4a8f
jmchandonia_coral;c7edbf267b0ec627f6653c47613a9241281d17f2
jmchandonia_coral;c7f987c55266a4ca550f2129479914270d0e38ee
jmchandonia_coral;c8098feb31feee1d4c419b8ae3e7222bc87fae68
jmchandonia_coral;c80fd895a73504cfa3dcd7a6f55d2ed99a334953
jmchandonia_coral;c811ec80979c153696b0aeda7db4f0804f055a9e
jmchandonia_coral;c81e072b3601ff477b2d70951f25fcddd7e02250
jmchandonia_coral;c826dea227df79a4b35e200575f54bfbc50fa3ab
jmchandonia_coral;c82dc7a467f5a378cae7f3f7bdc7e0cb46eaece2
jmchandonia_coral;c8347a1a30ded9da590d883d6684175191e585e0
jmchandonia_coral;c848bbcb3a6cb259ab1fc4cdf929460f0a32a684
jmchandonia_coral;c84c8f8e32bb53e47cd52a541429456a72c21c43
jmchandonia_coral;c86f1e2af22c549156163c3858879252709e038a
jmchandonia_coral;c88ffbbfb4f2e61f7d878706451c726b50725f5d
jmchandonia_coral;c89f61d5e6f8fde1d2e38476d106965abaedf258
jmchandonia_coral;c8a7d44261bc32f98352cdbcecfe2af9ff5c0a2a
jmchandonia_coral;c8dd2d431d39e74c0c58be2d6c57a3853847ccdd
jmchandonia_coral;c8fb7592e7668202e6acf69a83c60c67ece96cef
jmchandonia_coral;c92331f546770ee52a92d7a5ff10163648ba6090
jmchandonia_coral;c925896c6c6189a0d5244a3a0299f7d5a45f7a88
jmchandonia_coral;c92d87f511a406ac3fbf392bcc9e8e88bfcbd907
jmchandonia_coral;c933fd4ce7654d59d0af01248104f12ff41abc1f
jmchandonia_coral;c9378ea191e92984e476f7212fbaeab1aa3250a9
jmchandonia_coral;c95bbc183eb81dd622308299e1b496332a7b462c
jmchandonia_coral;c95de730cb1324718fc0bc5a880405198873a748
jmchandonia_coral;c96998a21d05d8805403a9ba83b49242e668cc20
jmchandonia_coral;c96da12e0292ac71d1acb6afd533baaff4d74bed
jmchandonia_coral;c976bffaf1c1eb25d92886e8bf665ecc8b89de7e
jmchandonia_coral;c9875d6da0bdfc0e7b0ca35938faa6d3d07c46e1
jmchandonia_coral;c98c12d2cd065c41f72a10b472b44779c1bd2873
jmchandonia_coral;c99a6432c9fbe4076c5902e3adc833720ba752c6
jmchandonia_coral;c99fc545151d6afea386203ed75b7a7e17f67144
jmchandonia_coral;c9a9f5634fe6f19ee83cb4d40d115470a4af8fc9
jmchandonia_coral;c9b1e0d167490708fc3c9b5fec6cd05d8f93c126
jmchandonia_coral;c9c9dc94b777689528efd988e1f28dbbdd74a806
jmchandonia_coral;c9d63c0ff585f06d403684c25a980114f387e229
jmchandonia_coral;c9dac6987e6981e80b32bda2e0afc85d7582fa42
jmchandonia_coral;c9e9b5deba8b4688a667d31598d311e93aacd705
jmchandonia_coral;c9ec73e56ca8491704937ad93115f0f0d91061f6
jmchandonia_coral;ca2316a90b7e6ae1ada7adb4fd54b62445141315
jmchandonia_coral;ca31a821b84b046d697acfd2a09a9c3359169360
jmchandonia_coral;ca33b515267ca6db61a370a05552fb11839c770b
jmchandonia_coral;ca3d4991e737b31bc6d88ec07f3862a4d85cebf2
jmchandonia_coral;ca5273bdd31509e6222141f7159e69e95d2d08cc
jmchandonia_coral;ca529133e28248b2c391d94e2ee7c4f0d205d667
jmchandonia_coral;ca686465353fb563a460413d5114701bd7888171
jmchandonia_coral;ca7d43926812aa5322205733f8cba72b93387659
jmchandonia_coral;ca8a8f6fdfeff06f802afffa83bae8626d5e7393
jmchandonia_coral;caa1611b05e99f2485844d5c0f0f2cfbadc5165f
jmchandonia_coral;caf4888ec7df43e009effadb4d2df353bf91798a
jmchandonia_coral;cb157071908809f3293d4a1fcdf3d81cad2fdbdd
jmchandonia_coral;cb3d3d3e2eb5072e5773e0405879d18bc5cb134f
jmchandonia_coral;cb6bd16cf6deb07bb4c452b346c2f1189cbbd29b
jmchandonia_coral;cb79a09f27e09a72675f35f11789766f7b50398f
jmchandonia_coral;cb8adf4967c5acff611f96ad7991dd17331f4e02
jmchandonia_coral;cb949a593fa553171621707bc2575bb50a992165
jmchandonia_coral;cbadb8775470e893af713b9ac153cb4678052722
jmchandonia_coral;cbcae0b4bf0fef8b7963bace4ba9cf2717846c0d
jmchandonia_coral;cbda93e13b89146ce1ce67709fa8e1e2a80af098
jmchandonia_coral;cbed92db026fbbb0804502f01a8eb7370259a522
jmchandonia_coral;cbf911137689e24d2b38d7861dad89bf55bf6276
jmchandonia_coral;cbfbdb9cdb91ee67b440a3b3ce2dacfbdb0fd53d
jmchandonia_coral;cc004e980cdacd02fc0904ff1a5b141e8a9e0668
jmchandonia_coral;cc038aef50f51a44c583846ceaa57db49eaf1644
jmchandonia_coral;cc04f830b318dc64c94e4b2480f1a4e27f9328db
jmchandonia_coral;cc19231e28988e6913b94aa1402df8cbc8991eeb
jmchandonia_coral;cc5545767f7c2860fb4252f4928c3c3583dad5f0
jmchandonia_coral;cc56a70ac41f928f94123e7261040ab936eb38c3
jmchandonia_coral;cc63e91a8b30084b44442950d4783403db070048
jmchandonia_coral;cc9c4ceb1785fb31908c5f7f3b2c3861682d61aa
jmchandonia_coral;cca282cae9c36ff6fdc8319f7dea49929496adfd
jmchandonia_coral;ccad31b8f9f9ff6efcd9214577641846ea2fcd30
jmchandonia_coral;ccb3349474caa40d8c6ce9d21b3c966c4f3095fd
jmchandonia_coral;ccb80fcee7ae3235fecc306261db6ec4aaa34f20
jmchandonia_coral;ccbb299cda12f5e90b7a49861e573aea77b58da5
jmchandonia_coral;ccc6276648fb8d62e10ecc07ee3302e10cd7f421
jmchandonia_coral;ccd766235a0b380d9f69345fe735b6c1d81c485b
jmchandonia_coral;cce84e9b443a01d223e80dd1e1d7e97078c28305
jmchandonia_coral;cce8f83a8ab9948dfa5b67511a78d9eb35b8c3a8
jmchandonia_coral;ccebd4141b532ef27bceb5fbce83487effa0de5b
jmchandonia_coral;ccf4ce09a5ce1983d772eac5af6f30560cc87f2d
jmchandonia_coral;ccf52617fa540af15a9187f0ef26d1c1003910ff
jmchandonia_coral;cd032a92d5c707f6b434fde55a3cfc1d57013732
jmchandonia_coral;cd2a7186593d6723dc415bb77ebc9a9f81e98d27
jmchandonia_coral;cd34e972287fe49df80a91e681572c690bd7ce8a
jmchandonia_coral;cd3fd46b571a1c66b4dc8aedd620bb8e0c9e51bd
jmchandonia_coral;cd4c0ab42b4cc6fcd6d2a8bbedae0df9a77e7817
jmchandonia_coral;cd6d6a165c90b7094902a7baf13217e675ee9c3d
jmchandonia_coral;cd7e9955dff5e7d159b1d64ec9a9d016f5631567
jmchandonia_coral;cd8ae49bb30dbe81277b17afc7d23c2c8a407323
jmchandonia_coral;cd92178d0a4507ef7d43c5c76a1c4e6c6c03459b
jmchandonia_coral;cd956e1cb73303218239bd7f7070b32961602814
jmchandonia_coral;cd9c9b07c6a11412959c3138cf64adaef95ca25d
jmchandonia_coral;cdb9d3c4cc4081b92848fd8670fe0bff830af716
jmchandonia_coral;cde1e98a9b743d51a53067df25c4329aace80a54
jmchandonia_coral;cdf8c02a7b6def50b6ff913072533d4a1f181b7b
jmchandonia_coral;cdfffccf92226841cfd34807d5248654ee06f1f1
jmchandonia_coral;ce0988f07c9327b121d6f0c06f133c9fa9761344
jmchandonia_coral;ce2a9760c7703e78409a6ae726473bfef59ecd98
jmchandonia_coral;ce3618851b5447e543641f08b54d88aa55eb992d
jmchandonia_coral;ce3ea7c8a3dbe3980544abcd34c42c257373fded
jmchandonia_coral;ce4191a5c69141adfe4a057879cb4e041540d0b0
jmchandonia_coral;ce42503d2f067dc0535950a2923c283c2fd1a36c
jmchandonia_coral;ce55ae8e13fc940ca3114a641aac24613c7eb7e2
jmchandonia_coral;ce5a65e0b3e594b6e5ec580ebfae355aa39cfbee
jmchandonia_coral;ce7aedc4534bb069d2c234a944b3e3782e73ac0f
jmchandonia_coral;ce866a4830a622b8a039bf50a212ff364bbfc8dc
jmchandonia_coral;ce92de05d3cad83401d9b363523840ddf299c883
jmchandonia_coral;cea52c229acc59a96a8e1181291dbc656d1de3c9
jmchandonia_coral;cec01ea9f81014c4aa350fdb140b8e0a212298c8
jmchandonia_coral;cec3fe76a7408b5c8c97114d880c190951cc0a18
jmchandonia_coral;cecc17ecb9756ee019bcbb4eebe211c85ff52858
jmchandonia_coral;cecdaf9360bafe2f45d7a4d5da4e4b0e7271ebfc
jmchandonia_coral;ced07ce36572d210739d51218b10c6f4bdea0dd9
jmchandonia_coral;cf0f85f26e667163ce6990820fd8887f88788a8d
jmchandonia_coral;cf30e77085cd7ce4f339a2e57350b2858b554805
jmchandonia_coral;cf34a191f566fa3ee61d2030f3a3dfdf6691dbf2
jmchandonia_coral;cf8c6fe4ed589bdc0fe249ff8e21ad4d29e3a8c7
jmchandonia_coral;cf93d31840bc5db60db9e6d80a22bc882a1d1934
jmchandonia_coral;cf94095e9c2e5d5721b8bac0508bd21538667431
jmchandonia_coral;cfaefa39d9df2198143fda641702ea0301b989ce
jmchandonia_coral;cfc0f325a46a08151ce23f9e67afa898d0741a56
jmchandonia_coral;cfc21aa22c383a8b5191164dcc927d7196b0f91c
jmchandonia_coral;cfc33e6aad97a167808220b9ac837a7919f616fb
jmchandonia_coral;cfc50e04cba94e26a40368510396f42504b54379
jmchandonia_coral;cfcec08ff0e38481f9aa05d9cbcff6b9c7fcbeb1
jmchandonia_coral;cfcedc88ff9613b71c25a1dde84e947dde2217b8
jmchandonia_coral;cfd8e585e0451386cfce280d08e5dd7516169bc7
jmchandonia_coral;cfddfc5a6d7eb1e8485ef28fdcbfef6e08dfb83a
jmchandonia_coral;cffda15a0a70797b77609a465adc1998e3fbdc20
jmchandonia_coral;d01775e3c4937c1f6999d5bb5537337704375e42
jmchandonia_coral;d01a18c45d54c9cfad88671bb9347d2068df63c0
jmchandonia_coral;d028cff411def52ae41080a037f87c64c2630c80
jmchandonia_coral;d04c3af825fb6351f29eeab5aeefef4f00ff9c7e
jmchandonia_coral;d0746c6a5500973c56d482d8a72efeb369f96259
jmchandonia_coral;d082183cc00d299af12955f62e1822137bce503a
jmchandonia_coral;d0b59175ea8787d793df53184dfb4bb305c72877
jmchandonia_coral;d0c38d691e6cb0d29d0fc3dd8a5c348531854926
jmchandonia_coral;d0c3cda2a2d5299afcb4cb9c8d032f39cf5794d1
jmchandonia_coral;d0cad2e2f9fd289d554faddaf4af0b7cac9f6d7b
jmchandonia_coral;d0d051a45b299e440244f469823609ee2066556b
jmchandonia_coral;d0e8bdc9e8d62e2652975a25107dc56a995ea25c
jmchandonia_coral;d0fb08632dfa4ec340c07498277963d3fcbb2f78
jmchandonia_coral;d10be64870bb89d994eabc12093c9b9041850a94
jmchandonia_coral;d117794636d0d58bb1cb4f776a32685d0d7a5ab4
jmchandonia_coral;d11b9a7dc4e77a06b3f205b45acde0573cd1e6f8
jmchandonia_coral;d13c7e82f24bcc5a2056c1ed5bfd2124d39ccace
jmchandonia_coral;d13da07b5cba65c96444ff0d9eff3edc00881181
jmchandonia_coral;d13f62149309d0c31e0aaffe2690cbc0debf6743
jmchandonia_coral;d165f1769a30ee2755ca935e5dcaf8327a4c3ee5
jmchandonia_coral;d18f942621337ed0aa9abbdfe8f09d63253391ad
jmchandonia_coral;d19f17c2098d8c1713d478f2d14241892b531055
jmchandonia_coral;d1afb2e4918757b49d0f73280ee4f025af930de2
jmchandonia_coral;d1c0639b9841cc051a0aff5a2821ec92cbf22514
jmchandonia_coral;d1d2798166b1a85f957de2bb6bdeb332a5b69779
jmchandonia_coral;d1d3b4a491e29921912c1382c8bbd78c3e1286bd
jmchandonia_coral;d1e441a24694e6dfbce0af24cb2d5092b3786e66
jmchandonia_coral;d1f07bf07350441bfa8900148ee3f908a09f6c3b
jmchandonia_coral;d1f557b253b44f6cb84b25b2b18d47e3ab638c35
jmchandonia_coral;d204dbad09e20fd3a4b1da3e4551ccb1f7c21c54
jmchandonia_coral;d20517b56429a92412c6d1f25ec74a8516c83940
jmchandonia_coral;d209384c0bd66353de526ce28aa36a4fed3bc773
jmchandonia_coral;d2105246a8da0f133f6a27f85ea67b671af65cfd
jmchandonia_coral;d2290b00ed6c9f66ecde431cd124c6544fa2f4c2
jmchandonia_coral;d236dfe0db8e79a282ce9048071edeff5487be49
jmchandonia_coral;d23a44aa65a92f22dd01d5fa4a980bf0aefd6498
jmchandonia_coral;d24d368e12211eb7a99ec320ffd37be03593c2f4
jmchandonia_coral;d261c40e7c2dd9d51ab2de4e8c4b54875e96ac50
jmchandonia_coral;d2636e0f349083d73eca85f1e0c15ce38a00545f
jmchandonia_coral;d263f729c5fe4a36afb3a498bb28a15d53ef4d09
jmchandonia_coral;d266759009d16d18fc5ea5d9065178528d82708c
jmchandonia_coral;d273d2cb9131245dc07aa522ed812cac403cf6ad
jmchandonia_coral;d2768e517f1b6827e902145dea30858485a5ddc0
jmchandonia_coral;d28cba97a0a9d9cb58ce1ab58fd2fe3c830ed545
jmchandonia_coral;d29867c44807293f3bf7bfd290f7abb5e5264b08
jmchandonia_coral;d2b38f45a1bceccbfb38f033213a59af58d44bcc
jmchandonia_coral;d2b9159e6197f41166b570fdd23e585e3605403c
jmchandonia_coral;d2c45596badbae9259ad4a0089310f10880df1e2
jmchandonia_coral;d2cf0096f6f37f619d51523f385d9bd58424824c
jmchandonia_coral;d2dc88ec638c2c420efaa69faaa7dc011904531b
jmchandonia_coral;d2e0f3c4ecfdaf4cae7fc7825e2a38168406d324
jmchandonia_coral;d2f19917eb5cc05e721720ea4c4d57a3131918e8
jmchandonia_coral;d30a0abf308e350aee31543b57369b9bfecc1c25
jmchandonia_coral;d30e54378d1c0c18fc5f5acb9cab7ff4e9d64044
jmchandonia_coral;d312fa845f89502b935a708c9ac126180660cb79
jmchandonia_coral;d3467f1ac29e6990e80b1ec804c5c40a887f2742
jmchandonia_coral;d368ecc4f4eb812280fe88f6808738cd93daff8f
jmchandonia_coral;d36e868959d2231a35441fb894067c82e5e22ede
jmchandonia_coral;d37e8299153acc652937e2c4c53825cda3c08bbe
jmchandonia_coral;d38361076bd99a58b19a708ee654167c26a763fa
jmchandonia_coral;d38f6c4adcb0ba8c198321a44579b01c12a5246e
jmchandonia_coral;d3a0486b6056b0a3bbeaceee74f7e1aa7f864fde
jmchandonia_coral;d3a41213c8eace5749fee23108c201453a89953b
jmchandonia_coral;d3b1ce01eb9373a6d3ac4d554330d8210ccd71ba
jmchandonia_coral;d3c4351239ae1fc188630fb64add778dc0d1aed4
jmchandonia_coral;d3d36f882af2e3ca7b74b417940189ea0df4c8c6
jmchandonia_coral;d405555e59352fce9f1933942044dc0ca50faa9d
jmchandonia_coral;d40c10a126f9e6889ccc97c783115dc5f16408c0
jmchandonia_coral;d4156fbb44a5bde9010abc243882bb8c91533215
jmchandonia_coral;d44aa182a4a85bb0d28618cbd27899826a32e914
jmchandonia_coral;d44c3139827e857cc2be0477a91f1b50258b5045
jmchandonia_coral;d44ca88471f6ca2f88c3521494389417eeb4f3c9
jmchandonia_coral;d455c017e821ad886ee9c506b75bee247c06de7f
jmchandonia_coral;d45ed8c149e0be937108cfa3c4c762c1ca1e7b13
jmchandonia_coral;d461ec74d1f449573959b1c38e1a9f86d3f81b26
jmchandonia_coral;d470bfc59d5bad2808b1d6f608f48a473dc2028a
jmchandonia_coral;d476e3cf4d1391ae582d1843060b3fb2bbf49044
jmchandonia_coral;d480179f2eb7d0bf609a518a49b4858e5e5bff27
jmchandonia_coral;d493b8dd99a4a9c4317042c0795dbb6a0cd6cb28
jmchandonia_coral;d496b0e16a38e0fb10b6f00948cd9d7d596b7d27
jmchandonia_coral;d49c6bf0d944d95fd1879168fda072281dde607d
jmchandonia_coral;d4a1bde433e650ebac4db024b2c59f55cf72253c
jmchandonia_coral;d4ad304da6013c7ccdbbd40081f8bbc0708f4019
jmchandonia_coral;d4d5a1ef39d0e6bcdeef7fc5da7df1b137f21ce2
jmchandonia_coral;d4e50c43a161e1fe8630eb29ef992a8591f219a6
jmchandonia_coral;d4edb692302eb15943d9b822ab91e6cc6554861a
jmchandonia_coral;d4ef23a61063e2e70a4f14a79c1836267ed7731b
jmchandonia_coral;d4f3f0c08bdd75a06e4f2b80629e59d097cef7c8
jmchandonia_coral;d4fd796a308f063ed88bbe63dce9d4fc41cd2230
jmchandonia_coral;d502e841305995d607395dcee34c9c04284355fa
jmchandonia_coral;d507b7ffe94809095f5658cc41d2538956cff1f3
jmchandonia_coral;d51082d3718a1ec9049063226e45c71e87165167
jmchandonia_coral;d5403abea3e855cd50f46fd4813c506a5a5e1fb4
jmchandonia_coral;d5817aebac63bd0bfd14290143c9ddcedb27c831
jmchandonia_coral;d586ee81a2d14b70df5956217ad7037598c6647f
jmchandonia_coral;d5b9d6cd8da07b9ed541d1afb8564e939fb48ae8
jmchandonia_coral;d5ba0bf7f0128dcbdb06597abb81d64a01cdb94d
jmchandonia_coral;d5c4779b46a9d25bd8b9bdae072678be08288fc9
jmchandonia_coral;d5d76d800d9f116c2011df73028000f070dd5a53
jmchandonia_coral;d5ded151d9096ff6848d6fbe2d559dfe8c9dd377
jmchandonia_coral;d5f2b8767cc0fce4a8f29f8765c58009b07d9e89
jmchandonia_coral;d5f318f938acecbadb75d8c059847067238c34c6
jmchandonia_coral;d5fa17eb236a1bed3fe1e53f4fee2cd1b9c87ac0
jmchandonia_coral;d60b67d1eb7b30778a713e70c118b8332f64d8a5
jmchandonia_coral;d61049e76f397d6876343ddd80494ab58b8f9ca0
jmchandonia_coral;d61d38ab08e445657bf5b2291632d48a7bbfefe4
jmchandonia_coral;d62afa8ff01ca6e79f140c898726049ea3a2a7c4
jmchandonia_coral;d62e376098205ff40c93b722496947800d466678
jmchandonia_coral;d6501d23fe49ff7e462cc1886f79da1e47b96cf0
jmchandonia_coral;d685730b640181256e2dbddefda23d29283041af
jmchandonia_coral;d6a9b360448330aea325af50a8f405c9b18e17fc
jmchandonia_coral;d6abba957fc6896380ccb29c8cfcccf5869bf5e4
jmchandonia_coral;d6d1cde7fd4c3c6d7497602e5a4604a71af5e170
jmchandonia_coral;d6fdba92fea0536ad548fcfb6356d0180de8f543
jmchandonia_coral;d722ae9c8dd65fcd1df5b5b8fe11755de3bdf4d4
jmchandonia_coral;d79a375c24448c22bcace27fc1c2aa726041c9e2
jmchandonia_coral;d79ee9af4d5e96213cbca84d4efce1852dc2f2bd
jmchandonia_coral;d7a76934a65c63fbb1cfd9fec1ec6cb1f1828384
jmchandonia_coral;d7b1c52dfdf75414039bec7334412e399ee58c31
jmchandonia_coral;d7bd053ceacbc40818f290824ba600b654826ce6
jmchandonia_coral;d7d619c8e34be28a1ba8e859f7e1912aef84b979
jmchandonia_coral;d80c78c385a560cd9a97f921c7115d76da9bf657
jmchandonia_coral;d81278272ad612bade92b6b1cf4075fa2d35e39f
jmchandonia_coral;d82cbc56f41a9c1ab9f290566c38c55224c28165
jmchandonia_coral;d834ee48d5ca6e2f885bcb4ff5464f25e95d1190
jmchandonia_coral;d84343edf6fd0039d2d6bb4576576e8446b20b4f
jmchandonia_coral;d84478549113b45c73bb97434cbaf2e507808663
jmchandonia_coral;d8451058bb6a5b724044f83443769188c133f3fa
jmchandonia_coral;d84d7dca6cf0ead6f04b6a225e94527cf40845ea
jmchandonia_coral;d8523241e39a890ba739cfac3d92b9e02d528c90
jmchandonia_coral;d85691351ec22e06ef5c7f4228a44a628d09f2b5
jmchandonia_coral;d85b6990564ab49446129f069dc38188e3d0cd31
jmchandonia_coral;d85d405e20c2294b18dc26e7c3a4f186afa5a278
jmchandonia_coral;d8674b90ac2d4983412bf8ac078020ea12e87bfb
jmchandonia_coral;d8b2eb78c034821d7099f29067af2b7b7dd089a7
jmchandonia_coral;d8c532d993fad894e61c173b087c3582f73ee8b4
jmchandonia_coral;d8c69e0e849917aa6fc4d1bf1ce415a6dc3c41df
jmchandonia_coral;d8d1c01dce0367fd5a4b6075fa9ef1e5e08545e1
jmchandonia_coral;d8db9349f22cfa6a613f7150e73eff4f98f96905
jmchandonia_coral;d90e58a5b7ce319c9f77f30ef8be752631bfb48f
jmchandonia_coral;d90e830c78a6df7fe872318e95864b1391748378
jmchandonia_coral;d92179117f68a2e267aa0feb9a276f76541cf582
jmchandonia_coral;d9567284e1217e78dcffddffc285d488870174a5
jmchandonia_coral;d95db1df9e44a90996940f9b62e0136caee7fe42
jmchandonia_coral;d967d0f6d93b3dabfe3fa4d932e9528bac07a3c0
jmchandonia_coral;d9753c0cc92a2af7185d774c7b76514587ce1f23
jmchandonia_coral;d997c68f682a926fd24c7f41af35b518451657e2
jmchandonia_coral;d9c4ff1442109e465ab5e4f3105224d9642d9180
jmchandonia_coral;d9d4701e4e07111a3cfc67ca785d2af6e7c4d375
jmchandonia_coral;d9f9616c2eb99461043dc88b20767050a5fa0563
jmchandonia_coral;da0969919252ace8ec18ba3a56e6cc69df3c0421
jmchandonia_coral;da1cd09671ef5c649ef27f8cb4fdfc82513bc638
jmchandonia_coral;da32bd5b45c662f03147c3943d9d1cd1c4ce531b
jmchandonia_coral;da38a4fc03f6cf8dd916fd4d256bb68fa0e2835c
jmchandonia_coral;da3bdaaf6530bfbb45a7781e12c44f6c88c1f87d
jmchandonia_coral;da43570a66e642aa5d6020555606f83466ad896e
jmchandonia_coral;da66a97dcb244dcf4a7db40f9bd83e6665d07923
jmchandonia_coral;da69397349b7f461db8233cbe01bddbc51b8a27c
jmchandonia_coral;da7ae684f0f5c5ace372e38239df7c0a92f74e37
jmchandonia_coral;da81e26272806b828351c882857da57289a3fecd
jmchandonia_coral;daa5761d71dfb45cf372bc2cfd04b11a00b7b873
jmchandonia_coral;daba8172561e7e6766466c7acb2c97e7badd7527
jmchandonia_coral;dac265f2f52b14249b616f9e04cb177a82794956
jmchandonia_coral;dacc104a7570773840ee5641ae6f831b8919ff3d
jmchandonia_coral;dacf7954d73c3c150a92be8e051e244889aaeaa7
jmchandonia_coral;dafdf9a0a83fad2241b8c57584493495c152aa74
jmchandonia_coral;db103f79a0e63d124e484ad5ec7ac2ddfc164073
jmchandonia_coral;db148c338bcb17874910cfd645d19ad9d10f908c
jmchandonia_coral;db1fe24ab1382a6d903434c012f7e3eb35b34bb6
jmchandonia_coral;db4ef33dd5c1f409677d84aa155e62337e14bc6e
jmchandonia_coral;db70a1691d5b383f9f6f1f0a9b76c27910143923
jmchandonia_coral;db9bb14cd894e48e4bee6ff76ba6b1bf018452e3
jmchandonia_coral;dbb4eebe91f18cd375377ea03102542f7aadf768
jmchandonia_coral;dbc7a84da3163ed1e69a0e397ae0200e6dad296f
jmchandonia_coral;dbc8b4c03a7de8e235036631edd97cc1252369c9
jmchandonia_coral;dbccf2756ad9faab1677693043d55e4ff74b520f
jmchandonia_coral;dbfc792ad66cc6d9388afcf0b17c7010acfe5954
jmchandonia_coral;dc004e16c16e1a202168d52c4a8c817c8cd0550c
jmchandonia_coral;dc58272da79f1d41af2ad5b059e558627e0cf996
jmchandonia_coral;dc5c0de401948741a5af68c384145f2cf6d4ff57
jmchandonia_coral;dc759a44e4d39f5103d150ec6543a72ec22b5dd6
jmchandonia_coral;dc79601ff53dad7fbaa6cb2507281fd7286ff8e6
jmchandonia_coral;dc8f6e5a9eb883fc5847302c32970e47cb01470d
jmchandonia_coral;dc9c060887ae95d2375b3f6febcd2e0733fab706
jmchandonia_coral;dc9d9de7cb916ea8cd0e9ec0ba02a3bdd7f37d3b
jmchandonia_coral;dcb76eb9f42d305f919d0609dd63fd4b07efd949
jmchandonia_coral;dcc847025c3a2b52e1e36ceddba111971ebb11d2
jmchandonia_coral;dcd5d947fca3c124922574dedf1d8994925bc6b6
jmchandonia_coral;dce3509bdbe501e2f0eaacdca12523534026e66d
jmchandonia_coral;dd04c51c256dc9d0c25645855e8dc8d552c657d4
jmchandonia_coral;dd11151229a8040af9a4d96ae25d8ec8ed487e24
jmchandonia_coral;dd1b457c331e9625b2c17d64fddb485bd467b23a
jmchandonia_coral;dd1db05a9c90b010e3f000e2bf4c5bed4d86df96
jmchandonia_coral;dd22ba3a646235219e086fa5f806ae930af1277b
jmchandonia_coral;dd27ac25839bb97bcf08f3bb365192e75320747c
jmchandonia_coral;dd8460593136f43cd3c4db3da7b443235557dffb
jmchandonia_coral;dd8910f9e010cf05a72525ac62721ebf699c4533
jmchandonia_coral;dd8929cc94cfaf2fb124ad09a54e4ba3d6be1df7
jmchandonia_coral;dda53a4eb856aa8535983ed961cc80c1622c8b6b
jmchandonia_coral;ddb102bcbbd742a5bed16b2180cd2319ee1f5deb
jmchandonia_coral;ddb763af1dd3c38c4d48c60f9d0bb66a48016e29
jmchandonia_coral;ddb93fcf7b8f413db309cb063ab414d85bd5191d
jmchandonia_coral;ddebe18af9769b977bea1bb613c576f603b554fd
jmchandonia_coral;ddedde521e0ac170bed10ee586f4832ba89f0021
jmchandonia_coral;ddfde4740924f3c9fbf4e15173a620cc440c8407
jmchandonia_coral;ddff64f38377969074c58389443ae230dd4df4ae
jmchandonia_coral;ddffc4bb9ce25125cf4b8d93a2ad871c02ec53e8
jmchandonia_coral;de067ef3a8bd9b06b7fc7ec815c93c04810a04a3
jmchandonia_coral;de0b56edf5d7517ca42ed142b78820f17027bc60
jmchandonia_coral;de0f2c5980d013bc232903a7fddc0d8869e0a464
jmchandonia_coral;de11fd3e27e4ec18c60993cf017207d942265736
jmchandonia_coral;de129fc1e603c91350ba7d4372cb01b823444e18
jmchandonia_coral;de1eff641cfdabb1ed0e7736d6250c52ad6e46ab
jmchandonia_coral;de274aa3d55ad85b96f81e5c9bf30e6027c9ff61
jmchandonia_coral;de3d959fbbdf30a137affbb025c83abb26d1ca85
jmchandonia_coral;de42db5e4b12fc1eb2c87b3b269aa13be11ac1e6
jmchandonia_coral;de4372d408388935eed64c6d2e305dbfe12b3ab6
jmchandonia_coral;de5175df6168ff4fbc3b8c0983a5a8c553b47475
jmchandonia_coral;de6c3b68bd5fc0b6bf7e913838241a5b11ecb425
jmchandonia_coral;de79741f2ae9868a49d8a30b3caffeb6a57694d8
jmchandonia_coral;de7bee7d280be345c91f9de56bb23dc750d88ff6
jmchandonia_coral;de843700bc1e84ed04632c1be4aa02658f500ce1
jmchandonia_coral;deb08a256966fa276bd8f257efd37d60b22c12f0
jmchandonia_coral;deb3335911e4b18a6bce7f55586689906ed0d40a
jmchandonia_coral;deb6996a8b366a84ef444dcb6d2f94cd095e4699
jmchandonia_coral;debf5f16131978605219bb20c4fc58b09bfb78d5
jmchandonia_coral;debf9c864ded23ead1dc57d2dd898c5c1e4edbdf
jmchandonia_coral;dec5c016ecd1cb3a3067605eae63bef984d3d4c0
jmchandonia_coral;dedc3821b22907ab6a01adb42f13380039eb5366
jmchandonia_coral;deea6e41363345d58f490560066cd2a07e583ff1
jmchandonia_coral;deea75f4898d616cd3677bc3acfeca9211ed42f0
jmchandonia_coral;df00123f92b60636319f646f0398cd1230d589a7
jmchandonia_coral;df0c06f6e64d9bc532bc000f3e67056ca6a8dbf9
jmchandonia_coral;df17a195005d614ade0891e311886de319e4f1ab
jmchandonia_coral;df288c30cf632832642e0a32200218dde79d3415
jmchandonia_coral;df3a729b200bd471f2dd34cf83e2bdaaef00682c
jmchandonia_coral;df4ef341b65918bbfccf81910439cc873265b3e4
jmchandonia_coral;df56128d49d0242af83d4faa700ce782def4404c
jmchandonia_coral;df6d3e8be15d9c95d83fb6d09c0ce86b623ab9cc
jmchandonia_coral;df7ddfa15ae81853c8f9e44ebadc5d47dd167656
jmchandonia_coral;df81c5120e3cae047554936289ae866c783d0b70
jmchandonia_coral;df93c20185a5f398d4173cb92e2fa8c542be9747
jmchandonia_coral;dfacc9a702b8caaf1f69edaa726eec27e94fad4e
jmchandonia_coral;dfb4f3aef726c93e0a7fd8be4af3cfe8ff816dbc
jmchandonia_coral;dfb5d9a60222cdaaeaac6651c8d5d10956fb360f
jmchandonia_coral;dfb636d141857f36d2d8ec809276ddfc9e273b82
jmchandonia_coral;dfca6f078dfbe8f8701e1e023838caa356590937
jmchandonia_coral;dfca7eda8e4af6327de68c4c475262e141d167cf
jmchandonia_coral;dfd119731870ee45036758edd2e6d64aa1cf91bd
jmchandonia_coral;dfdbd43d58af9ba8618db6f15691dda1e32c3daf
jmchandonia_coral;dfdec2de27ab6a29cab53e055050a21ee45cbb76
jmchandonia_coral;dfe9dd7a56e2258f5e8d203ebb61c2991edf707e
jmchandonia_coral;e0205d850eb86e979014a2373637194350e0bdf1
jmchandonia_coral;e024e752528236e6e614e8a0098281c57e8bf671
jmchandonia_coral;e074244dae115d128e2fec5ea9685986ab9bb818
jmchandonia_coral;e07b805581f62aeb5e49d3dee160ea49ab86a1f9
jmchandonia_coral;e09cb3711d62b960ba7933c4d606f00eab4a21b0
jmchandonia_coral;e09e78fdcf60e9b5321bc47d63dcc95a7680b794
jmchandonia_coral;e0a0984c3345e2b9649bad61b950f04bdc47f276
jmchandonia_coral;e0acfaf0116d4980992d3c75f9be1d0cb5a664f4
jmchandonia_coral;e0ae79761f2dcd15562510688e3c9bb7fe213ddb
jmchandonia_coral;e0b7997d6f66d761ab38af2c11088d66c57b5dcc
jmchandonia_coral;e0c2c9116289869057322e6cd944322baa24a9f9
jmchandonia_coral;e110dc1a806afc4b9afa5f32b6229b7ece3bca0b
jmchandonia_coral;e118c115614d61da3da80a73c3b626a424728b96
jmchandonia_coral;e12620787311c168afbfb2590a2a68f29e518398
jmchandonia_coral;e127baf708f495ffd274f17c5fa672548744b07c
jmchandonia_coral;e12f06046336eb27770fb69530496837df053831
jmchandonia_coral;e1392ac246273da696769e14844010cc803b9d1c
jmchandonia_coral;e13d3f7b06a73aa3fa9ae5a095d29f0427d4546a
jmchandonia_coral;e14a0d37e83d78108de0b082163aacaf6d9a2ea5
jmchandonia_coral;e14cad8b56ec364d86a7e071dcfdec08c7a296ce
jmchandonia_coral;e14fc8a415368fe5fd1ced531509912755198fd5
jmchandonia_coral;e1590ff9fdcc54560738387efd026bd06b334433
jmchandonia_coral;e1629bc633a9145c2103be1dd37362dbaf704459
jmchandonia_coral;e17aa8682a7e0aef01cd34132d63ef7bcb4c7fdc
jmchandonia_coral;e186d2f9d6b0fe73136808bc92aab4b9d9746b22
jmchandonia_coral;e187019df89396a0800db13fb311e36ffc9f62b1
jmchandonia_coral;e192967ffd6c629c16c48a8c99f2e7d45a739049
jmchandonia_coral;e19a3110560b6ef2e8072afecfad8bfa01528294
jmchandonia_coral;e19f3dbcb5c465ea8569ba0e7b8de7ecd7fe8159
jmchandonia_coral;e1a584bdb499aa0a4c8dc254c905d234f28ccd25
jmchandonia_coral;e1a9f4024bb78fffc6cf8e197dfe7ff66d44dc8a
jmchandonia_coral;e1a9f4fea0aca86a9d244a1a9bc69569aa08a715
jmchandonia_coral;e1aeafeb86ef7ce2ce37162d464e98f29dc54fb8
jmchandonia_coral;e1b5f34873b9d4f3bc8c7d7e2b587891148eae1d
jmchandonia_coral;e1cd122b3bc1db5dce4b4adcf0f574b2521714e6
jmchandonia_coral;e1f307f505a186f77a64646d0c5ed80b2ecaeeb9
jmchandonia_coral;e2000da1493e0ce7c3a557b573179f02d9ee0425
jmchandonia_coral;e2272b7b3bb3abc0e4d8939490b8efd34a9b4408
jmchandonia_coral;e243aa24dc4cb2a4545afbe1deb4628713184184
jmchandonia_coral;e247c85bf52b7b887db3f2ebcb9fa2da5b20d67e
jmchandonia_coral;e25919c3d401ba440fc757600cfc760ac3edbdba
jmchandonia_coral;e25e9771f1bf9178a6b69053323caa196eafadef
jmchandonia_coral;e2605c77e1e3959ce3864284e6d9a6ba0b349ec2
jmchandonia_coral;e27740b404e828bb21724f0a7124f7205f14c54d
jmchandonia_coral;e285daf2c3ad7fca93b5900f1ea08a141cdba4db
jmchandonia_coral;e294abc7b19b7b40de097e756f39e3b0d620611b
jmchandonia_coral;e2a336eb203c9ec1aa617d122ab7520055d2c529
jmchandonia_coral;e2a3f75d51f855b2ade36aaf5b1b6cc7d27fe401
jmchandonia_coral;e2b677e4d8d84c8d2b5729e0d12484adec46c4d3
jmchandonia_coral;e2bae8c53aa54522b56faa9113315bded1d6c3fb
jmchandonia_coral;e2bbc3d9ff6f49a048ba3d3b0ca67b982f4bdda0
jmchandonia_coral;e2c1b48433d2b9e7b959c2d7a8723ac9471bb2ad
jmchandonia_coral;e2cee96d05e17605f60ee31067b958d21e3c3737
jmchandonia_coral;e31356c7e5881220fbd671d6a8320d9c7576a136
jmchandonia_coral;e3144a0fcdc4de96518146d29ca476c22359b0b0
jmchandonia_coral;e315711089b9c61ac5f778eb13a0e73bfafe3521
jmchandonia_coral;e31b980ba5da23d8ea6e533439dc12410f1ca062
jmchandonia_coral;e3251dd2209da37f7fe0579abe42a4db25b6e18e
jmchandonia_coral;e3b21232648bd61208b9626ab58084cd45d18a37
jmchandonia_coral;e3ba465b2057f82942d4372971fb4bbcdb69535b
jmchandonia_coral;e3c46c5bb660ee421dc2d2b5caf35b1df8524e57
jmchandonia_coral;e3ca5e2858d479cafc0171dd2d3591aced22f971
jmchandonia_coral;e3dac713fd30ef7a5b1e7ed503afc3fb7cb1829f
jmchandonia_coral;e3ef17333081ff28bdb099b768ad5ed2f2f8cf13
jmchandonia_coral;e3f1ec68400cde09691c7d2c14bfc9e76f22c7c6
jmchandonia_coral;e3fb2d316d510a207b9b2864617c7847b518c1c4
jmchandonia_coral;e3fc0ddfeb9ca0eb79ad1144e43416cce7725189
jmchandonia_coral;e4083cda08c113a2380ce831c850e38c319310b0
jmchandonia_coral;e411137327945e2f34f54f0fa1b018e783bcbee1
jmchandonia_coral;e42733607447a22091a66a6713514d64e9ac491f
jmchandonia_coral;e43022c03a44ffc1cd8e4e9c49de82edb3261d8d
jmchandonia_coral;e43d6ca3061fd029c797c38109c0895e4eb15889
jmchandonia_coral;e44eb2ad16589d28a7937e93ecc287fbc182a734
jmchandonia_coral;e45b37f54545e1a51c0a7ead10ffa6dea787dce6
jmchandonia_coral;e46ae0b919e3fba2824a66f10699086020cdaf93
jmchandonia_coral;e488d23a4a5661ac84fa4271746e7818b4d14c06
jmchandonia_coral;e4894c9b7e66bfd422f6f08cc3d50223581abd93
jmchandonia_coral;e4928d344d20417e0e5c0d7109337631b789a00d
jmchandonia_coral;e497c1e39229ff74d21981a9b2b05699030127b7
jmchandonia_coral;e4a65b1887b84f34d8fe7616b72f96ec0324e71e
jmchandonia_coral;e4a739cb29e345290bd01b9d28333435224adb4b
jmchandonia_coral;e4b683a8482b13c8b2b0fac532e41295a740f547
jmchandonia_coral;e4b823e68e941ea51e35115167493470e36c7bd2
jmchandonia_coral;e4bcd31153027fd90b66510003e5f9b54af1f5bc
jmchandonia_coral;e4d1e03be0e94ee5ffb00bcc1329407bb15a24bc
jmchandonia_coral;e4f6ece0b33b97646cd82a8f4618dd286a597553
jmchandonia_coral;e502eb586787cd567cce7a508a6db3a6b10e3d3d
jmchandonia_coral;e51f1077d2b9f5a46650549619bbc41ee200c9f2
jmchandonia_coral;e526b63f0532e50b55096b513e2311823861905b
jmchandonia_coral;e550ce46d447c07328a345c7b1cc9a5031ee3c16
jmchandonia_coral;e56b811bca889de3d0b355bfef810f618860c5d9
jmchandonia_coral;e57b8e1c226333025d1ef7c871306d2ddada4149
jmchandonia_coral;e5a6bd42731ce4c34bd3c0965de83e57f4cc783d
jmchandonia_coral;e5ad32194a9f14ab57b84167757e50ea2ce1e0ec
jmchandonia_coral;e5e134d0e5fd56c54692faf8d9c07386c20073ab
jmchandonia_coral;e5f5a0a37f5aff5dc8af3abe9ff975043701e218
jmchandonia_coral;e5f7f3a9fd2b473576f108c9a9ff31a707b669e2
jmchandonia_coral;e60c43c52f762e82be7760d73c79fc876ce283e7
jmchandonia_coral;e62f61d2b746434b69f0e0d544ad64a35fd5fac5
jmchandonia_coral;e631dd65c1b14edb7892558787626cbf575c454c
jmchandonia_coral;e638b5a21b3e16d0575441bd694b7c76b1d02e29
jmchandonia_coral;e6505ce31911d38285f936a8d2cd05ca63f4b2e3
jmchandonia_coral;e664cf384772c1f97c68a9bc2d662f7e4330ff16
jmchandonia_coral;e6772565c0d6928b57af1167e8fe5a72b48e9d0e
jmchandonia_coral;e68f278c4e41ac7ce6458ad31d7e76eac0c39e1a
jmchandonia_coral;e693793aa23ef8d374f6107d879b6e9eb507afb7
jmchandonia_coral;e6a12ab4bd09cc2958afe1c42b9147db53914dfb
jmchandonia_coral;e6a84398755d790b2996756fcbb661584a8ecfc4
jmchandonia_coral;e6afa6da739b1283a2b70e3b225d9bb7f96d0f5a
jmchandonia_coral;e6bdfbf5459a4c30cf24acc55608f42fdb75b8f6
jmchandonia_coral;e6d064d5e1735462fc3837e5e4e5aed55146f9ad
jmchandonia_coral;e6ee46456db33292cf0c1a87fb328664e629a4fe
jmchandonia_coral;e6f0a8237bdb4f708a2a13a6f3f6f32bbad0a4c1
jmchandonia_coral;e6f93800dcefc2572dfbba98cf2d1465f0adb05a
jmchandonia_coral;e7064a22e51ed9f66c7350b0840de71be57b76b3
jmchandonia_coral;e71ec6bdd0f4f86a2877e65f2e7c8d7db23bb36e
jmchandonia_coral;e7432aaab903e090245ac9e666630d4ad80b5d83
jmchandonia_coral;e744dc91f427c55a6096eaa9e7f13b1fd93eb065
jmchandonia_coral;e75598c2fcc12682a6d69e2d95516a91f72275df
jmchandonia_coral;e7624130348eb9d55ce728a017bfbf4bcbfe1589
jmchandonia_coral;e765f0aa7ee7f8294d34971149dd3d1b7c6204ff
jmchandonia_coral;e76b93b2d8efa62b2c423a8cdb65b5a9673d2fa4
jmchandonia_coral;e77cff35a9386edb02ba76ae837491aaebc1ca5f
jmchandonia_coral;e79d300aebbe43653975e34cfa8d6b673f2851ea
jmchandonia_coral;e7a27b54ca2f636f575ceda1a8e838972d243eb1
jmchandonia_coral;e7a7480f8c43bafe49723e9b8821bd88417359a1
jmchandonia_coral;e7d32c46c85af808a048a5f06b0489ac4bc3aa68
jmchandonia_coral;e7dfdee41914c970722d097b8a75efb7ee6d14e6
jmchandonia_coral;e7ec53d18b2ae2e91ed6e7a96f289e25ef250139
jmchandonia_coral;e7f500513872c66a9e870d590f4b55b630665515
jmchandonia_coral;e7f7051c61d23f76d8ca17c9e16d4f91b48c354c
jmchandonia_coral;e7fca17df44a64cba4b1430eb7cf687c070056ae
jmchandonia_coral;e7fde7c2d23cc4a02c8919d65efce99bb60108a9
jmchandonia_coral;e8070b39adcf32e8aff7ccabcb80f0c15a5cf1c4
jmchandonia_coral;e8175011b2052c3ac92f22f1384b27a96957a8b9
jmchandonia_coral;e81934cf0c33c133c4c53f3802ba667e218459a7
jmchandonia_coral;e82826e0d544c8a8dab581db0d7d99dfdf0fb65c
jmchandonia_coral;e82b1603bbc37ae6516a5b23035a2b932a0fbdb5
jmchandonia_coral;e851b0db8b63726c6d7e0afbd7e2d0773ad40c6a
jmchandonia_coral;e87ef4b39ba2b58d39f5e2da63b7f83b9361c136
jmchandonia_coral;e893b13c0d35ed17d134da7cee183567351f99e7
jmchandonia_coral;e8afdae14065575a2cf1202f34d7d3616fb7a2fc
jmchandonia_coral;e8b2debbab5285f76893256845a88ee418636d3c
jmchandonia_coral;e8bdc817a78c1deeb665590adcb034b9af472271
jmchandonia_coral;e8c8d37a79e8fc66cf8db129f102d3c5b353a0e1
jmchandonia_coral;e8ca21a302e75c968eb9e92a9af190f8e05a517b
jmchandonia_coral;e8d8c372c40c748e4693d8790a5f810f15fca5ce
jmchandonia_coral;e8df3a322736100ef95ffe2633777bbe41f9e2d8
jmchandonia_coral;e8ece53b8412ac79db2e840628b171c8e2230097
jmchandonia_coral;e904fe9dd91a704ee6715f6a5e589187cd415379
jmchandonia_coral;e91af324020ad82370abbe43ea3b035d8fb3d33c
jmchandonia_coral;e927787afc690630eedf4985b0ceba5adb9e829f
jmchandonia_coral;e927d63e6e91e23e3f7c88542965bb77042d075a
jmchandonia_coral;e93ff677a629f076013f1dff017bfd67ac5717c2
jmchandonia_coral;e94336def9c0275e711c233204cd18088a83dacc
jmchandonia_coral;e9469d0b88f979a3cb920c7b5a0ba8d318c752de
jmchandonia_coral;e94c62d24102bb6fcc9014b1d117ae13d9effa5a
jmchandonia_coral;e99289ba399c926c0be863df040a53bfb56573d9
jmchandonia_coral;e9972759224ad73d72a0f9fabbf8413b3f8bcffe
jmchandonia_coral;e9a1919033f1a702eeb2069b59b8c39dfaace8f1
jmchandonia_coral;e9c9bf7d13ab3b0188f2e3b02720c211e3c59712
jmchandonia_coral;e9ef5c56912d3af6b074ce08a165385df2dea4df
jmchandonia_coral;ea07c63c742421a318fc1018db844ed04d2a759f
jmchandonia_coral;ea08f588f58b41ae457a1f14709ae45b788b7e94
jmchandonia_coral;ea123fdf832c80609e170379b3b7380b4e20ae79
jmchandonia_coral;ea176fcd5a347e208b5906deb5c8300240964c29
jmchandonia_coral;ea1cc4b3d30080009d414a71ff6b213ce2b0fc77
jmchandonia_coral;ea4a15c83aee506555f254ad36465be13e8e1a08
jmchandonia_coral;ea56c16d1c692207fe1d9c1d7e5af36934113493
jmchandonia_coral;ea6c165a0a7d56fe2b31f0e43535fd41a0e392c2
jmchandonia_coral;ea94825085a57f5b0c8f4eb2849a88558624e3cd
jmchandonia_coral;eabcb105a7af5cd4b9a32de54d67e2bc4b176a91
jmchandonia_coral;eac062b3043029f581fc64e3f3dc3be6c09deb9b
jmchandonia_coral;eac1e9cb68ccbf707664c2d20b24f257ac95332f
jmchandonia_coral;eaca09faec325d963825148d905a6155d847b06e
jmchandonia_coral;ead40c6969a5c1b8a772c526fdb2372f80d66fb5
jmchandonia_coral;ead6a9ea95b32f3fd0e5e08dba3b91104da6f8cb
jmchandonia_coral;eaf5ecdc7f96d56992a72b535029b2bacc755ae2
jmchandonia_coral;eb007ade32fb49b529aa06bcd32c20dab5d63c00
jmchandonia_coral;eb0c3debf6ecfac2f001491b1c73108939580485
jmchandonia_coral;eb1a31715724b409941edad6aa82cd566299f1f3
jmchandonia_coral;eb2702ff4b135abf12b4b59a33d26163a32f21c8
jmchandonia_coral;eb2e51465cfcdf0ceface4cba49423cea568b84f
jmchandonia_coral;eb423c1dc5e74cf455ce97996afa898fca98e843
jmchandonia_coral;eb42592790eed5157ba2683f9b6106e7038da68b
jmchandonia_coral;eb4b7546e37fa665b703042079e96973db6b3691
jmchandonia_coral;eb5fcc0675cd48bc1aac831ae618ca97a408d2b9
jmchandonia_coral;eb612459e68a74b2a4b9eccd6eed57743623ea5b
jmchandonia_coral;eb625bf24704cc5e44b5308cd4be5e2f00f64d19
jmchandonia_coral;eb92792d56c88e2bfcbb65256e92e1006459a4cc
jmchandonia_coral;eba100182064dd501518353420d871e24dc51c3b
jmchandonia_coral;eba7e8da61fc00748dd56ec83ecd2113ec7a2229
jmchandonia_coral;ebb826ba427b2c993278168d31c226f0423220ea
jmchandonia_coral;ebb9e15a74df25eaafe5f4c99d2e241f4ffc4b3f
jmchandonia_coral;ebc0eaf36dcdc34a3dbbc9ccaec0f6ce46ac2187
jmchandonia_coral;ebc27488d06e93c29f7e9646526421a7d4036cdd
jmchandonia_coral;ebd1ca6d2e6680c240ede5291cc301e063b2fe28
jmchandonia_coral;ebd83ab333bffb059d7e335c27dc13eb9616ed04
jmchandonia_coral;ebf2006c1abac07694386a753fb4d9c23e16d821
jmchandonia_coral;ebf65f33a02d33cf3d084b5d87d92e994b621441
jmchandonia_coral;ec0a221ff344968fa270b1ef831683f71cc17045
jmchandonia_coral;ec1ec7982294f8ec90ddc50c31b2d7dd9d144966
jmchandonia_coral;ec46effa1244c2a49203d63f99e4f0180912d646
jmchandonia_coral;ec5ab3e1ff1bd9267870739af04821388ff8774f
jmchandonia_coral;ec7aa614e035d5389b382b2ab0e2645d83781795
jmchandonia_coral;ec7e3074c1da98c72dcafefaf6fd819e3f069705
jmchandonia_coral;ec8e79dfdbfcb1394509f506a83f7ffb74575c97
jmchandonia_coral;ec92355b25b43c1946b66cc725460bf7937053c7
jmchandonia_coral;ecba44cb62848f7fb1f40483021a204d70d8a4d7
jmchandonia_coral;ecd21fb18323d6ea4e28e7e6855d2cbfd7a48236
jmchandonia_coral;ecff78f0f8700b50c7b703d26b1929d44c579ce2
jmchandonia_coral;ed05ca5c0c37b2d2adaf969e3039fe35d8ba4a23
jmchandonia_coral;ed19f4dd5de2481643862bfbe3770eff3a21febb
jmchandonia_coral;ed226310fd98ea547c7275276734e54063c6637d
jmchandonia_coral;ed2c60a85d15e7998475a4b453378a2cfa7b18e4
jmchandonia_coral;ed56a3c2742959f5fde91bba9f5cc8788ab30e27
jmchandonia_coral;ed5ae764395766b04e0d35dc452f8b4355bacc19
jmchandonia_coral;ed63bcc704087a495859ea2ea23f753c46e42877
jmchandonia_coral;ed6d4b809c81bbcf05630a62cd81de617480fca2
jmchandonia_coral;ed6ea9d3ba5c51fc75cab183505c7ff6130a0917
jmchandonia_coral;ed77dbd4a30a41473d04af0bbe52e8df8acd1cea
jmchandonia_coral;ed7db3e4cb74d9ca65acafbc3b1b760819df0c4d
jmchandonia_coral;ed84ae572dd9544e588be9305dbde1cb39ed67e7
jmchandonia_coral;ed9a3046b818d78e0e6f91302b000c93d2ee2e7c
jmchandonia_coral;edc1eb94b7228d60be4e53928f06fb0f8fc0bf58
jmchandonia_coral;edcc625a4288a0ff80741abc1578464a4987b019
jmchandonia_coral;edd2c87da42dfa1a36d096071ef348dfca46a3eb
jmchandonia_coral;edf73546e024d41cebb13b9e1d3eeb416bb9c18e
jmchandonia_coral;ee0b4c78caffad0b398b01a06d3ccc13f0b98dc4
jmchandonia_coral;ee235ca8ecfb9b29b8f001c3bc367b71e3106892
jmchandonia_coral;ee4483cc64b6ea152db96a5b6caa75134fa701ea
jmchandonia_coral;ee5491a69c6eb6603f70347ba15c898bb989bca6
jmchandonia_coral;ee8261d47f0d195f59ac899acb8eefdcc802e4ba
jmchandonia_coral;ee8630d2534e9e49ae0fe98590d4a707e10045cb
jmchandonia_coral;ee8948c1de65c16875817c8d7a3da306478fcd47
jmchandonia_coral;ee8c7ce827be573c2df14081985eaf373894b1ec
jmchandonia_coral;ee8df152629b78b3105606c82cf8fd1dba3ee1d7
jmchandonia_coral;ee8e164feaba094fe774ee6da69c643cb996eff3
jmchandonia_coral;eea9141d66b66810e174d88038b49f3e529f38ee
jmchandonia_coral;eeadd8877576afa114ece3b20c083459568abb6e
jmchandonia_coral;eebe4b0a834f1f53e9ba87339e700b707de23dec
jmchandonia_coral;eec29a1befa7b66af32421438d8d0a3af621d06c
jmchandonia_coral;eef434dee97108bf06dca83732521330e5dc3527
jmchandonia_coral;eef4977e658ef4af4a3a8edad3d22383e931218c
jmchandonia_coral;ef1785e79fdb21ae0cf3e26ff469f65c6a16efb3
jmchandonia_coral;ef309fc80480867a045b76a693755d289f42a387
jmchandonia_coral;ef4702dc984af534a7b53b24a63310b2a87ce866
jmchandonia_coral;ef4d22a264d80e37ce55fa1d6c5a3e8d3d4305e8
jmchandonia_coral;ef526405285f16309a348f3a22663181a071c5a7
jmchandonia_coral;ef597b92f57b3048d68084519945081f68154ba6
jmchandonia_coral;ef7242cc72f44c7f26b058eef1208887b62201d8
jmchandonia_coral;ef7e1ca26c5cff66610335e03645e2a9e0826728
jmchandonia_coral;efb42a50bae85d8566d700e276f9830534634d40
jmchandonia_coral;efcabdfc3bdacf0fb02bf941f24404120129b6f1
jmchandonia_coral;efd929d18ff5faf25c6f5548ab9430c0b989c77c
jmchandonia_coral;efe21d3ad7373730d970f53b7fc9b95b862530af
jmchandonia_coral;efea3e51fdef2dac1c9b86c5978f4ea856895b4b
jmchandonia_coral;eff37eb207afe21a2ce9d5dfe119d3ffcc334ffc
jmchandonia_coral;f0125ecb2d5292c4440f4e886dd50661d7e9e892
jmchandonia_coral;f01644a5295f97e6224c279b5e59fca9f7ea6db0
jmchandonia_coral;f0212fc080e058291bf9a8634455756d4aa8093c
jmchandonia_coral;f030039d345535eabcbecab798e4d601f98b6fdb
jmchandonia_coral;f038dde91b964964fcdb044b86b98676689bdfba
jmchandonia_coral;f03e4986f4707449082ef5917585ec0e0acab509
jmchandonia_coral;f03f9398994994379c7059891ff110933d63b884
jmchandonia_coral;f0505c5efcd4d71c51589f023b7b27864cb5adc1
jmchandonia_coral;f0623942f76f181373bbf9666ec4eb098f6bcabd
jmchandonia_coral;f06410025bf9ca95a0234b9abfae41a4358d014b
jmchandonia_coral;f06b1bcda76be97c447d8d77e184acc5fd4b69e4
jmchandonia_coral;f075bdf3ed9ad24482fa32203b949a1ccb672f16
jmchandonia_coral;f07cec96be630670d2d355780b32168cb77c0fcc
jmchandonia_coral;f07faca2dc07fd39d1d38e4c6301ef21239915e3
jmchandonia_coral;f08f35bb64172a946703630a46ce2e6ad3e3f97c
jmchandonia_coral;f097b0181fe9e3ca5b3e309c6e6d2e2d873cc6fd
jmchandonia_coral;f0a88e53c5880bc684f9676e0171f530c4b168f8
jmchandonia_coral;f0b67efd87e21ecc86ef38ae6ca50d4247be5902
jmchandonia_coral;f0d0810cd43e102226f9f83c5ddda9fb2cbef235
jmchandonia_coral;f0e8305b9f04e7131289ebe0f3ff34e5147a61c7
jmchandonia_coral;f0f5f46d3505fb19fe077f821ca695080f0eddca
jmchandonia_coral;f112a4b940415c5b365e846013830fa35db2eee0
jmchandonia_coral;f11f9c49ab7645389ea78effd3776b471580baf0
jmchandonia_coral;f15f30b2de7e4cab05988ac5e96e279240af5345
jmchandonia_coral;f167a9284c862c87a0e40243f864f294aeb4630a
jmchandonia_coral;f17bc58d3591653c77eeb31dad275992df28b6f2
jmchandonia_coral;f1c4b626acd4010122046fb86fe28477b0495ead
jmchandonia_coral;f1ca1a4f990c8b60b9f86b6070792c538ff26c98
jmchandonia_coral;f1e586b7354364919ccedf8388862aecaf942d0e
jmchandonia_coral;f1edc5eae5adf0eec689d10fb30df9ee64b4679f
jmchandonia_coral;f1fc022d59ce672cc660177f4b447761cb5521f3
jmchandonia_coral;f2129de8a58e9908f9ee96c722b967ebd24e2665
jmchandonia_coral;f22878d1db0e18698f9b7788d79b425c56e55743
jmchandonia_coral;f22b990033d40f715f30073199b5631ab8fc2228
jmchandonia_coral;f234c4fbfffca67898e45698df5abe22f8269596
jmchandonia_coral;f237954199d96e7fe1133b7dd44c13808188ff4f
jmchandonia_coral;f23a4829948b7066401c3ed191e15f861848a52e
jmchandonia_coral;f2571cfc190babb3370922ad391f48b9a3eaf5e0
jmchandonia_coral;f27c13dec8d3b2933dc022d152f90b16220ecae4
jmchandonia_coral;f293db405da17a1745a1524e69fdf4b68f4ddc3e
jmchandonia_coral;f29433bfc016460a6a8aa893527a498f5ec3e173
jmchandonia_coral;f2971bf363cddfeaa17eac069a83fae852c3f413
jmchandonia_coral;f2af42e12d623d1b2ca7b755f617f160c8ab719f
jmchandonia_coral;f2d4b44f6b4cd2c19222b16e6a287c9668d039a0
jmchandonia_coral;f2d521da5a7230deaa6574acd8c51acaaf48f9b0
jmchandonia_coral;f2e0d143e78933fbc343af284ecf4b36ddd34fce
jmchandonia_coral;f2f7c65e0f7e9936b1850136284c992604b9775a
jmchandonia_coral;f31d8f6847212bcb94a822011c7fccb1eb1ef6af
jmchandonia_coral;f356a351645b287f11a4a7fadb4ca7b8ddc8fd0e
jmchandonia_coral;f36a3f642fe975f2a5ff85e14022241a83a48dd6
jmchandonia_coral;f3702b99d4516f94eaebcbc6ea6afaf21ae3f092
jmchandonia_coral;f378b0f8dcc8d6728f1488a3cff90f614fe76d7b
jmchandonia_coral;f3829c7ce943dbfa888a1ae3c0f39facf877fd78
jmchandonia_coral;f38550661209dec21087ff9b9e7bddb869950b0d
jmchandonia_coral;f3866419304372dbe877a871ea943272febd6ddb
jmchandonia_coral;f39075b64ebca3e89247e3ccb19ea9ff23d9d85b
jmchandonia_coral;f391486513a6ec10a189f9852069955a5d679421
jmchandonia_coral;f39c393be6a4ad2ded27c4fc7376818033922877
jmchandonia_coral;f3d41a12568a34286f79300b136409b96e9ca47d
jmchandonia_coral;f3d9b93839c5927e0d7a7db418f10670277bcad7
jmchandonia_coral;f3e1c29087024cfc26a9da1f4c61a5181016547b
jmchandonia_coral;f4205d4a7c5d9cd95a64c2ad4af0898506e2cd5a
jmchandonia_coral;f42d357ed6cb40984e0eabca07f6081395d52907
jmchandonia_coral;f431b5f105001077e3253a9d34fcba50922abd71
jmchandonia_coral;f43b15f817868305f88946181cd66e38d22388d8
jmchandonia_coral;f45ddf06febe210c9d0e8ba144b1761be2d3c92d
jmchandonia_coral;f49e8fee9167f6c5fb99a84b4785789733b064e0
jmchandonia_coral;f4a7dec4ab463ab9c2820362d8de33e6eb632854
jmchandonia_coral;f4b58490071d01a3bbf0511246b5d00e747874ed
jmchandonia_coral;f4d118207da487b4c991ecba0de7b7d6c8e3681e
jmchandonia_coral;f4d340a865974184a373dc6eaea9ed4f294704ae
jmchandonia_coral;f4d44af3847d841f7530f7ce33ae4cb92ac42ed0
jmchandonia_coral;f4e312118f96b3011ca03a3f76045ea41f4434f9
jmchandonia_coral;f4ecbe50dbb029e491a85c92266d3250bfbbbeb4
jmchandonia_coral;f4ff1387ba8aaf62addea6d3d19979c09c2cba53
jmchandonia_coral;f50f495b5c78ccc6eac6ed3001ece053628b6ae8
jmchandonia_coral;f510579923e5db2cd76dc818fb38abc4e79394cd
jmchandonia_coral;f5153e75077bda3846ab853c7e1ef05205a232ca
jmchandonia_coral;f51a2819c8da806e07c15d107822f5d3dda57575
jmchandonia_coral;f5255c56e46dd63d96902256972b8094a4cde124
jmchandonia_coral;f52b989dbe07a7489efb363b604481cf71fac3d8
jmchandonia_coral;f52e44811b47a5ff18435b50c32fd95c5bb7de41
jmchandonia_coral;f53e318b7f7691528c72ae85b9bd97e27278d326
jmchandonia_coral;f5492c3559be67697982b46b27c91eba004bee02
jmchandonia_coral;f55914f079e78c3e4a607dcca74e48e6629823cf
jmchandonia_coral;f55a1feee1f3f2b73ff706a7a53203deedc1d617
jmchandonia_coral;f582591e69067d15051276c2a5af405c01638655
jmchandonia_coral;f58cf61d2545042ed972aeb09e0a5d5b8bc35cb3
jmchandonia_coral;f5939fc8471ebc8c4a663afba4e34dce3d1e3dfb
jmchandonia_coral;f5966cd2cba291fe1641c2e0afd6055bed26a474
jmchandonia_coral;f5bea91f8a8e7f69a3319287991e703b25446c07
jmchandonia_coral;f5d29eb9e2eade201c724e421133889b7fa1512f
jmchandonia_coral;f5fd359052e0e1bcc404210fe65518b7481bf269
jmchandonia_coral;f600aa4144fa42c2c223adb5c51fb3c93f8cee71
jmchandonia_coral;f6063f4e42d27466388069c64f0561a5a245cf5d
jmchandonia_coral;f60ba02615b0bba96326b21cadd9dbe8cae1a123
jmchandonia_coral;f62c7621884fc48b57d757b0069fe9f42c9dc9ce
jmchandonia_coral;f635130378e3f9e6e01c6ce9ec7e65577b7693f5
jmchandonia_coral;f64e7adf06cb9530caf5945f78c44aa4be89e6ab
jmchandonia_coral;f653260e7913d704750793cc21de32b6e4426793
jmchandonia_coral;f65632f736401d2ca4db39427a087d3fa57ff14b
jmchandonia_coral;f674dc33ea3d49489fde52bad2ff28d895928eb9
jmchandonia_coral;f67a925cc0b32c35a3c78a597f9930d54d518d6d
jmchandonia_coral;f69654d6a596c8d570b7d9bdb3763b5d8183b644
jmchandonia_coral;f69abad5dda7a5a30f4332131cb0ce27b7d2278e
jmchandonia_coral;f6ac22da8c4e5d6edcf94d6c8950cefcbae18701
jmchandonia_coral;f6ad3b85e60e8592fff00717cfc7d3f23a19ef37
jmchandonia_coral;f6bb64997696b4bb5fb584bc07c47f74da95689f
jmchandonia_coral;f6e60625fb5738e639011be2f198d16ae268cc04
jmchandonia_coral;f6e7f590901855da73deeba957ad0b942c3d1012
jmchandonia_coral;f70051f67f336ef5444dff962fd46f9cddf568a4
jmchandonia_coral;f70d2646a567f51b9b3752f5a648db22fa8f8df3
jmchandonia_coral;f711c15c8452fba61ba2f5103ab7df95f116d8d9
jmchandonia_coral;f716a08c5abaf4e72cfc2ad3679413faeb1010c9
jmchandonia_coral;f7177718ab7b88e69ca9ec41dcf67fd4c09a5f46
jmchandonia_coral;f72e7f73d97b188991f16abd5acc855149076cc0
jmchandonia_coral;f73bc777eeb997428cd9ebe4df14039b44ad5c17
jmchandonia_coral;f740d0c070320ba828c1321c8376d2060e7047c1
jmchandonia_coral;f7517a3f79ba037a92851c6eacb7d7c2d7a92bc9
jmchandonia_coral;f75704d95bdb90708db6480addc8819039170240
jmchandonia_coral;f75a7458570f6dc776e14af5880deffa67245794
jmchandonia_coral;f77ad7535cf874be5de3c0b01117c105235856f8
jmchandonia_coral;f77ae2b7992827cb32145c946dd76adea417f636
jmchandonia_coral;f7921f066e0690856136dd6340ea73045b9a27f1
jmchandonia_coral;f7936a15c22ca95b9e12bb8f0f8ca595325e5950
jmchandonia_coral;f794f0aa4d4ab2ab14de89e32075e0f5b70925f7
jmchandonia_coral;f79a0106984cca14857a975d8deb4e34e73ef0ab
jmchandonia_coral;f7d7201e86567f54b5e6b3b5c9f25e0c718c14f9
jmchandonia_coral;f7de4705bee8a82cfdd2788cd98826f7992caee2
jmchandonia_coral;f7de473d5bec39978383ce4bc15ed59a28cd6632
jmchandonia_coral;f7e535b0c90acfc2165609b3fb313f8ff58647fc
jmchandonia_coral;f7eb09dd32c5e92b23f2740ee1b762871a84f0bc
jmchandonia_coral;f7f881f57af450614f78b410a7bcb5d3e199a6f2
jmchandonia_coral;f80a6f0f7766c8a4bb9bb559f27d5247b17fd261
jmchandonia_coral;f82f174aac49ca5b6f869e5c68cfcd1a7c4293f1
jmchandonia_coral;f840a0e644d64b2a3aacbc61c30a767a5c88d173
jmchandonia_coral;f867591236fe7700125685e6e4789b3411555d13
jmchandonia_coral;f86f5d9c9d2b96f89984944181b81ccfb7863122
jmchandonia_coral;f86ff5ea67f0af6cb47eca64be62331729d23dd7
jmchandonia_coral;f874b250a5289070222e6098aeb73aa006b55e70
jmchandonia_coral;f876d66909751f1969370d519069dcc248dd5c1b
jmchandonia_coral;f8b3cf3bffe9c1051d29a3955c740180326a15ea
jmchandonia_coral;f8c08434e47db56b9005f7bf3a1503e71831cf71
jmchandonia_coral;f8c6a269fc926c569a7973d8638751bb4fbb1d88
jmchandonia_coral;f8cb190716cd46e6bc1c88dab88e3902a88fdd75
jmchandonia_coral;f8cf543e45dc3b764ec3f7a3dbcfc7b2a383d6a7
jmchandonia_coral;f8d02a2e82db5404ad212375dd1af5edc53518c0
jmchandonia_coral;f8d4d49bf4c30b4b07c0fc7ce0eb512c22a0348a
jmchandonia_coral;f8da9c7c12d9b7a569ab1ce1d01dc2648ea45a44
jmchandonia_coral;f928f224b5c06dd2e9068449cb6bee42148ad64b
jmchandonia_coral;f954756679946e9253844519b6bf1b600e3a42e1
jmchandonia_coral;f985115ec6b56297c6810fe13f0ff0671a4846cd
jmchandonia_coral;f990307dfab84c13465253e7ccc33ecbb4eb9b7f
jmchandonia_coral;f9ac1b9de04d79aece713df28df51645c1c397c0
jmchandonia_coral;f9c26cf368344682f7a2f1597208a6829e3c867d
jmchandonia_coral;f9db2ed8753e2852ab5888729a39f2b8b7fbad44
jmchandonia_coral;f9f1bf4bf8572b3242caa1cc2b35312fca101346
jmchandonia_coral;f9f23f69f65927863964fc3dede155f79991725b
jmchandonia_coral;fa107382e1ed449ad222eb98c69ed6dfe23cfbe7
jmchandonia_coral;fa2a21939b37889c94b38b9e0ba57fec3a59f4c6
jmchandonia_coral;fa3375fb4f5f7395ab263819d6d5d640a1822fbc
jmchandonia_coral;fa380e0edbc5d0604737957acf91be64c6e2efb5
jmchandonia_coral;fa3c11d0e8b381b34631232c68718f5c61b34a7d
jmchandonia_coral;fa6946b9a809c3d0a908981c690a6d05964100fb
jmchandonia_coral;fa73a6d2942782454e8f1b21f874ac45c322f434
jmchandonia_coral;fa747c524b6a45c3db4e2612e087bfa89057b80f
jmchandonia_coral;fa779b25df6a4f35cb18deb52ea6d6425b710959
jmchandonia_coral;fa8986345e59e6bb6402dda1098294de43755ab2
jmchandonia_coral;fa946672bdc40b7ea9f190f813986c9488b6ed46
jmchandonia_coral;fa94832a35f0f09f0c39871f0956991acc71daae
jmchandonia_coral;fa94e05fe8565daf74339b19efa4b0faa3b9a71a
jmchandonia_coral;faaff9ba1f930865fbd7dd11b82ca801b8066c0f
jmchandonia_coral;fab970ecc05d44e8e7ebe88ee358dcb102587fca
jmchandonia_coral;fabd42f7db66ca97aa97a19b937f89500f59f6ed
jmchandonia_coral;fadb429d50415ada7d0345ac6e783755abe4f4f5
jmchandonia_coral;fadc1d6c128f5ee913462f99cac8f1bb235236b8
jmchandonia_coral;faf1b91d9a61964c982ca2bbb726916f947c9f9a
jmchandonia_coral;fb3a58e37111ee68e6755fbb72b7a51bf1aa0a09
jmchandonia_coral;fb3d97770cc6966e715d9b24ce8982ebc155ea5d
jmchandonia_coral;fb44a2e11d191124a4fa014e010529f02d60ffe5
jmchandonia_coral;fb61dcc154bd53ad015f5421392bc72f00fdc81b
jmchandonia_coral;fb62a6b9de5de8f775f0595a92a905f2334d1041
jmchandonia_coral;fb68530c34bb25b7ae9b8bf77a6545296f0b6a51
jmchandonia_coral;fb6a70a6aae392ece17de8e331c2b30b0cbfa4c8
jmchandonia_coral;fb6e613926fc739ac972766e503c4fab14872168
jmchandonia_coral;fb7945adb881386046a70602f1af631d84182c36
jmchandonia_coral;fb88d5ab0c4198288ae967bc5905b531bc0edd8e
jmchandonia_coral;fb94456eb6d947330174f6d3f182ad5eeff606bd
jmchandonia_coral;fb95bf9030bf1f58791838dfff8c8af91f72b96d
jmchandonia_coral;fba7304771d2c7a33bb60d84576695d15f9c7370
jmchandonia_coral;fbaf5e1fef69ef552af10116dab90e25b62a8636
jmchandonia_coral;fbe298aa22d2a68d380ad6fe2ae46e673904419d
jmchandonia_coral;fbeb5e223eb05e92ec1dd270f9e32c7b1f8f5143
jmchandonia_coral;fc05f6f59a1250becdfd07c9d8b00b9f241d462c
jmchandonia_coral;fc2e2e16a4fcab6feb0d02a345df438c064ba8e5
jmchandonia_coral;fc3461e856b183a8703ffde6653e74c4971be6c0
jmchandonia_coral;fc47e6c6e73b2ab8de829aa1b5a4a7492563fce3
jmchandonia_coral;fc4e203076f271dd17684e252efd6e4466c0f6ce
jmchandonia_coral;fc653bca438881719bfd406a3769421d80d291a1
jmchandonia_coral;fc9030eeab23829d0bbdf3c224831d93448c19fe
jmchandonia_coral;fc92a4bcc0d08222165bc3d804026d19a7333758
jmchandonia_coral;fcae845d45c5a4a6dc3024309f4ec8f4d93469b8
jmchandonia_coral;fcc0cad26c19c22f4c29c452e1ddad646475657e
jmchandonia_coral;fccdc63236fc1345de1002244a87c36ebe495b04
jmchandonia_coral;fce595e3a329f25183297d43ead0b0f2a79470f2
jmchandonia_coral;fd1d6ad1c5ae96120abda54f7598a23f0d460d28
jmchandonia_coral;fd2188a0ac0ccf6f5cf2b2de20f755cba3275a7f
jmchandonia_coral;fd25896a47bfae91562ce5e2563a8ae81a5c5707
jmchandonia_coral;fd2905780b52d1c857b69bdbf8671a06d3c168d7
jmchandonia_coral;fd5ee053571017483be7aadae5e4c67c78b515e9
jmchandonia_coral;fd635fb2aa9eb3245a972e6c22f2f5fb733f6e5c
jmchandonia_coral;fd717fd675a80fe2fb0ed3b07f01c554073a9ee5
jmchandonia_coral;fd80be9d5f902eeecfd0be22b8ac7197f4731082
jmchandonia_coral;fd8b4736cfb29a1faf395ecca4bf2d32695c3a0f
jmchandonia_coral;fd8e65ae540249b1a19b36f277628f9ff597c387
jmchandonia_coral;fdc137c23aa6199c66f6bf6ada82239c44346ef4
jmchandonia_coral;fdc978adf10065c7754c3fbf1c3ab802341c0872
jmchandonia_coral;fdd4d762d4a77cb2972b6b9ef2e4fcbc1ac0310f
jmchandonia_coral;fe1350453e6c802a1504f4f97cdd33470805064d
jmchandonia_coral;fe26fcb2d8d7b3e4c0695efebcc2092ac51184ff
jmchandonia_coral;fe2f73ee46556d49050a5015f38643d1079c7e61
jmchandonia_coral;fe5419d7cc90ba464f06d2ef036d91c078e0b67b
jmchandonia_coral;fe5445105223d69b62281e097d119ce09d36fad4
jmchandonia_coral;fe5e553add64ca7b30b504423a2b935f50c9e927
jmchandonia_coral;fe731615fafe904bd20d2a195d6417349a12845a
jmchandonia_coral;fe8beeb9cc5084b64f24a1349277dbf1a684d0e6
jmchandonia_coral;fe9dd8cd18cda52d42cc3cd02dd2d4b5ee0c9ff1
jmchandonia_coral;fea0d863a09183813a26e6f6a046bec5a51fe316
jmchandonia_coral;feba8b3ddf04507245668ccc9fb9ee85b48112ff
jmchandonia_coral;febc3e53f04a4ff6640d2de13b580c4007678f44
jmchandonia_coral;fecd43133bb742e8841c106a662f3ea14e2f3123
jmchandonia_coral;fecfa0ff264c19252785b65303589d50ca2e885c
jmchandonia_coral;fed04c566667d530cbb63b8c2882e8636b6a37c8
jmchandonia_coral;fee1060be989a7d4da46702d460100f47455b541
jmchandonia_coral;feed16f78ed2a80d47e2fb23f852bd2748d1a8b7
jmchandonia_coral;fef0f4cb1148adda411042de3f4363db5df06c85
jmchandonia_coral;fef1e8c7c4776c83af9e6025fe1cfc904e83c3a7
jmchandonia_coral;fefcc8144291d8365a62e0c2c383b4f98d438140
jmchandonia_coral;ff04077b498d71850af4e89a3e6366a27f2242a8
jmchandonia_coral;ff0a61becbf3ef9b82a02d320fb363108cd84e65
jmchandonia_coral;ff0e85742d64ca23375fa2891e08b4b4ad571f2f
jmchandonia_coral;ff26fa590186aad11de7e96a2c1fdb15300a2049
jmchandonia_coral;ff2f73313e72438161ebd664f0b76866657f62e5
jmchandonia_coral;ff3e6abe26d77502110c2dbf9729c0bf87af63e4
jmchandonia_coral;ff5c0b96e18f639fee3408bd108a8544484b977a
jmchandonia_coral;ff5d796a7f323cd6b99dd5822c0d757cb9cdfb3a
jmchandonia_coral;ff7a90d53430b6277ec9c19d5587f527ff859329
jmchandonia_coral;ff7be6aee47003aa94de21792919ccc6ff001810
jmchandonia_coral;ff7db6810ce26d80dcada9c35712c1b5203c149d
jmchandonia_coral;ff85c97ed2075bc55a5c2abed2bd50a8c417d462
jmchandonia_coral;ff99f8b55b3a7a1e3cac8a17542d80d1785334a9
jmchandonia_coral;ff9d5243abe2a55a9fb6c5dcfdfc0b9f58bb54dd
jmchandonia_coral;ffa1d0b698c71dfe9ea7b963d0dcd81c72a7069c
jmchandonia_coral;ffc1d412b30e6e1ff8566ceabb6426839a082111
jmchandonia_coral;ffcc416a816aaa27ae9fdcbf5af1bbd73811a585
jmchandonia_coral;ffe501f5d6586e985925eaa5825dbd976cdef176
mouseland_rastermap;011ad4a3427008d314ceea02da5288d1373b4198
mouseland_rastermap;01b2fa15c381f978cbc9ac0ace8f508398cf84bc
mouseland_rastermap;03486ac9e561c34de2cf154b3083045acd200f4c
mouseland_rastermap;039b7808201328d97d61c4436a46fd9308de624b
mouseland_rastermap;04071b30b706c472f077118c0261d44bec25b25b
mouseland_rastermap;0440f82c1848637cc9273db9400f278e13856119
mouseland_rastermap;0458d8f50bb0109e6b17a6d9b2971123202708e9
mouseland_rastermap;05adf488de7bf57e6042466a5748d35e51e596a4
mouseland_rastermap;05fb983983cab7c05573d02951615f32440e9725
mouseland_rastermap;05fd4cac92e451205bd452880d13683f7ab2a34e
mouseland_rastermap;06965c269aa46d367b7d1e862e7247c3172eae73
mouseland_rastermap;06e92e952903a6102e31f02091bfa4d69f0640b1
mouseland_rastermap;0764f97f65468750d9dc30257b6f17382bb5848d
mouseland_rastermap;08e69ca909b40e4614d5529f980b17eab970d0f4
mouseland_rastermap;09380f055380b7b89e53fe1e82734e0cc9c74a0b
mouseland_rastermap;09731da4be4b85474beb54a26a94383d50560c9c
mouseland_rastermap;0a283fe117c55a89278a3f35e6d761efe8c9bff3
mouseland_rastermap;0aa57891358ea4bd668728f17b252cc8b39cd90e
mouseland_rastermap;0aea85d0bbf7db75ffefd2ad9c24a700752ad679
mouseland_rastermap;0b6059d80ddea681c9952551a9f640774765e9cb
mouseland_rastermap;0bda99e794ba424617cc61037f8b2bed2e1b7609
mouseland_rastermap;0c5fcf175bea6aca73c04b537edfb71dc0cd7023
mouseland_rastermap;0caf35bf9bb70702c424db7104365e7169c2595a
mouseland_rastermap;0e3d5d5c17b454f2937804d4e9693a61daf95010
mouseland_rastermap;0eae3028bfee0da121ccb2f8c92d20acc1e51e19
mouseland_rastermap;0eee094c3f681076721ecb3a87674e6ff3af0267
mouseland_rastermap;0efe2c2d9c2897ab381fa377dc46473192f8420c
mouseland_rastermap;0f2918e5025facaaa322635e20e615538439b353
mouseland_rastermap;0f3b5de768f0e0e84c8dcf06a6593c02bed190e4
mouseland_rastermap;0f7995778726683f500f93193b2f91d1563c05a4
mouseland_rastermap;0f94ddafea6636818646ad2f1bbfa2c3a8832d93
mouseland_rastermap;11d4641224d4d1138805e04d242ee09d366079b5
mouseland_rastermap;13a3ba1551f1a080b67e91e2fe1ed66bfda3c270
mouseland_rastermap;13a3db6b21eed7ba0d6782fd759bfd59766ec295
mouseland_rastermap;141a14e06eb75b187ae71789a3171a7e943a0710
mouseland_rastermap;143bf8da18bd3c07b7b8ba6407f3b5d302e0ecd4
mouseland_rastermap;145da530914ec684215ef77e3a04b39d8b5217eb
mouseland_rastermap;147a412a876370561b010a1579b626a59abe31ec
mouseland_rastermap;1486c92eff7cb229907e9a8b39da4bfdc98d5cb1
mouseland_rastermap;14c9d931ac1e2da97d900725895b5a79c6b54651
mouseland_rastermap;150b0728e1bec04e6d3b44373764b9ff6c02903d
mouseland_rastermap;1517bf23e0b8962bee372a0cb5e6aaffa08a98df
mouseland_rastermap;15365318027653b96f185a4fae25f3852e31764f
mouseland_rastermap;16fa9a9542be7b74c7829fff54d11b3306f746a4
mouseland_rastermap;1790bf687096b29caf25bab05d2fe3b5cbc329cf
mouseland_rastermap;187158628a5f7a36c96f89d2c26bd74507932530
mouseland_rastermap;18f9f36500658e0eb7841f30dab40e4b4e76974d
mouseland_rastermap;19167947f9dba4989b4d1e9b5b4ae27aef22fdb5
mouseland_rastermap;19464a405f79edc633fbce4f81983969e031c1fd
mouseland_rastermap;197cfe5f8a0a5b91a1ea9e2ad28a88dd8c020aeb
mouseland_rastermap;1b1a6a80c653bb320658f27c5e99a5fe8d9d5b51
mouseland_rastermap;1b9845c4b8a07b5724692669711176a23d50c362
mouseland_rastermap;1ba239ae5fb02a5f74f189bc33c5ee8ee90fb1f2
mouseland_rastermap;1c0fad10158d7dd23c3e61289e295e1a2a00d486
mouseland_rastermap;1d4b79bc5e8dd8492ef3c62a280dcecdd79f80dd
mouseland_rastermap;1d9237792394dfdf45f111f165cf6b2552be3030
mouseland_rastermap;1da07309e278f0f0ec99f8b2103a35f9cffaf927
mouseland_rastermap;1db312bad95a2b84d403d84fbe471f8e2d4ff75c
mouseland_rastermap;1e22f497c429f625ebe9d949f692481ab7eabe1d
mouseland_rastermap;205d818269a967b0d89cdf81ea2b57f5978b4e81
mouseland_rastermap;20706a8c1ac89e86f6937d3fc60f5165cfcc2ae3
mouseland_rastermap;20b2ca416498ecddbadcb4d0bf230ac6692688f2
mouseland_rastermap;21b76fd1d854ba96e023da55fb9fd8d54884bc42
mouseland_rastermap;21dd183c5aca50d2394151e505864b790395148d
mouseland_rastermap;2210aec5acebf5e5c69828eab59a774a6b57139c
mouseland_rastermap;23f9d8b71f361823b93e69dc03f2766a753d3a02
mouseland_rastermap;24f34e341d89b7fe5e7cd23708f2180c95eae4e6
mouseland_rastermap;26982873d0e5e5738571a2239d5d31b74fd804ab
mouseland_rastermap;27fbe1f6724cd3421209c6d4f461b5a1060e3761
mouseland_rastermap;2852b706cab7b3cab4617c92f53b49d149cf82ad
mouseland_rastermap;287e1146adf006f3895e724f731cd6e71a9ec5db
mouseland_rastermap;2943d3b0698fec40791663c674125ed3d3ebc75c
mouseland_rastermap;297ed4b1e15cff990ea3440b58c933bdaa4d966b
mouseland_rastermap;29cdfda61119270305bbddaf8f6635e7aa9d05ca
mouseland_rastermap;2bcb0d441bd4e0b14def75053a7a5f4a6a310531
mouseland_rastermap;2c1d59435ff763bd3828b801804f8d797c7a2778
mouseland_rastermap;2d1aa7c1f6c7d1bdb62fac8b57a2a5fe7f504dd8
mouseland_rastermap;2efb3002ec129c14c90e755fcafa09838bca33fc
mouseland_rastermap;2f53ee63d7c15cbd83d4e8c2dcf220bc0d438ddc
mouseland_rastermap;2f5f79a256cb3d97308bfbc7bfdc9b535f162c2a
mouseland_rastermap;305a87f9569f2110affb8b79d2ec088f7ae6f382
mouseland_rastermap;319fd73d4b4f30aaf1803b48b6e8dddac527b87b
mouseland_rastermap;331f3f9f7ba49336d1f82170ed49ca7d9a0d9969
mouseland_rastermap;339bf705ec015e333a5cf5f251b3f4ff7d223118
mouseland_rastermap;3558dc9c12a6f977bafdf945b43a78bf2efe088a
mouseland_rastermap;35600feee282a9afe46383685e443e7f486b6c45
mouseland_rastermap;35b87929e993818d435fa7055ea56ff93228dcc6
mouseland_rastermap;36110a3375e436de8d45c437a4d2b7a81508e05a
mouseland_rastermap;3624a3f67edc6c10d2597b56aaf83118ee557828
mouseland_rastermap;36c6fbee3eb1193aa4b2a2e76e3f41e946ff668e
mouseland_rastermap;3702b91219b4420cc2ef57e3bff86bce35020a41
mouseland_rastermap;377f22b0d141e7339c9c75f7fbd259386c902a4d
mouseland_rastermap;3783669f965205f320d954f37e06a7f1762958f7
mouseland_rastermap;37b91293cb290a1ca4e9a4c1d2d052df80b1392f
mouseland_rastermap;38098e0118490083b076aa0ce4a43f8cc83e1596
mouseland_rastermap;3a544d9bce14311bc402304234726c5c26c0a039
mouseland_rastermap;3bead20f8916791e49b0f60b45f8d6aef0782f84
mouseland_rastermap;3c30e7363f1092abcdb81dcd00eec168e793499e
mouseland_rastermap;3d4f1adeb9e73d33412dad2261858bcd7c2eb5a3
mouseland_rastermap;3d7a56b586a0bd9af290fabbf4f46a2b7f5f85a1
mouseland_rastermap;402efab8030f2fc0080b4716b7acd34e5910c7f8
mouseland_rastermap;40867ce9a8b2850d76483890740c0dc10d6cb413
mouseland_rastermap;41845bac59306ee2973739703077e03054a9adcc
mouseland_rastermap;41c85a362321ca6d2f3e7b7fa33bb5d3efdaab03
mouseland_rastermap;4221bb3fd46d335c108ff3007ddf53076c2fc808
mouseland_rastermap;4271af7135d4465f2d8b37f54fce61c43b3874c4
mouseland_rastermap;42e3fb896a23c9d1f71cbae108ccfc0a9edcabb2
mouseland_rastermap;4327813b145ffc830703276caa558776b4058497
mouseland_rastermap;4363fb8f15bb6c699ad9ea9d9eee8d19f90fb745
mouseland_rastermap;45b90413a188ea31b1e6130691f342992c689b79
mouseland_rastermap;47612497d4d27db7f9925073532802aa5c29a0b1
mouseland_rastermap;47cc186babdf45d9aa8bdfb245f9e73e5c481011
mouseland_rastermap;48a49f4575c906db0d828f85b7700677f29003b4
mouseland_rastermap;49490371ec5caf6f71e694417ae5f5e1f45232a8
mouseland_rastermap;49aa6f5a3e870566f6607694e5e5448308ab0913
mouseland_rastermap;49efefae1e4541fc6ccc01e646fc6921b7d8e432
mouseland_rastermap;4b0a01a1cdf48cb5d06cd141faa9e31de168d6ca
mouseland_rastermap;4b9977261b06df33ed0ecdf17b7dfed527882e8c
mouseland_rastermap;4c79dc1543aa7a63f197ab2d4c1acc61fa8f7eb5
mouseland_rastermap;4c8aa96320d4ca5ea48c47be7ff320fb17dea321
mouseland_rastermap;4cabae727cf4bf8a24cfd7499b963f11f3125042
mouseland_rastermap;4db264058904f5f20d3ba8554fca86fc0642738c
mouseland_rastermap;4dbe7b82a1c5d73c842a8cad579e341f587d8665
mouseland_rastermap;4e9a32ca113c398f9b02bd1e53c2a262a88c768c
mouseland_rastermap;4fb1795c092e08fcb07fb30f749f6cbb17eaa843
mouseland_rastermap;50f32822a51677e08fd21bd551e8c973c10b2499
mouseland_rastermap;51f6a04e5fb8cf758b5c22f581259edfec8af7ac
mouseland_rastermap;5201d54d8faf147e256d64377b87e06265c0cbec
mouseland_rastermap;52e73d44183aaaf3d561146894d098f7921fd720
mouseland_rastermap;54e8191d2ae21abdf803b5b16caf0a4e77c7dc7b
mouseland_rastermap;559642529c7376a5d1fa13d3442f888cde33c618
mouseland_rastermap;579490d057fae22afad7830037da1954e02bdf1a
mouseland_rastermap;57cdfe40dd28151537c02ebed0d97361e1cee9d8
mouseland_rastermap;58627b226b2390dbfea0d6d59936a13693605550
mouseland_rastermap;58ab9d193b71bc3caf462026542c680d0ac137c6
mouseland_rastermap;597704c88987d2bc6442682864305eddb1a6a099
mouseland_rastermap;598626b908c7476976f2444cc57d545d690423db
mouseland_rastermap;5c25483e88dae0d56b05fcf4ad0d7e31699b0b4b
mouseland_rastermap;5ce828e3a2651f37836c5b459ceaf1197a7fc34c
mouseland_rastermap;5d5c86e3c2beb71d82ee0d084718193c6d4ff702
mouseland_rastermap;5dec350de6691fc75d7bac72fc9db69795fe69dd
mouseland_rastermap;5e74d4c62f96a8d31179cd5144fb6bc27987ec3d
mouseland_rastermap;5fdcefad5625a104b21226faec5bc4f068951164
mouseland_rastermap;601cae3afacd45ae5c9baffc7ab4d392be444d83
mouseland_rastermap;60d45db75d6af193a459c2b829e907050c6e0640
mouseland_rastermap;60de50aa372470a785e236ccf670094c6d23e834
mouseland_rastermap;6156d0342e4bc1158f91bc4fd32941f79e8a48e5
mouseland_rastermap;622ce2ac9af027012311e0197a3cbd070bd3902a
mouseland_rastermap;62a05aab492aa3cf11ea274a8d52ab5017d0391c
mouseland_rastermap;62a2457b283364a3b9dee7a04d0c577fa01292e8
mouseland_rastermap;65366e1825780849dcc10f103823def67cb6a445
mouseland_rastermap;65c0e6b3c4e34e67ebcd26506225fbccd81f7afe
mouseland_rastermap;669d27cdbb0c0de891bcf5f9db7e3b9a4fc35760
mouseland_rastermap;698a7dfd0d72065e0b6b989d51c90f043df78801
mouseland_rastermap;6a0e9931afdcff70468f5eb9bba293ce1a6c1745
mouseland_rastermap;6be6c319e8052a44bc80d247e5e9bae263b37cf4
mouseland_rastermap;6cedd0c0326125641fbe123e1e8332e7011d3c90
mouseland_rastermap;6d177001432b1ee78c412143fe2a264290d4ccad
mouseland_rastermap;6d1d9bd6a3bcadb084e184ad88e970eb6fa3e3a4
mouseland_rastermap;6d5484f82694744bed69d285e93ad67f206f8f87
mouseland_rastermap;6d5668083591b9b8bb86c4471afe1a241a1516ca
mouseland_rastermap;6e1be0b61a5fc1e92e36d6834d94bec4bf37f8ee
mouseland_rastermap;6edbb0a537c9bc272996bc1f806bf99af425caa5
mouseland_rastermap;6efddef0af833a1d100cea8b77805bc2b74913b5
mouseland_rastermap;6fa63eb50ff275866eb45ddf455b7d6aef319672
mouseland_rastermap;704f6c3b34a687ea2208fe39d6fc71a1bf1bd0f9
mouseland_rastermap;70cf5805bdd1f1596085c2ad346316e63bea3710
mouseland_rastermap;71bd17a6a5b78d4e2006930412f6f1a9815d2743
mouseland_rastermap;71d4a2537c4e4d67253882462159edd35f4f8119
mouseland_rastermap;72e2baf05c17c7b192745ad01c05e107054459b1
mouseland_rastermap;749780a0d982b9e768618d236579146a63c0a393
mouseland_rastermap;7603bc4a36cefe17b7021d91568a29180f6a5344
mouseland_rastermap;7737ec1c9ba32b949b180b887c01c6a363549860
mouseland_rastermap;77b2c0c93a8df0a4c224f7caa3719a00d710834d
mouseland_rastermap;77e54cf0c539192fcb575e94273131a1b64d8f66
mouseland_rastermap;78edc00956c7f00a1b4c78578b8714c2eb449f86
mouseland_rastermap;78fe04e9839ae461782e0969e547c0b068769679
mouseland_rastermap;79410b7bd852b074df66b1c1692a93bf41d55e7a
mouseland_rastermap;7a3fab5701237f9aa40de283806265d19c3fe239
mouseland_rastermap;7a6ce738fa4a35e67ebef15268634d5a5378fb31
mouseland_rastermap;7adc94a8c1048c56a1f60ed734de1fee6edba319
mouseland_rastermap;7c044086a6b72fac1ee9743e43a3fee5db1650a5
mouseland_rastermap;7c3278a48b10c994dca6dd0535b8e818ab4e7369
mouseland_rastermap;7c3ea9d71535b91ef9e6a9dfbdf7c6b6b4a8e3c1
mouseland_rastermap;7c8b6412de288deca3c44e795bebbadff0c0fc86
mouseland_rastermap;7ca1b3319bbd376de7201019893cf57d7f449558
mouseland_rastermap;7ccb5b25d3b27bbc1f59772de8beffc4cf259f03
mouseland_rastermap;7e973d3e67300166f36e1bf236896b071ee13ee1
mouseland_rastermap;7ea48ab61102f1de407f866eccfcf05484b5c258
mouseland_rastermap;7ee6eac117c3f5ab6230e7656bdb3089e916aabd
mouseland_rastermap;7f98ddfdedc6b2a53b2cba98377135f0fba29d7d
mouseland_rastermap;8093092e4ca253820d51a103d1e79340d50e6437
mouseland_rastermap;80ae7df27a2e3ed2a445623711317f4c730fd767
mouseland_rastermap;81cfa6f95861dd70436fae316e97e1b61f9b4b4e
mouseland_rastermap;8251cf0e06a92757753458080b7e8781c91d816f
mouseland_rastermap;832e4c0be978d83299e2cc356a80190a46c3379f
mouseland_rastermap;837372e68e7a89d1eac24991857490add7957b43
mouseland_rastermap;844748938c5d1551887b1df658aaf11799a49e57
mouseland_rastermap;86035676c63737d1c5c9cb60aff14c46d5fbe20d
mouseland_rastermap;86b5c107b1f409d8c66edfa6796af5bf0f05fb9c
mouseland_rastermap;86bf76daded0d25e35b45edb1cfc4a43a047ff5a
mouseland_rastermap;86ed1c834ecf18f961c42e83fbb4534ac168bc35
mouseland_rastermap;871a4ca9ed9afb5c9956167c3156e6041ca0cc20
mouseland_rastermap;8853bdf551311cb3d5de851504cbf7cf8d4db2d7
mouseland_rastermap;885aa232890cc0272ae81d62f6caa1950198bc83
mouseland_rastermap;88b4843dc230b2afd361184c083979a74d0ac6fe
mouseland_rastermap;8a8ecc6b45de28026fdde973e54aeb602ed4ac4b
mouseland_rastermap;8ac78e6f3049678cf5af4be07830f85a46c5a867
mouseland_rastermap;8b98b41206a71922135a22a2105cc11cdba8abf8
mouseland_rastermap;8bcae3569b1f5123d18bc6a1610583fc049cee34
mouseland_rastermap;8c31d2d0681a03531a5789a5cf605d0c744b35b1
mouseland_rastermap;8c4186047963e74c11168d21a97bc6d01d628468
mouseland_rastermap;8ecb3634fe92bdb604dd2bfacb2f3086166319e4
mouseland_rastermap;90ec8a1c67e1ad6a575b5e7073691f82a32a9d39
mouseland_rastermap;919fa7db10461a77743f6aad59f2d4b253d2c582
mouseland_rastermap;9211b01d40123f40e8f0366228785e74f960c1da
mouseland_rastermap;92282cf9d78e1d429e6e89e7d37020311ac5703e
mouseland_rastermap;930aa9b45a097baeba2ea57a1d130b07ed16d8a0
mouseland_rastermap;930aeeaeecdf0a7e372a904819dc755e9e544746
mouseland_rastermap;93bd6d44a0138f3f303a8cdf77e4ebb304175e6e
mouseland_rastermap;95d605118fd6b0e35ff1b8b58b7baa40c6586346
mouseland_rastermap;963c4e136a037b73cc785edc2b2dd748ee576bba
mouseland_rastermap;972c2a05a259a51fe3a1fa2915667487d2455376
mouseland_rastermap;977448a8baf31cb58f3e85c14ac4ea0bc98a7081
mouseland_rastermap;97a3ab49343de72dbcafbe5ab03524cc82b8526e
mouseland_rastermap;97b5b70a3fb1398dda381a863f631ab2ea8cc739
mouseland_rastermap;97ea14234ce2800c8101440da2cd714e52adf006
mouseland_rastermap;98f3c670c2bd04d2f3f17545c7bab23856073ccf
mouseland_rastermap;992fb7027eb3bff8aecf9bf723406ca820ce9352
mouseland_rastermap;9a271f576014094692e46b2730a91af131d5c359
mouseland_rastermap;9a2ef9fee92898c72df99666de80277e62c68fd8
mouseland_rastermap;9af9e2ca2e11f06f8dc9ab1aeb19ad37b15504cb
mouseland_rastermap;9b21f9e5e19e7f6123e04428f18352eabe05e570
mouseland_rastermap;9b615cd65f0896650dd6253f4b96c7b0270fe76c
mouseland_rastermap;9bdfa33de2999639d00e77048df3b30fdae6db30
mouseland_rastermap;9c061dda2c162db8a2efe299b392d9c33a084c89
mouseland_rastermap;9d1ef34757a7477f1a9641d13331bad1d08f8ca0
mouseland_rastermap;9e9dd0094c2aebf2d987188ced52e9890215dbed
mouseland_rastermap;9f6bb99055a696310499952c0b144bc1acfdcd39
mouseland_rastermap;9fafec084921191007eeab18e016f67b90731311
mouseland_rastermap;9fc08c92daf9698d09c67ea5fa3524a153121ca4
mouseland_rastermap;9fca7ee2930c7def06038532bb13c2bb62513c77
mouseland_rastermap;a0027857a671ba6724bff24ff98e49a3bd2e70ac
mouseland_rastermap;a032c8b926b01856b24dfdbc5870581b75326e7d
mouseland_rastermap;a063bfd7f539b1901d9b3a0c11e13211fcb3197b
mouseland_rastermap;a0764d61cac472b1b1c0eae91b9dec4775a63072
mouseland_rastermap;a14e4643feabccd258fd76485fb26cdaf21994e8
mouseland_rastermap;a1537ed2e6915401a9767ea179e72505c0c8a283
mouseland_rastermap;a1aab1e933c37e8dae9ead9038afda8c76ba128b
mouseland_rastermap;a1b49dcc467e9c340f59656f8c4223711b1e50aa
mouseland_rastermap;a20367aa58cf1e161fd122f08e5261daf127ece0
mouseland_rastermap;a2af97c01aafe98a7550aea3fb2de988d4abf896
mouseland_rastermap;a304e546be1415c111d289def9740653e7a78c3b
mouseland_rastermap;a39771ca39c71d668b6f0703caa44ef2e9cdd9aa
mouseland_rastermap;a3e716e2719390af65e5433e33b9613291be657d
mouseland_rastermap;a5fe9f156e2ed4240e0a37fbc57da6a0f20d85fe
mouseland_rastermap;a6534faa1d7081580db038b94dba07d951f91fb3
mouseland_rastermap;a68998272cdcb64dc6687a01747dfca73507f8c4
mouseland_rastermap;a68fb8eeb4d635ec010c8a6e3859e3bfedfd3e89
mouseland_rastermap;a704411bcb37d75fbd20b5676cf7fbfcf4fffa6e
mouseland_rastermap;a88db55c1afb439e47b1f1282b38f55b52729468
mouseland_rastermap;a9b381a5365433427aa8f88fb692a9e45d4c75a4
mouseland_rastermap;a9f8adf556725c9b5432e8270e2b4187ed333af3
mouseland_rastermap;aa0a9693441721c58f760046f836bfab50f9ed21
mouseland_rastermap;aa5fe2dbd9b685e0f7a169e4c64906c07f28a01e
mouseland_rastermap;ab06169631670ea0b3989efbd0c9dd469832ab44
mouseland_rastermap;ac494dae637f3a77bb6313b413df0f5ae787ee78
mouseland_rastermap;aca7ec9bab66205bcd09bbd3a580a91b590891a3
mouseland_rastermap;ae0f5f1548a9f266f863389534aeef8e216a3d20
mouseland_rastermap;ae8a05ccdb9caf67052eb9852bc0f66767234eb3
mouseland_rastermap;aea462dffd39f68733f5bc8b5d07069ea8677cbc
mouseland_rastermap;aef04a2107e71ae2bd373f2568ece2f606364f86
mouseland_rastermap;af5a6d0fa0f1f9ff4e47d2b9c13084f6ac577c28
mouseland_rastermap;af89bdf22d3053928d95f97c09b4bdf1a1a0739c
mouseland_rastermap;b0a50ab779d5f19c2c16b50aea579cb5e8961256
mouseland_rastermap;b10e6ca85929a522841205d2376d06f5d4b10827
mouseland_rastermap;b1c99de5a25233fef4a464c0796bf6a84c7deadd
mouseland_rastermap;b337302c6ab095585be7d674f80fce866e972fe1
mouseland_rastermap;b37644ea52c4cd81f143a9c2cec90286ffd61c49
mouseland_rastermap;b3de643419b1646a08ad14376765f7e11e071cd3
mouseland_rastermap;b6eaa87cabb4ebd8ce8c877cc7d470ea3459b0d1
mouseland_rastermap;b7019ba749c58eda0ff49ca98e82a81f6d2b426c
mouseland_rastermap;b8c9c2e4ba44d49968c733d86a36a03f4d95ef95
mouseland_rastermap;b9a5a4835f6c18a7c72e7156887da4abc15c09a8
mouseland_rastermap;b9f38b4506443bfe2f92af8edca309deaef76a98
mouseland_rastermap;bcce53165bc86cbbd6419a14b999f86892415d70
mouseland_rastermap;bcdcb2e72c6008eebb64021c133be2cde875f151
mouseland_rastermap;bf5fde7229e8d3391ba316c773a208d1c6f9fb55
mouseland_rastermap;bf85897b9d25705d998c9385b2cd1c4cfe402344
mouseland_rastermap;c160b3ddd5313434428a0f33b3657fa168bbed8c
mouseland_rastermap;c1af102e752da22708d0752b7ffe61bce507e3c7
mouseland_rastermap;c1c229a2de65c7180740683534665422bccea556
mouseland_rastermap;c1c42f7d78008c0ddccf05f97301ec409890bfd8
mouseland_rastermap;c2105032ed8a283bc1703ff0756c4d483eae676d
mouseland_rastermap;c2ef581ae9e9975a99f86a88eca0d70bbc4b3dc5
mouseland_rastermap;c348d496db87b64915ab062d8e0668de10628684
mouseland_rastermap;c56246ec2499e9f0d5b86d8f67c74136a58a0506
mouseland_rastermap;c57e1ea1c568bfb906998647045f0ddc5968fb3c
mouseland_rastermap;c5e8ba9556ce0ab675e3e5ab583c692725235821
mouseland_rastermap;c9da666be084db5e8248f03b53b7b6d28464a744
mouseland_rastermap;cb3cea418df44cd31601546fa02914365c11a18a
mouseland_rastermap;cb6ea8a8d520f050de7be731ba1e5da760e3b210
mouseland_rastermap;cc05d17da8180c543db693bd984ae1f744acfbb1
mouseland_rastermap;cced37e9ce12cc8728dbb926942ec6291621ccca
mouseland_rastermap;cd4890041bc5d3620afe790db3f56d7bc3748754
mouseland_rastermap;cd8835976d06f986347672bd4f216a8bc9ad9f45
mouseland_rastermap;cdac29fa03edab9bc472733ba448b810d31a0945
mouseland_rastermap;cdad8ef0277258583ad13e013a27cc853cdff281
mouseland_rastermap;ce51b2a7a3a44b9c8e50a6c377d511f429a1e4b9
mouseland_rastermap;ce9612eb44d0d78ab5e266d8499495a13dee0e16
mouseland_rastermap;cec4aae847270d495e43cec722e5d1537508aed7
mouseland_rastermap;cf4fb8a000ff79fe53b50365b016f05644f529de
mouseland_rastermap;d069ff92fd2d4f33637adc1ed1e94699e8bfd04c
mouseland_rastermap;d157870e5ca1fbd480072d05c70876e0bf03848b
mouseland_rastermap;d281c7d544130b9d802751d756fc64322e38d3c7
mouseland_rastermap;d2851df42eb14e3c0b71b43acf610ed5991afa3e
mouseland_rastermap;d2880268f10f0a716d7997b4f4ae6442e824e460
mouseland_rastermap;d3bbbbaed1152396b90c20b853971445675072e9
mouseland_rastermap;d522cea11aa3a1f8804090adc05e58508af3e2ba
mouseland_rastermap;d5785f1edfe1e40aa6b18bf2710834d3b957d6a8
mouseland_rastermap;d5ca45da8ffb6d95b1cd1a3af37750b867f538a4
mouseland_rastermap;d6efbcc365107f1f4c3082780861f97103f30ffc
mouseland_rastermap;d94514b18a647805bf156ef020c840b44bf37366
mouseland_rastermap;d9bfc874fb331c5dd7c0b12d58b7a8593b6987e3
mouseland_rastermap;da26701da266a2f58cd03789eb978e5671176c23
mouseland_rastermap;da7d8734b43592d11307283cf74b7445f5a8fd34
mouseland_rastermap;db870055dd085cc32a5680cdc98242407399c8d4
mouseland_rastermap;dc119705652db568444608b5dfa0dddf5779e5ff
mouseland_rastermap;dc80d71c706f673e8857683b747a941f8e94a5ef
mouseland_rastermap;dd814c028b723860cfa1dc1e8f4d2296e7c7d85d
mouseland_rastermap;ddf36ec8a61756e1fb00a4d957e22ea50a1b10a9
mouseland_rastermap;def5efee1f75c1bbd34519d7f80f4b599fc8ae57
mouseland_rastermap;df95c736d6a907a572c6f8d3708c9acda4fc99c9
mouseland_rastermap;dfb18634e00c045ba8a073930113bf0158f96d21
mouseland_rastermap;e0b32034316d5e43665d606d7b5ccf0122f40026
mouseland_rastermap;e0c5e79daf79c170815a726b65a5a30c677bdf0e
mouseland_rastermap;e0e6f06a958a9b44df709ce6f1358e6ee851da5a
mouseland_rastermap;e1fd652f6a8d1513b6b4f6d67db82f180b3b25cf
mouseland_rastermap;e26580c0c3a55756f0722fe590bd2d49f466e31f
mouseland_rastermap;e3a082235544ffee5a55a7e4d60a7f2c67ad3f94
mouseland_rastermap;e629763e2b06afec881be72e903dcda53b913dcf
mouseland_rastermap;e71ba6cfd1771dcddb327f9af1512b4fb8a55b45
mouseland_rastermap;e71d97c231b1cb2433ccc6bb5b21fb61c862b6eb
mouseland_rastermap;e93e47bc2e00eb2439bc3fc65cf2435169954ff2
mouseland_rastermap;e995878e329664b0c87c33758a86dadf2b55e0dc
mouseland_rastermap;e9c2c2e40a371909432c5843d386f1e7c1be3db8
mouseland_rastermap;ea755990bab6a2c6c8d3472e4da84ef6541a37ba
mouseland_rastermap;ebeb915b1c5bdc2088f074461c92b1b44d292f2e
mouseland_rastermap;ec0a9636a1d4e16878bc8fa3c90114c493f70c3e
mouseland_rastermap;ed6a4252c7b5b738720075727cbb112a535c6f7a
mouseland_rastermap;ed75c7e37f98f625d9a04bba9ed71d3644830fc2
mouseland_rastermap;ee14a7ce0281f90ee37a55c95e9f8b9b04497301
mouseland_rastermap;ee9804494378ab5d3f94b5a7f4e60ef2db2eb3f2
mouseland_rastermap;ee990266ba2ab761a24110e92fc5739a97aac625
mouseland_rastermap;eecf41c7feea0b7e7578a44a6ae7e9f8c452d610
mouseland_rastermap;eee7a46db80b6e33207543778e11618d0fed08a6
mouseland_rastermap;ef893ef179cf56732f75cc2ea3b65005c58a70ee
mouseland_rastermap;efb4602e66691a1fc95e3a05ebb31ec0e3ab3d7f
mouseland_rastermap;efb65bff4b7abeb7ea29217d643de8c26488c05d
mouseland_rastermap;f06d0b4d11da133a4729f004932e184df6eb5ebc
mouseland_rastermap;f076436a94da364982a2174ef462e3cf93ed35f7
mouseland_rastermap;f098c0d46a805a180970f47db607557092d1a8d7
mouseland_rastermap;f0ac8ddac460278307a7db92f92f0685a329a3d4
mouseland_rastermap;f0f674e19383f0a8d552fab9ec7d58d6d0c8c1db
mouseland_rastermap;f0f9adf143bdcb159318f4fd8231cb73498bab73
mouseland_rastermap;f1008a08677988df4c9084959b5574a8321e6168
mouseland_rastermap;f1610e42f40b64133d8642b636087f16132b405c
mouseland_rastermap;f16d707397639940a09404a453e6814e69495a0e
mouseland_rastermap;f1c78da52b632e492c0c199a8f9ab7aba62cb47f
mouseland_rastermap;f2a4dbaf3ed7995f67565f6a499e83d5dfda56f3
mouseland_rastermap;f2a8506c962d2bd4f326567876f3ac4b09199584
mouseland_rastermap;f39fbd1e2649afb5fbac77e013169a32ab56ca8b
mouseland_rastermap;f3c4f62caa3acbaaf5b00bc7477a308d2df07094
mouseland_rastermap;f3f38e4b1f0a9550d52de658159c4df05c2befd8
mouseland_rastermap;f58ddd1364e87250837eeca892d531e70737322d
mouseland_rastermap;f5b13bc40601cd224511ba2ebaea01b57cbb4db5
mouseland_rastermap;f5e37fa9363debb0eeb1d67d259a304ba52b9a87
mouseland_rastermap;f70fcc99cd59b891369f7868ea7b4315e1748ef9
mouseland_rastermap;f8bf263425eed6a8f3516f1c14c6629f4b0f4653
mouseland_rastermap;fa8baee6168f15220084b834536650877d18f760
mouseland_rastermap;fce068045afd36a2c1ceb5165bd8ff65ac8cac74
mouseland_rastermap;fcfa929a352afbde1efaccfb8f708d97ef7c0a43
mouseland_rastermap;fd0385fd5e6ec7341113dcc990e4117a68b29165
mouseland_rastermap;fd49d608eb461cf6814cfa69a8ffd21d34f38332
mouseland_rastermap;fea782af1af12fccb4d0b774dcd23b101ddbcad5
mouseland_rastermap;feee2b59bfd99ebb08a167b7887656c240805dae
mouseland_rastermap;ff031e6419267e7aa7701a2b8b7dbdf38d85bb6a
mouseland_rastermap;ff2634611c76efb92e74fc8e95c9ed186beb00b2
mouseland_rastermap;ff2ef4494f5a3d518127fdd4e31961150f59001c
sentinel-hub_sentinelhub-py;00020f2d2d2ffd6edaefc7ef641eda76c1dcf438
sentinel-hub_sentinelhub-py;000420bdf8f0e9aeef18253df93ffbbc0051b5fc
sentinel-hub_sentinelhub-py;0021b1ae7214865839a27124affc3672898e639b
sentinel-hub_sentinelhub-py;003a76c45d1158860234edb33d0e6d2707d9fb54
sentinel-hub_sentinelhub-py;005398c197dc340ad198e9c873878959d416f11f
sentinel-hub_sentinelhub-py;005442197d3c48a8484080b2bec085f276bb51b1
sentinel-hub_sentinelhub-py;005ff881372595b869023d0e98b401bc172aaab4
sentinel-hub_sentinelhub-py;0086522ce8d210021512b0421ae8c2b6d7a112bc
sentinel-hub_sentinelhub-py;00b5a16119f08939143d43030933476a2e69d9d4
sentinel-hub_sentinelhub-py;00c751cdfed374cabfbe08c5df2cda96f90da83d
sentinel-hub_sentinelhub-py;00d2864a8fb5c4fc8c31f93c953642a5ed854eee
sentinel-hub_sentinelhub-py;00e2fa27e719cc89324e5f02536cf095609d7405
sentinel-hub_sentinelhub-py;00e4f7dec84f46080441aaa2290576f8eb151b70
sentinel-hub_sentinelhub-py;01020734c10fac1a068082a3374ad2d6df21000a
sentinel-hub_sentinelhub-py;010f262ba1210ade217440c23347431cc5ff5e78
sentinel-hub_sentinelhub-py;0127d6b335480d955bbf0d33aaed36ae575e815b
sentinel-hub_sentinelhub-py;012cfd8f62b44c75b94c5edb29ef293af48ca6db
sentinel-hub_sentinelhub-py;0169d3515952e7e13642d9cff6d501375d2b5e4a
sentinel-hub_sentinelhub-py;016edc04dd4ed913c9bddbd398a3e1039b51c8b0
sentinel-hub_sentinelhub-py;017fa2247f455fc983654f2c829145469ca7eb1c
sentinel-hub_sentinelhub-py;018e9dabc8de759d3f8c7390e881df0a3a75804c
sentinel-hub_sentinelhub-py;01aa7e0b8db15930e8f3eedd29f26050de20293d
sentinel-hub_sentinelhub-py;01adff84beefe108a4d3dbc28380bcad8dd3ae66
sentinel-hub_sentinelhub-py;01af1695a728c5e347231887e9559f98b5651db3
sentinel-hub_sentinelhub-py;020d597ffd570e01af7c193a02d13eb9c5793297
sentinel-hub_sentinelhub-py;02510faef0e9ad53644a43070068e5088bbef849
sentinel-hub_sentinelhub-py;0295c2d5c40afdc0a189ab5145eb809b138aa736
sentinel-hub_sentinelhub-py;02cda2789267697638d610103f1788b2fb63857d
sentinel-hub_sentinelhub-py;02ce62ef9f0627d6bae318addc06cdd151312d0f
sentinel-hub_sentinelhub-py;02f1790ce40c688b58816e2b8f7aa73354917636
sentinel-hub_sentinelhub-py;02fb41eada858b6f3c3fc38ebf4f245c35ad8b80
sentinel-hub_sentinelhub-py;02fed68e34ad7a5444320d8bd01fef03ae0ab83c
sentinel-hub_sentinelhub-py;03198ac99dfdb247925f5456052b1f47af6ff84d
sentinel-hub_sentinelhub-py;03229d5195ab3fef4ed18acb0fe490bbb8b92f30
sentinel-hub_sentinelhub-py;038075f47d26447acb32f3a9bdc57344275722da
sentinel-hub_sentinelhub-py;03ab56b40da02fede402574f2500567c98a56232
sentinel-hub_sentinelhub-py;03ce7efdc59f5f825d7eaf52b46b0dc4527876f1
sentinel-hub_sentinelhub-py;042b960d421d179da0af7afb6f0a1f2d2bcee41d
sentinel-hub_sentinelhub-py;042c82e397de4917b8e26f677033e75ee061422b
sentinel-hub_sentinelhub-py;04683ca16a6817746e82cda84ec6187781f5d1dd
sentinel-hub_sentinelhub-py;0473d24c0df79cabf5c06540b998fba1a7699d95
sentinel-hub_sentinelhub-py;047eea4a0f75cf80a2bc0ef1c53bf1fcf6eb29b0
sentinel-hub_sentinelhub-py;048e59c6351ccede39ee10e0c78f0b4132d7dde3
sentinel-hub_sentinelhub-py;04b10ae6abfcd8615487d1e9ac0f94740703914f
sentinel-hub_sentinelhub-py;04b20a618f7103676ceee7837c12499a29cdd1b1
sentinel-hub_sentinelhub-py;04e3693f5d85b2689f42fcc8db82cf96f851fcfa
sentinel-hub_sentinelhub-py;050ae6bc5b69ea1a65130b9d17197e029f9ba2d9
sentinel-hub_sentinelhub-py;051db19f113d8a30e8fd6f299ed78d3ba0b37431
sentinel-hub_sentinelhub-py;052654cdd8b65dcca9c6a307b2438a4f2aafc0fd
sentinel-hub_sentinelhub-py;054b86f2340247b8f10bafc68e1bdd804090c222
sentinel-hub_sentinelhub-py;058aa341247e7f579e1f78da2398933f7ec52b35
sentinel-hub_sentinelhub-py;05b10a949b0070042c614d2b170a74e00b6d67ac
sentinel-hub_sentinelhub-py;05c9607f0cea8d707157b34fbb62b18573c07f3d
sentinel-hub_sentinelhub-py;060572dab6eba37b82d2961f20ac562bdd1b5f48
sentinel-hub_sentinelhub-py;0607f8a1ad013f522e550d816734e3e963b03496
sentinel-hub_sentinelhub-py;064a5a205be43bd9ec5a67b841853a6337cc3bde
sentinel-hub_sentinelhub-py;06de2a2893bb6a9a3cdd521cfd16b834b1ceedb3
sentinel-hub_sentinelhub-py;06e468713bbaab42b2c7cdc65dc0548dfebf99e6
sentinel-hub_sentinelhub-py;06f627ad3b55c5aadddd3926f12a3f6a36aa70dd
sentinel-hub_sentinelhub-py;070af194c24199fa0bdfe792614c6be088045404
sentinel-hub_sentinelhub-py;072154e259c50937f2b4fdd398761e87eb89508b
sentinel-hub_sentinelhub-py;07d54019491e54e64e21680d27b8d8e20b634550
sentinel-hub_sentinelhub-py;07d5bfea09d912d56e7179f23006fd86bae8dda1
sentinel-hub_sentinelhub-py;07e154a79f7ba8b2624716beffe1a0e0b261d187
sentinel-hub_sentinelhub-py;07e2b2b32ceab6bf2508903820fbd5f0d3e053af
sentinel-hub_sentinelhub-py;07e357d3eb9ba3981c11f7e5373116b83404973a
sentinel-hub_sentinelhub-py;080393956a727484b0ad822d907a63a63a5f9703
sentinel-hub_sentinelhub-py;0803ba1587b86d91754a12644a3671f722ee37a2
sentinel-hub_sentinelhub-py;083a32b76f2a91c5f2065ffe6f62d10fd24aed33
sentinel-hub_sentinelhub-py;085d14bfa3590919c3186d1a4697df7b927ee7ad
sentinel-hub_sentinelhub-py;08a83b7f1e289187159a643336995d8369860fea
sentinel-hub_sentinelhub-py;090a9c00245ffb178241f83de0383da19b32236d
sentinel-hub_sentinelhub-py;0939018332de1c7f3ccc5a8fb0b0a8cd69e7bdfb
sentinel-hub_sentinelhub-py;095c0ed485360f7a1a5f869e87bf740ff48a35f0
sentinel-hub_sentinelhub-py;096a64048f02027651528cd37adddbc882585a91
sentinel-hub_sentinelhub-py;098435a192d5ed5a5fcb3603543b6ec37959f120
sentinel-hub_sentinelhub-py;0988da7be4b33da94dcf68a9d7a9c4ed4d279361
sentinel-hub_sentinelhub-py;099673a1c61afaf58f85a3195480b99d2473505e
sentinel-hub_sentinelhub-py;09b695a31024527283a1483f5944d9cc1d18e281
sentinel-hub_sentinelhub-py;09ca2cad92c82241c1807137c44766ed56a3af6f
sentinel-hub_sentinelhub-py;09f1dcd2ca583f2088769ff0e052fca461e694c6
sentinel-hub_sentinelhub-py;09fccf5cc1a7114bdb14c8e494c9d5479e5ff3e5
sentinel-hub_sentinelhub-py;0a1e003b34631d112207bc14fd87e7dcc3f21ef2
sentinel-hub_sentinelhub-py;0a42b5a62d84022ec53569e533af84f775f5c6ff
sentinel-hub_sentinelhub-py;0a9142e4d3d0a9e778e46f6fdc28b87efb2659c2
sentinel-hub_sentinelhub-py;0ab4465c8800c115c1f8da91a018600d3958cf43
sentinel-hub_sentinelhub-py;0ab4767f13a2de8088f7efe63a4f682ec887b68f
sentinel-hub_sentinelhub-py;0acb5ac5e4b832e442a818f4e23ab6c1570beeff
sentinel-hub_sentinelhub-py;0ae4833f6d222d974c8244b4d395466aa093fb0e
sentinel-hub_sentinelhub-py;0af01ac7ee81050d11d3d0c9dc1f2a93d4ef1c7f
sentinel-hub_sentinelhub-py;0b0c3d34ecee5fc6526b3489238622a18e01fcd9
sentinel-hub_sentinelhub-py;0b1ee261afc54ee6a307562b042c23bd4a3ea822
sentinel-hub_sentinelhub-py;0b2345939af0432dc868baed41129c5fa0b36693
sentinel-hub_sentinelhub-py;0b408daff0b04a02ee833d28ac0be943f3a55e5a
sentinel-hub_sentinelhub-py;0b81a954d1d113e663402e4f93b3c5ece8210124
sentinel-hub_sentinelhub-py;0b94f37e2afbe606952cdebeec40b92785570f12
sentinel-hub_sentinelhub-py;0bddaa1a018de48a17735f3bd52b32b750244f1b
sentinel-hub_sentinelhub-py;0bdf667b436cfa3de9d4ad8a07bacf9d507d93af
sentinel-hub_sentinelhub-py;0becd4149abb381ee99f31ef86dbd82aa55c3af4
sentinel-hub_sentinelhub-py;0c27d238cecbd2e272d43b92510856e8e722c06f
sentinel-hub_sentinelhub-py;0c37627db5009e27412c23646f5aaba3b4686a5e
sentinel-hub_sentinelhub-py;0c4dd223cb09096cf587ce155c82583a40a9bd5b
sentinel-hub_sentinelhub-py;0c622d9a4a36ccb7d23501ca5623d5cb6f587788
sentinel-hub_sentinelhub-py;0c68085ecc5f10084005a3f11a759f863d532818
sentinel-hub_sentinelhub-py;0c72b00f5408f43f1f6a8627aee6fecfad01ad09
sentinel-hub_sentinelhub-py;0c77d03e62ce702cdb70aacff5889514b8ffc23a
sentinel-hub_sentinelhub-py;0c9550de604119bf94d268cb56a980d8792362a0
sentinel-hub_sentinelhub-py;0ca26a3ff3f392c9e0830510743e3f931598a75f
sentinel-hub_sentinelhub-py;0cbe21b9c9a3533d026923ec222752d3856ef738
sentinel-hub_sentinelhub-py;0ccf02cdf7d51e41e32b65b91cee523d9f07939c
sentinel-hub_sentinelhub-py;0cd01665e080c676d4c895d8941142fa93b9f108
sentinel-hub_sentinelhub-py;0cd12dc3e59e466c70db6bea13621b66e5ce40c3
sentinel-hub_sentinelhub-py;0cea71df435602b3fad3889a60b25540dcc3fb6f
sentinel-hub_sentinelhub-py;0d20fd12e7892a5f42b23b59c79aa6ad1b22143a
sentinel-hub_sentinelhub-py;0d4541a6ff05df5b2247759ef1468c9bacb34d29
sentinel-hub_sentinelhub-py;0d611027fa6d2d5be464e158caa131ec686ef87f
sentinel-hub_sentinelhub-py;0d744e941a2695edd8acc949e43a5fdad15cfa18
sentinel-hub_sentinelhub-py;0d94a358adc8a00037faf0a4e82542528abb15bf
sentinel-hub_sentinelhub-py;0da30ebcd51f091e9e9b145736df8f7cb6f0bd50
sentinel-hub_sentinelhub-py;0ddb015a4f7b9a932072a9ed67ad1a7bc7c3279c
sentinel-hub_sentinelhub-py;0e36562b87cb23818e0d2cc54112b9f7a008abff
sentinel-hub_sentinelhub-py;0e4ab59228831feeab3eaf1d818c818339c0c7a9
sentinel-hub_sentinelhub-py;0e7252634c6611b9738f8d5e0f2c3cac72cb8e11
sentinel-hub_sentinelhub-py;0e77c4856901a27ea78438aa7a85bd0d52b61edc
sentinel-hub_sentinelhub-py;0e8ee224006beaadcb0dc065675bf0855770c46b
sentinel-hub_sentinelhub-py;0ec1619c17e9508d39d9335b2b973265f130caa6
sentinel-hub_sentinelhub-py;0ed306a11324c7ef5f6c72c79a1a6d9c9fcd28c4
sentinel-hub_sentinelhub-py;0ed65dbbf7e7c67aeab9321e68765ba8888c1145
sentinel-hub_sentinelhub-py;0ede08f7b55bb8cd56dc620f023d0b2cb8144f94
sentinel-hub_sentinelhub-py;0efa9b8b92ba0a129443772d9b2e874ff6d3f8b3
sentinel-hub_sentinelhub-py;0efeffbf2b68d636d2f6e905914268e835c0722e
sentinel-hub_sentinelhub-py;0f31d13a517ccffaf7c3a5061ce42e94ae9c7cb2
sentinel-hub_sentinelhub-py;0f42bddd7b94b4d06e5d6f037679b4e945de1a8f
sentinel-hub_sentinelhub-py;0f553797b802e30d45e87a28bca398fe21e01951
sentinel-hub_sentinelhub-py;0fb2dd01c7672d6f4384572adc0ab4e7f1713c23
sentinel-hub_sentinelhub-py;0fbe4af1cdc938c84a4268f213a10b5a3641f6d2
sentinel-hub_sentinelhub-py;0fd620cd80c3c6836704c63f1e5e315987a255cd
sentinel-hub_sentinelhub-py;0fd85403d648fa0f1cd904f4f65777493890be16
sentinel-hub_sentinelhub-py;0ff5cc9122930264419225fab557493e3cd7c9a0
sentinel-hub_sentinelhub-py;10008cccd4ecd0c9615cdc9187f2ec15abf3b2e0
sentinel-hub_sentinelhub-py;101b22135866b02aed0e5080163ed2cfd009c709
sentinel-hub_sentinelhub-py;106d4fd63438ceaa7bd27970972d033dbe5fc41d
sentinel-hub_sentinelhub-py;10900c796075bc852b58762f59cf20332b8de970
sentinel-hub_sentinelhub-py;109a110990e995432d62bf945ebc26a2c7a36049
sentinel-hub_sentinelhub-py;10b74a7aa70e0d21d6f06053b310c042415a3e4e
sentinel-hub_sentinelhub-py;10dc821881a759d0dcbf41c1b8353b87cf5ed86f
sentinel-hub_sentinelhub-py;10efb4fc7e9ce2db5dd61d9eec81122e2fd5be14
sentinel-hub_sentinelhub-py;10f760b4225e55bc0252fca297149cf6d47a4665
sentinel-hub_sentinelhub-py;110699566757d219cd1c177ef71c545ad7681da3
sentinel-hub_sentinelhub-py;11193402ea97faeec7dbffaf0fb20d0533651b88
sentinel-hub_sentinelhub-py;114ddd086a2fae76c99e2445e5a18916b99ae436
sentinel-hub_sentinelhub-py;1174daa0692268ddd1465dcaa4e30b3077045c1e
sentinel-hub_sentinelhub-py;11759ced42f1516dc0159ed58b68d50bc9d2cbad
sentinel-hub_sentinelhub-py;1176060f33b0d9f4eb5b7a6ee5d6d2b15690d73b
sentinel-hub_sentinelhub-py;1179e2d585234b934b086376bb75620421be6ec2
sentinel-hub_sentinelhub-py;119ddf100a3d255d0b6f5f286ed5f266c36cfb2f
sentinel-hub_sentinelhub-py;11b81b1b4ab2c819f29c3fcd3e054ad534629645
sentinel-hub_sentinelhub-py;11c2d75957a5e8b60e03653fc8e84cfd32874a8d
sentinel-hub_sentinelhub-py;11d2a8fce8c78660539d6462e7ae7dc78b43d3df
sentinel-hub_sentinelhub-py;11e91d55301b9cd777caee35e25b9d96ae4ede3e
sentinel-hub_sentinelhub-py;11f3b31188aa3617407b90dbb30739828aef8eb5
sentinel-hub_sentinelhub-py;1226d0e8081ff7767e227a7ed0d821a6601fa9a7
sentinel-hub_sentinelhub-py;125be280741b6b2a606c2a67374b520f9ca275f7
sentinel-hub_sentinelhub-py;12b6c1edce36aeec4d3d0b16ccfa8bfbbeb54a5e
sentinel-hub_sentinelhub-py;12b828d8a00a3be5ca70a4b011c730a1e38d6589
sentinel-hub_sentinelhub-py;12fabc81d7eb1dd6177e859d2aa53da9d4959039
sentinel-hub_sentinelhub-py;13101663c6cd8340c8f719c61d522752590d6de7
sentinel-hub_sentinelhub-py;1320893672602e615a5d4be37ceb27a997133198
sentinel-hub_sentinelhub-py;1335a8529d13d642c19004ffd77465d57298d6e2
sentinel-hub_sentinelhub-py;135689fcb4e86eac8821c263c2b817543f3ef826
sentinel-hub_sentinelhub-py;135df42a74a3df2c42bf19e4d2d8d8fcea174759
sentinel-hub_sentinelhub-py;1364d31e825457ea833c60585890bd82e0a2b207
sentinel-hub_sentinelhub-py;139204654dfd575d44287a464388afd6d7377428
sentinel-hub_sentinelhub-py;139c9cfa39f165e27c24038fcf346b7d068b1086
sentinel-hub_sentinelhub-py;13a71ab58ad1f9175d9ede304e3cd01b8e54f170
sentinel-hub_sentinelhub-py;13b730cf4ed48bd66ba3521a189998535cf43325
sentinel-hub_sentinelhub-py;13caa2b50219571752e8e42db5e4182159f5e587
sentinel-hub_sentinelhub-py;13df5923bdf83ce5727288eaa3c02134fbce3f07
sentinel-hub_sentinelhub-py;13eae853348e7b56134ba6d22941a4b99a0636f3
sentinel-hub_sentinelhub-py;140ad1bcb7a6b9d3a354102aa8965cf210cb9088
sentinel-hub_sentinelhub-py;142f13c72a83668aa33a7d6bb71b03c4ad48bb40
sentinel-hub_sentinelhub-py;1479335085c75a465b5e3113e0807bb51d306994
sentinel-hub_sentinelhub-py;14af69f7e410ba546b74a287c1ba27245effd338
sentinel-hub_sentinelhub-py;14bd74d2d463ec503c49f287d6dad2484c3245b9
sentinel-hub_sentinelhub-py;14c935a02c4fe74561e9369017a2dc0703776576
sentinel-hub_sentinelhub-py;14f798ac1f60420e7c7114611eb91ab70aa330a2
sentinel-hub_sentinelhub-py;1588b685124c7532315cce51cde9c5ed03e412d0
sentinel-hub_sentinelhub-py;159eb767da636c254e6f91212fd52431f619aefc
sentinel-hub_sentinelhub-py;15e352b03dad086b17414bf83006869f43411a86
sentinel-hub_sentinelhub-py;1604704ce3779e165582afbd64df32cbccbb0032
sentinel-hub_sentinelhub-py;16644a0d609434844ceed13fdd903119d2d013ff
sentinel-hub_sentinelhub-py;16843b8e79cdf33bf5c837bc88805038438df14e
sentinel-hub_sentinelhub-py;16ad5b32f7052d75725a37ff367880ef49297ad2
sentinel-hub_sentinelhub-py;16ccb7a3005b24ccfb1d9fd242a540eb9ee1296c
sentinel-hub_sentinelhub-py;16d0edd23bd665a40944478a2ac324cf00553c73
sentinel-hub_sentinelhub-py;16e6214f636666006c451e43a3bc88e7a19fe6e7
sentinel-hub_sentinelhub-py;16e6af67a04e7325d5143cf9804e5e36cc51392a
sentinel-hub_sentinelhub-py;16e9eb73d44dbd1e4a2c550fbdc3b8feb96cea7b
sentinel-hub_sentinelhub-py;16eb28759ff903482dc2d559875a3c03fc795479
sentinel-hub_sentinelhub-py;16fc933688900e2ce9b26549400c00c7ce070109
sentinel-hub_sentinelhub-py;171c270f016335efd454b3c43e60b8d9c688108b
sentinel-hub_sentinelhub-py;17230250e8ace1e60787c673ebbe8bfa8f006102
sentinel-hub_sentinelhub-py;174b75ea67d79f6ab1d8da3840c27aa512c01305
sentinel-hub_sentinelhub-py;175a08dff989c9c15bf11c04baf97b800cee0c7c
sentinel-hub_sentinelhub-py;1769ef85132ebba42cb786c3163b395ad029e252
sentinel-hub_sentinelhub-py;17897ef1b0e2d44c82a6501ce772fc21c7af67ca
sentinel-hub_sentinelhub-py;179f4cf86e5ae0f975e07c7f130dbd0ec77c0cdb
sentinel-hub_sentinelhub-py;17ac90f3dbc454744922ac478b83eddd002ae076
sentinel-hub_sentinelhub-py;1811c0da109fdc0236a27cff239e7eded3e6e166
sentinel-hub_sentinelhub-py;1833082fabbcddd3773c3e49f7ca61e0e0947362
sentinel-hub_sentinelhub-py;184addebdf16c81421a4f35b1ecf06902c70efbb
sentinel-hub_sentinelhub-py;18505d3edeb9960379972fd625b3f2f80ecfa723
sentinel-hub_sentinelhub-py;185e73e8968eebd615cda21a83d12ad6c11fcc55
sentinel-hub_sentinelhub-py;1863d1c4c6e48816fc8ba9473a897b069bf3938f
sentinel-hub_sentinelhub-py;18780a622799612f49bd00c5d491668bf067d5bb
sentinel-hub_sentinelhub-py;187e81012299879a451ef587d6bfdf72adafffa4
sentinel-hub_sentinelhub-py;188e3ee5737942e3385649573d27cb76788fd0f7
sentinel-hub_sentinelhub-py;1893418e46bdbbd77557ca37453c867157db72b5
sentinel-hub_sentinelhub-py;18a62e2541c584c892cf9659e42519639ebd3809
sentinel-hub_sentinelhub-py;18f988dc9aa6eef3210c9e52e56a4c5a9d95c063
sentinel-hub_sentinelhub-py;193356eede60efc625712548da796354fb7fd899
sentinel-hub_sentinelhub-py;193d47524fb1e61faf06b188790ab51c13b7cbc0
sentinel-hub_sentinelhub-py;1945f935716001b37f782fe0f7181b2660e4d5dd
sentinel-hub_sentinelhub-py;19593abf69d7a4522dee0436eba7610435d91dc5
sentinel-hub_sentinelhub-py;196a6d933ffeeffe413aab19d1fb2271ed38ca5e
sentinel-hub_sentinelhub-py;1975b0b956e8ada1707d9bffeb1e47f6322ddaa0
sentinel-hub_sentinelhub-py;198e5460b1b49abc85e448a9d67e172c7d453eba
sentinel-hub_sentinelhub-py;19a03e8b2f5f9157c7d80cd1f21487a9c941bdcc
sentinel-hub_sentinelhub-py;19b82df5cc27d31ed36cff212a84cdf00028b2e6
sentinel-hub_sentinelhub-py;1a185eea7b9b9f9dc8200f06a383d0a005a2b04b
sentinel-hub_sentinelhub-py;1a250394fce7af9bfbf0b3f12fd6268f4b121650
sentinel-hub_sentinelhub-py;1a8a5194680e3099dcd10709ee60b2ed2a8a75d7
sentinel-hub_sentinelhub-py;1aa7507fb8a73844eff3449708f9d1ca3b097c1f
sentinel-hub_sentinelhub-py;1aa8b2e38815a10a79697400a704c57d07b2cb0b
sentinel-hub_sentinelhub-py;1aa943a5e9c2897f1700abcf32b0d4541edfd879
sentinel-hub_sentinelhub-py;1aaa84dd220a4ce530d7e7e276493f4947540fd1
sentinel-hub_sentinelhub-py;1aef519ec002c9e8699736c02adf50a1d6724948
sentinel-hub_sentinelhub-py;1b124dcbda1856edd3296799152ab0a47c290f6a
sentinel-hub_sentinelhub-py;1b1ea7323ff026d8bf25171816a25a98513e27fe
sentinel-hub_sentinelhub-py;1b39dd2b78836fac95f862764439101598fbf78f
sentinel-hub_sentinelhub-py;1b4ed690e71d19e353a58c8ab1242d5c8951d8ae
sentinel-hub_sentinelhub-py;1b59b0023a23c412ba2d91211da5077de06c4f74
sentinel-hub_sentinelhub-py;1b64c299463fd4962fd3b076427c2af7b51f228a
sentinel-hub_sentinelhub-py;1bd2fc7df4478cbf12be56f76da95a6197521a91
sentinel-hub_sentinelhub-py;1bdb86497accde417cf767ddc4dc4b7ba8cb7c8a
sentinel-hub_sentinelhub-py;1bedd9a01bcc3ef011c859a7a3278fd3c346304f
sentinel-hub_sentinelhub-py;1bf7415ce279d3ea68ada4692d4a700c64bd75eb
sentinel-hub_sentinelhub-py;1bfdba5d22e45b40a644429b073a9593457012af
sentinel-hub_sentinelhub-py;1c27dd9ed39b594605ce127c9cb3855678280c53
sentinel-hub_sentinelhub-py;1c53dfd4405457a9a4d1d4d42c11be9dd5643fb2
sentinel-hub_sentinelhub-py;1c6d7944a4cef1bfcf2429a42de467f2bbdd6a10
sentinel-hub_sentinelhub-py;1c71247e2663acf94e2d2a832b47047a49386338
sentinel-hub_sentinelhub-py;1c7818a058e96e6bbf5a4e2dd9723eac18683930
sentinel-hub_sentinelhub-py;1c8295ca2dfa424ddabc9beefe941eee72b06996
sentinel-hub_sentinelhub-py;1ccd59e291142f6bd7624567d4c68bc1d86dd3f6
sentinel-hub_sentinelhub-py;1d02f7b7078531e57f665e20cd9c5d223bc6f3e6
sentinel-hub_sentinelhub-py;1d3a52bf4fd52731a27f4cb455f2a360b634b1d3
sentinel-hub_sentinelhub-py;1d3d242e704b664a7f2fbd7265114545926ee5df
sentinel-hub_sentinelhub-py;1d5d26c1a8ae1cbbb45765266f093896366bfaed
sentinel-hub_sentinelhub-py;1d6552924df20636cfc23c96cfdb613d91d9693d
sentinel-hub_sentinelhub-py;1d66f2632f617ee4e20d3b388554a72e3986e330
sentinel-hub_sentinelhub-py;1d79f1f9291c14656c25d93eefe1c833bbdebc1d
sentinel-hub_sentinelhub-py;1d97a1c369e316c5271235a53471e915dea4288c
sentinel-hub_sentinelhub-py;1d9c438e98edaba11e292aa6dc85a45ec3431f50
sentinel-hub_sentinelhub-py;1da77655902da33aeb64b40f63024217db92f891
sentinel-hub_sentinelhub-py;1da8086f33a2bac808855c88e6ab3ee3cc0637f2
sentinel-hub_sentinelhub-py;1daaf42664d1825fbf092d975ad7fc384c5dbaab
sentinel-hub_sentinelhub-py;1dac249b8bcc59fff640082453762d7429d9c232
sentinel-hub_sentinelhub-py;1dd5cc55a93c290d73f2a4db50f71370b7860b58
sentinel-hub_sentinelhub-py;1dfcf40865a6d16a63224231b34a3fe0cdf858d2
sentinel-hub_sentinelhub-py;1e0181456fdcdb8dd904509b37c2872de566ab91
sentinel-hub_sentinelhub-py;1e3d81a311d55d8247fc91da79d3085d114fff7b
sentinel-hub_sentinelhub-py;1e7393b2b1afbfdfa1d42ffc79d8d63b5005d076
sentinel-hub_sentinelhub-py;1e760ac73d2338052ce2992c1acb347ee2f906a4
sentinel-hub_sentinelhub-py;1e78469d94dc3e88c7fbba5d4aca48dc3ddae155
sentinel-hub_sentinelhub-py;1e996744f77aeaa84d0d8e9e2db278b3f383295e
sentinel-hub_sentinelhub-py;1ed4b4eac151d7a59908c681eab8ff7fb26bf818
sentinel-hub_sentinelhub-py;1f1d1d5d95b79bd198b1870aeda0b7d18898096c
sentinel-hub_sentinelhub-py;1f7bb2decde0596e286ae3fee9a58495200192be
sentinel-hub_sentinelhub-py;1fb0f0c44595811b4abc5cad531fd4fe2e090cc7
sentinel-hub_sentinelhub-py;1fd8ff51baa9f95ea1bd51edca88dc2a13553e67
sentinel-hub_sentinelhub-py;1fffe0795d5c91a20d3780563ccabf103dda8a33
sentinel-hub_sentinelhub-py;20009c689a8eabded65037d8cc17ecbe8a3a3632
sentinel-hub_sentinelhub-py;201dcda432dbb147f227654c2c5f83980cada49d
sentinel-hub_sentinelhub-py;2029df2323ca7b0a0f1a7effc371c14e801816df
sentinel-hub_sentinelhub-py;203eda0c9c7091f0d8cccd742fdcf49dc6ce37e9
sentinel-hub_sentinelhub-py;206c1330239840c12cee565248a582b055ef76ca
sentinel-hub_sentinelhub-py;207a9c8ead1efa92b3147fd1a6a40a5442c76ebe
sentinel-hub_sentinelhub-py;20ca78e07fcf672dbe9b064ece663f28bac62815
sentinel-hub_sentinelhub-py;20e29838f9d3cbf24b327ff555c6007fdeafa72e
sentinel-hub_sentinelhub-py;20ee2ff50b6859ad503e80ee7dc611bff77a73d3
sentinel-hub_sentinelhub-py;20f9eef101b9e21a66d566164ca36a43b1644267
sentinel-hub_sentinelhub-py;2102955a4aa6b3bc523423df0c017a176882df54
sentinel-hub_sentinelhub-py;214cef1101abce88bdebcd3f9235c5992a0b2b0f
sentinel-hub_sentinelhub-py;21530eedd095122b1492b46b9db481396e898389
sentinel-hub_sentinelhub-py;219107e9f2d34e9f45a58fd193bc11265a147c84
sentinel-hub_sentinelhub-py;21ee8353946787b9742335fb521f913b005ca563
sentinel-hub_sentinelhub-py;21ffb709deceb249d9b2989a8340fc3a0f567a02
sentinel-hub_sentinelhub-py;22085a5d5bc9092985d86ba6d1c0ed730965ea36
sentinel-hub_sentinelhub-py;2215995332d9697e1816dcb016bac0890186243d
sentinel-hub_sentinelhub-py;22174a1eafac5fd87c261a0f6c51b8759cfb72df
sentinel-hub_sentinelhub-py;22377d105d4431ec0c5e93c23ea02b648c95ef64
sentinel-hub_sentinelhub-py;22483b79fc00f14f6409e5fbb0c3bc9b85036bf4
sentinel-hub_sentinelhub-py;226a5cbfa213e01ac2fb84192554fb26e6de600a
sentinel-hub_sentinelhub-py;229886493a965ba79a0df25fcf659fab65a32cfa
sentinel-hub_sentinelhub-py;22b2dcf986bdb3c9bd4f1609a3d24de21e31b46c
sentinel-hub_sentinelhub-py;22c7ec66fe93c2d2af6678d16e965d42b48aeca8
sentinel-hub_sentinelhub-py;22d8378ff414aefe4139e52b67ad79a008a4c488
sentinel-hub_sentinelhub-py;23031c34abc3fd94f0bc6b042e1d84710d3be027
sentinel-hub_sentinelhub-py;230fdb6e54274aaf0438fb277eadec8fe51b3632
sentinel-hub_sentinelhub-py;233079f98a160c6b02021af13d6f0a93ea3846dd
sentinel-hub_sentinelhub-py;233cfb7d2c75c651ba75cab8ca629cc37fcc5b03
sentinel-hub_sentinelhub-py;2345f84730f78e31fe05801234b139df29dc44d4
sentinel-hub_sentinelhub-py;235648f2602f029571912b5e096baffce0d25056
sentinel-hub_sentinelhub-py;23615aea5b8bc256e09dc2eb4ada7b2d54ad0b12
sentinel-hub_sentinelhub-py;236e27019c057ef97a87cfd6804748a2bace7207
sentinel-hub_sentinelhub-py;23df49dbc51d596ebe6c0bfa273bc4df74252a08
sentinel-hub_sentinelhub-py;23e797bfc11c89bb6127c15fa0f6ae764b2e579d
sentinel-hub_sentinelhub-py;23ea73e1e49fe059c5a1b113dd777311b9b2dacd
sentinel-hub_sentinelhub-py;23f267db476d26ddf76a2076a4f9a1d81bd9e31d
sentinel-hub_sentinelhub-py;23fde20b59d884f7f22b4a18f4d356505df0420b
sentinel-hub_sentinelhub-py;241b0c1d7bf77d1494eac8a90adca8caa04857dc
sentinel-hub_sentinelhub-py;241dd738149a2b873f4c9b36b8506cfb6435e985
sentinel-hub_sentinelhub-py;24848dc37df3fa4d6ba90e98f2f54bf8f9f13c1e
sentinel-hub_sentinelhub-py;248bda4d95c691c0c3cf1447a2efa5aebc852bb4
sentinel-hub_sentinelhub-py;249b6ae052b7d7a892ce31885edcb61527148f3b
sentinel-hub_sentinelhub-py;24b279bf4be73aac758dbed68f287b3a2f548cd7
sentinel-hub_sentinelhub-py;24b3a15a1f33d289612eed4d679bd7baacdd2ab1
sentinel-hub_sentinelhub-py;24d0408df26ab401344011a09a15d39a1e67ad1a
sentinel-hub_sentinelhub-py;251c998fd14af48fe42da0aba252f2303f31c81a
sentinel-hub_sentinelhub-py;257fbe107050013a7d1cd8689edcddc245f10c2b
sentinel-hub_sentinelhub-py;25ac5a84b4fd183a9c2e75b6c57827fc78aa2d79
sentinel-hub_sentinelhub-py;25b2939ec100986a0bdda474b29abaa21fa4f04b
sentinel-hub_sentinelhub-py;25c02eff937d16ad7a453416e2d40e8ff85bd79c
sentinel-hub_sentinelhub-py;25c05876bda6f74f7f235b708a33201c8bbc9f70
sentinel-hub_sentinelhub-py;25c193a1c6e8e9906a1dfbdaa75d25b8e9c45a24
sentinel-hub_sentinelhub-py;25e9e9c6294e053f9ebeda7b569344ba43a9da1f
sentinel-hub_sentinelhub-py;25f8d6f26137d014a909e57fd3d3a99b3c0968c3
sentinel-hub_sentinelhub-py;25faf3989278a5bb7fe7d3b09337ce6a019e4f2d
sentinel-hub_sentinelhub-py;2604ef94baeec4978d4741528f7735f49eea3b04
sentinel-hub_sentinelhub-py;262152b1ba3aaceb9bdaaee1f708415bd738cfbd
sentinel-hub_sentinelhub-py;262d0f821f5018dfc1019f222309fc53e0c5d893
sentinel-hub_sentinelhub-py;262fd9164fbbad82a3108e0d005c2eff3fb7c811
sentinel-hub_sentinelhub-py;26478f908f2a428e770a6d8711d1a88d05f21a6f
sentinel-hub_sentinelhub-py;26bc4781b020ba6c62cc45d4b6e98e0f3c6a908d
sentinel-hub_sentinelhub-py;26c7ec9870391022cfe96528def34653084f581a
sentinel-hub_sentinelhub-py;26dd9e03300dac60c8721bd281e1c12a01ad8885
sentinel-hub_sentinelhub-py;26f94f0193bd140cc9d0eb37a1986b40eee46355
sentinel-hub_sentinelhub-py;272ecfaf4154388d9d4ae53ca6c5c7e57028c375
sentinel-hub_sentinelhub-py;274a02dbd95f337775cbecdb7ac3b3c51e526da9
sentinel-hub_sentinelhub-py;274d5eeabc079098b967d0b8fec177691f1187d8
sentinel-hub_sentinelhub-py;2756b334a35dbfbc48f43fa6ef6cf6fa71647596
sentinel-hub_sentinelhub-py;27647caf4e30ac6012f72844f9eb651147fd98fe
sentinel-hub_sentinelhub-py;276b8c90e2488ad5b40065345370b4e7926cef26
sentinel-hub_sentinelhub-py;2774e0ed207075e5830055f579897bb1aa361ca9
sentinel-hub_sentinelhub-py;277aac8999c894789cac7991bd8e55a23991364b
sentinel-hub_sentinelhub-py;277b33bf1d2ff77ec8d0b5adaaf9f37b78078cd4
sentinel-hub_sentinelhub-py;27807e0d79ea2b80bc35091190e8c7a9dab7145b
sentinel-hub_sentinelhub-py;27cbd9fef8c208f998901ceb369a68e26f96b7da
sentinel-hub_sentinelhub-py;27fff203801d04abc93a89152ef563182e2f7513
sentinel-hub_sentinelhub-py;28002f9056888b64af8acffb46a23bf5b42740ef
sentinel-hub_sentinelhub-py;285ffebec6336ec3a831da81e747ef8ca61f6c4f
sentinel-hub_sentinelhub-py;28891b0dcf81e631f649eac3d145bca55975533e
sentinel-hub_sentinelhub-py;289d8ee8166e534f6147494816eb039573c57d58
sentinel-hub_sentinelhub-py;28a35164ae02b211344a140c6ccc31ac360bbef1
sentinel-hub_sentinelhub-py;28efd981a36c2a09f990fac842d2f2c4f1fd2d47
sentinel-hub_sentinelhub-py;29048aeffd229ce5d76be2852d241fc3688bd833
sentinel-hub_sentinelhub-py;2908b13006399c2bb12fe27866b9aa157abee41d
sentinel-hub_sentinelhub-py;2934bdcee6f86fea5a7dd7a95c1bc7d3fd3de5a6
sentinel-hub_sentinelhub-py;2953f2502f0434998a8a3fc4c37db47e86b3a75c
sentinel-hub_sentinelhub-py;29577446cd1d7890a29ecb4566574067f5a1cf7f
sentinel-hub_sentinelhub-py;2960bc770e317b08393b493057896b295018e80c
sentinel-hub_sentinelhub-py;29737dcc854c40f75f1ee073e48485542cbd72c4
sentinel-hub_sentinelhub-py;2995426cdc5c9659513d1da95a68aa3d8dce2b85
sentinel-hub_sentinelhub-py;29ab5d87dbde33b08ec677f02ecbfd769dba562a
sentinel-hub_sentinelhub-py;29ced95faeb4e1829dee2d562882795376bf6d94
sentinel-hub_sentinelhub-py;29e87a65a5375bf823b22844f29dd31a743ff1dc
sentinel-hub_sentinelhub-py;2a3ba5e29ccbee264966345ab0324b25d97a9b6e
sentinel-hub_sentinelhub-py;2a417963b6bd3c23a2e78a2c718c38c69021bb6f
sentinel-hub_sentinelhub-py;2a511b8f2661470a1b3cc63050a6d48a3edd69ff
sentinel-hub_sentinelhub-py;2a5e383cf96bcb461545d1ca419c3d55b8b9a27c
sentinel-hub_sentinelhub-py;2a80df10c5a7acf85162dcc7f4f0cea7db5f246a
sentinel-hub_sentinelhub-py;2a94503b01442c31bdaa600ba81eb48a3dc0853a
sentinel-hub_sentinelhub-py;2a95f63710f2e33ae888e7ee1f4635c010800937
sentinel-hub_sentinelhub-py;2ad3911335ad56f9d671696384af6d1292372bd4
sentinel-hub_sentinelhub-py;2ae0e90174c83905bab14a7e88cec9067398cefb
sentinel-hub_sentinelhub-py;2af4dd3dcc073a04135611cf638c003b88cfab8a
sentinel-hub_sentinelhub-py;2af63a8ba75e75efdd66195302dc504548f002d0
sentinel-hub_sentinelhub-py;2b022ecdecf311e958797c3362ca558f5f46495c
sentinel-hub_sentinelhub-py;2b1955ad18a05902a4aa1f96355f9726c3b6b399
sentinel-hub_sentinelhub-py;2b3ecc9bc045f62fabddfa2433b050a77a7ac4dd
sentinel-hub_sentinelhub-py;2b55c0f88250aad22fc35dff2d2d8c7784284fc1
sentinel-hub_sentinelhub-py;2b68e17352c395ac88c9cf2d1eacd75ab7ea22fd
sentinel-hub_sentinelhub-py;2b7f35c9e52316249323f1ea791b81331fa8d9a7
sentinel-hub_sentinelhub-py;2bb2aa17e0add885fe06c50aedc0aab3d258eb5e
sentinel-hub_sentinelhub-py;2be96447f8f2fe85ca304c56cb053723902bf23d
sentinel-hub_sentinelhub-py;2bfbb231da3c8735e7ee8c1b6e8728dd23db2bbf
sentinel-hub_sentinelhub-py;2bfe3fcf2a51ce5df9571555f66faf3b2ca6db11
sentinel-hub_sentinelhub-py;2c0b48af7048a308bd1cb81830a6eee74fbc6777
sentinel-hub_sentinelhub-py;2c0eff53ab71cdb5507a4f4dafbd1b6b6abfcc7a
sentinel-hub_sentinelhub-py;2c35e4227f7307cc33d96d7b3901ce3bcd7d6207
sentinel-hub_sentinelhub-py;2c604ff19f90ea07b878f8e15d1c2bfdb81a72da
sentinel-hub_sentinelhub-py;2c6ba29fdb987c7c90d3df3f83669d50908df8df
sentinel-hub_sentinelhub-py;2c811d178e38e49cb6e7edd21e0fb4d3c1282881
sentinel-hub_sentinelhub-py;2ca6d918d6d896834aa0d034cfb3fa7d52dec2a4
sentinel-hub_sentinelhub-py;2d5c5c98f4facb0bf6fa41da6aeafd936aad5d3d
sentinel-hub_sentinelhub-py;2d620e0721837b6ef2723238605066c200deb9f7
sentinel-hub_sentinelhub-py;2d7561287bb33aa21a7f2342ef8caa878f421518
sentinel-hub_sentinelhub-py;2db8024ac1268cd1cf9776b4f78d4b5cacd58685
sentinel-hub_sentinelhub-py;2dc57d38dcf1212ff1adffae5d7cbcbc57571758
sentinel-hub_sentinelhub-py;2dc6d51a1a8791983530bd1bc4292b057149e521
sentinel-hub_sentinelhub-py;2dce89085cf7a85102c1100a56f771ef59379f8c
sentinel-hub_sentinelhub-py;2dddcee72153c4894d1819190231015cc81293a7
sentinel-hub_sentinelhub-py;2deb677769baac557e670a9d55ca64bb38fb5681
sentinel-hub_sentinelhub-py;2deddc6e3a2d05af4ef92a7e874c6fec635fcff7
sentinel-hub_sentinelhub-py;2deee6fe7296742afd22f40d49842aecff5ae059
sentinel-hub_sentinelhub-py;2df6028b04acb0566a815bc779414717b9902d59
sentinel-hub_sentinelhub-py;2e0ce9c8c2907c25fd15ec07371fa30bce8d3648
sentinel-hub_sentinelhub-py;2e394548a2e7645ec9985eb63a97e96b63c0fe5f
sentinel-hub_sentinelhub-py;2e5204fbfce4e0d2737f135015c6531434e480c7
sentinel-hub_sentinelhub-py;2e5917e1bc80d5f69a7794fea036e6e1cabaa90a
sentinel-hub_sentinelhub-py;2e7dc5410de6bb82b69fa50c8f263e7adb5ac271
sentinel-hub_sentinelhub-py;2e936ffff8450a5631a5e2e59747c8d5a29f5927
sentinel-hub_sentinelhub-py;2eecb03612edccf59ca73079a90cc0118340e2cf
sentinel-hub_sentinelhub-py;2efcdf2dfa94a106dca3e0609e50b7036c30c6ea
sentinel-hub_sentinelhub-py;2efdeeadff241cd9abd2334e2f13b64673be4e69
sentinel-hub_sentinelhub-py;2f26518429eea032a7070fabeaae0d550763293a
sentinel-hub_sentinelhub-py;2f60cdb970650a2eaabe5ceb7f932ea294bb9e5f
sentinel-hub_sentinelhub-py;2f6bf9511d583704226fd74d1ee38b083a993003
sentinel-hub_sentinelhub-py;2f72ce696f696cfe055e97ca305582c4c4fb2233
sentinel-hub_sentinelhub-py;2fb1397fa1d478d50d268bf3f21c27cb42451b73
sentinel-hub_sentinelhub-py;2fbc1d0b3b4faff1a31c1cb81437afea665d5206
sentinel-hub_sentinelhub-py;2fc44c21276d025bf8c71d95e606ad146f921ddb
sentinel-hub_sentinelhub-py;2fc7eafa4913d0775dadb0e1a7ef154249dd682d
sentinel-hub_sentinelhub-py;2fc8180549b3b2eed846deea46f9a5dcf8d82b3a
sentinel-hub_sentinelhub-py;30050ea3a6b18c7cdb14a187ec1af18f6643fda6
sentinel-hub_sentinelhub-py;3033cf9ceb27f8cc15af206eb199e3e5132561c2
sentinel-hub_sentinelhub-py;303fdd311b6ef8f37a43d5f850b6641d06afd816
sentinel-hub_sentinelhub-py;30407c06d0d7aefdb3eebc46517745d38c507ab5
sentinel-hub_sentinelhub-py;30490c515e58a33bf3f7c5a3e88b3fe17f5e3c3b
sentinel-hub_sentinelhub-py;3054e3f77dc184569c7a28e27063caf2b28f0d2a
sentinel-hub_sentinelhub-py;3055169bbe43d67c10cafa6e23ddf9fc91bb304b
sentinel-hub_sentinelhub-py;305c64374452a3a5763c45c684be6a90fe528e87
sentinel-hub_sentinelhub-py;306b60e9bc152d5f4df8d9c2dcdfdc3292e5a79b
sentinel-hub_sentinelhub-py;30d6eda08a3b8d043531c8f13df7d33e28c83e14
sentinel-hub_sentinelhub-py;30e3ddf70e678b9ba2b2d26f832dde45e29cc126
sentinel-hub_sentinelhub-py;313515a9db631680fcd4295e25c463eb7a201752
sentinel-hub_sentinelhub-py;316905a8c65a8ed102a723f10c49c1cc0d9b86ff
sentinel-hub_sentinelhub-py;316d776bb26c161375c13f5187c8a49e0bfe5ed5
sentinel-hub_sentinelhub-py;317d4bd30ba53d81fd33228e199c0e10a579fd70
sentinel-hub_sentinelhub-py;31ab01fc5a8c9f414a90808518a801cfc4f4f1d6
sentinel-hub_sentinelhub-py;320e32982af4b8bbf898d1e1bfc9997574de6fef
sentinel-hub_sentinelhub-py;3212bd6748acb24e88a9d162fd0ef5d7ecbe095c
sentinel-hub_sentinelhub-py;323b3c107a044b4ece7b9205119652251f4160c8
sentinel-hub_sentinelhub-py;3262c4897cfba7b6e8c08267f8563654afe37c93
sentinel-hub_sentinelhub-py;3287370bb22313f6680ed739be0f16174196c7ec
sentinel-hub_sentinelhub-py;32f7f5ed64d73530051357ca006f4ccd87f7ac2e
sentinel-hub_sentinelhub-py;32f8964f13c4f130768671dcf078112baa9609f8
sentinel-hub_sentinelhub-py;33086f95d1cd722553f5f6737cec759a65094bd5
sentinel-hub_sentinelhub-py;3311513b5fa37d7387bf771f805429c51ad03224
sentinel-hub_sentinelhub-py;331b5fb2bfeeeb28039224f104fd601122c43f83
sentinel-hub_sentinelhub-py;333299df3754c324c6c51ae450ed8ebcd031a4ec
sentinel-hub_sentinelhub-py;33769adb257eb0bb296729eb48cca2a8d9cabfee
sentinel-hub_sentinelhub-py;3387c9b74533f0ff413ab5ec73fcb35d3ab1e535
sentinel-hub_sentinelhub-py;338cf1a086c212c4f4b07618d1db7d96a7002fb3
sentinel-hub_sentinelhub-py;33b4d41339725d321f1c76061dfe4a6fac3735b8
sentinel-hub_sentinelhub-py;34119e3c1e403dfbd3fe6e4d8ec6e778f5c80afb
sentinel-hub_sentinelhub-py;34193fd83bf4e8d00859b7d40e6ff1a1aeffe44a
sentinel-hub_sentinelhub-py;34225993bf5023a3c7b1135aca37bafd8e14d139
sentinel-hub_sentinelhub-py;3448a23ea0221301660b69ab11301598aa6b39c2
sentinel-hub_sentinelhub-py;34585120690192fff79779dab09f5b3236e90a64
sentinel-hub_sentinelhub-py;349605b0a41def9216bf4c553c684a724db03d6f
sentinel-hub_sentinelhub-py;349af4a7c9016a4f5419911e5a7566fe7efaf2c7
sentinel-hub_sentinelhub-py;34e064ae7382787687d4cefaaec1d7f3c6ad98ab
sentinel-hub_sentinelhub-py;34e758189f940660367495dc2c0081cc27866e1a
sentinel-hub_sentinelhub-py;34eb6f124fd5acccda1a9a2929aae095cb88a4cb
sentinel-hub_sentinelhub-py;34f0cd77006b2697f71e3949975819290fe5f57e
sentinel-hub_sentinelhub-py;34f1ced11d2b32e6b41a30dcc4b6aa69fb080fde
sentinel-hub_sentinelhub-py;353eacc6beddd8c4fc872489a8905e5d9fc0dd0d
sentinel-hub_sentinelhub-py;355f3770968d2ccd9c5f22f4514673a0ccde1e37
sentinel-hub_sentinelhub-py;356127e2c0b8c5869ab584b23249292880e213fb
sentinel-hub_sentinelhub-py;35b1095c6740a43c981e8f7a1d1d16aae85b7388
sentinel-hub_sentinelhub-py;35b6d142a631c03094fccff6997b8b5e0e1b429d
sentinel-hub_sentinelhub-py;3601f5b09f5fd2cf53b8111d662bbda5a2865727
sentinel-hub_sentinelhub-py;36259697dc44e704a64a3e9391842ec89167f4ed
sentinel-hub_sentinelhub-py;3670c3bd1d75575d71eec96a2fed68c98848c4c7
sentinel-hub_sentinelhub-py;36b0aacc095ce4cfd9e12e25b468190a4973e3b9
sentinel-hub_sentinelhub-py;36d9165e06f7ed76d518fb362e2525e49165cab5
sentinel-hub_sentinelhub-py;36f43db5bdf7549eff858bd50753f1fb986adc03
sentinel-hub_sentinelhub-py;370522716a977a196b1486c4961f354af2cd5324
sentinel-hub_sentinelhub-py;3714ad0f3772249bc653f416e29ad8e175557233
sentinel-hub_sentinelhub-py;372c4d60ef401e7b2e08cdd758affe9a2322de0e
sentinel-hub_sentinelhub-py;3737eac32f30f3bf2f73bdc689689343b79d0a3d
sentinel-hub_sentinelhub-py;378e2ce142d02cd958cb158ec1ecac94987ad6ad
sentinel-hub_sentinelhub-py;37dbb2440a53b7f8bdf29694401c3e9ced7dd400
sentinel-hub_sentinelhub-py;37e40bd0b2e36d0d82b2baf797f4009a935b063d
sentinel-hub_sentinelhub-py;381e3cad4b50b212c21db1d703e74040bc8d0694
sentinel-hub_sentinelhub-py;382c524385b5fcf12fe4d0d172b1c00f4e672251
sentinel-hub_sentinelhub-py;3843d9e44f75155e0a48a1f96ec696a82557d26f
sentinel-hub_sentinelhub-py;38472a0d879838778a2b3f05d1d7959f4c9cea78
sentinel-hub_sentinelhub-py;3852b3ae8d0343a37436126951b5ee1fa80d8183
sentinel-hub_sentinelhub-py;3861cb3ed712e8763c50e97b67cf70d6e9aaf5a9
sentinel-hub_sentinelhub-py;3870218905cd7fa08b8179bca2ce55a57904288c
sentinel-hub_sentinelhub-py;3872b8dac2c659b08fd1f59dda2b1f98b7ed8581
sentinel-hub_sentinelhub-py;388701c7ba687e7ed4504cdc5b1ed1757d50f430
sentinel-hub_sentinelhub-py;3898102ee92a676747fd3dfa6d14ee1311a9ff99
sentinel-hub_sentinelhub-py;38a30446f5e314efe3679866631d02c4eeed9cc5
sentinel-hub_sentinelhub-py;38a71a9137dc17dff0cd8acc9ce1b2b5e87b0adb
sentinel-hub_sentinelhub-py;38bd15014dcdc41986be48fcc699879122fb1e33
sentinel-hub_sentinelhub-py;38e5e60f5a75804e2d267c5e6fd1aa68d7e475cf
sentinel-hub_sentinelhub-py;38ef98ab2f57028d1d1ac40339099d96dcaacba9
sentinel-hub_sentinelhub-py;38fb73d6064d4fe1c94867c1e70ed5c92d534351
sentinel-hub_sentinelhub-py;390540f3491dc8e7a1eb8738c8664cd225c201a4
sentinel-hub_sentinelhub-py;390cf628b1028ea29ed73423f0a66357c0b31aca
sentinel-hub_sentinelhub-py;3938e901648ad0e4988b9c039b505ac3ba8079a6
sentinel-hub_sentinelhub-py;397e464c84834b741c5ede81fef0d6dd1a6cf91d
sentinel-hub_sentinelhub-py;3984335c20f14638dcaeb66a97997bef6a721331
sentinel-hub_sentinelhub-py;399cf102d1c1e7358cd2d84d52d7ef582f11b465
sentinel-hub_sentinelhub-py;39a606d677c14da40ae8d86cdfcc49ff4c272c28
sentinel-hub_sentinelhub-py;39aa8b026591b768b4d20f76549c465b5682ff41
sentinel-hub_sentinelhub-py;39dd8758cd6c028e22e3a29a8eb75fbe9ced1ca2
sentinel-hub_sentinelhub-py;3a3b909f47bb24368668aad197ecc7f5bab2ac2b
sentinel-hub_sentinelhub-py;3a43e91e7d42ec5c49e87e131a483468dac3a9fa
sentinel-hub_sentinelhub-py;3a4c950885d9873910c918e8fad2ab3134ca2530
sentinel-hub_sentinelhub-py;3a5a92adea28c99b87f61d322759b5e1fd38b785
sentinel-hub_sentinelhub-py;3a7c0931050984af520713e309cb6408b547e5a8
sentinel-hub_sentinelhub-py;3a8f431280f388caaca49dfc5190170122071516
sentinel-hub_sentinelhub-py;3aafac7165120f256e1e80fef5285383d9ef4018
sentinel-hub_sentinelhub-py;3ab3a68611c67c5076e1918b62c5a8a25395076c
sentinel-hub_sentinelhub-py;3ab975c3f74a002eb4a68568e7b2ec52bb318abc
sentinel-hub_sentinelhub-py;3abcec10d6dd29aa2f67d08767a094ac50dde37a
sentinel-hub_sentinelhub-py;3abddb047c7dbee50a417ec56e6212346525e8dd
sentinel-hub_sentinelhub-py;3ac00d9d0618a7b3b7dd42d479102cc203f7a9af
sentinel-hub_sentinelhub-py;3ac3c592a761785da5967ba779c0b60c45ef862a
sentinel-hub_sentinelhub-py;3ac91588c2f37a9d1f98f965dd8d3ccf1e67eb95
sentinel-hub_sentinelhub-py;3b3695c2b7b535813b21ee9662b562a981a8aff4
sentinel-hub_sentinelhub-py;3b3ce86889b75fa2a07282236f026f17fa3d0755
sentinel-hub_sentinelhub-py;3b46dd00cfa75063c2bc2c69d9eacf32b7453160
sentinel-hub_sentinelhub-py;3b4a0f3273633023c6b022059c6559efc3cacc9b
sentinel-hub_sentinelhub-py;3b4e384b82f99ed087181ab5cb995f97f0df686a
sentinel-hub_sentinelhub-py;3b6af5525230aaaa73a045ffb161d33fe713f7b2
sentinel-hub_sentinelhub-py;3b862534ac753bdc3d5a14e0a43e4b99dd1e6283
sentinel-hub_sentinelhub-py;3bd36a956abf4406ff6aaed4ccacccbd88f9219a
sentinel-hub_sentinelhub-py;3be4787992106075f3ac66ff74197f8403d12bb9
sentinel-hub_sentinelhub-py;3c16fee401d995db0ea625fcbc6b293c406ebd60
sentinel-hub_sentinelhub-py;3c21856b69dd051e36a04a76355108f52b1ad000
sentinel-hub_sentinelhub-py;3c22f17a93f10c56682fb37e5d384d3251dc91e2
sentinel-hub_sentinelhub-py;3c3242df33fe0db1ff0e677b796eee41f9d3f16b
sentinel-hub_sentinelhub-py;3c40ac6f845240c579f3fcf056c3364b0cb8baac
sentinel-hub_sentinelhub-py;3c4501ce5c47931d35f15854c476b05daa0c2e98
sentinel-hub_sentinelhub-py;3c57301c48bacbf08d5264ae67df0e438f1cae26
sentinel-hub_sentinelhub-py;3cacec93f8278df874489c7ed45dc8212d4a5cd6
sentinel-hub_sentinelhub-py;3cbd6c81be815654731c53c2e420f5e43e7770fc
sentinel-hub_sentinelhub-py;3d0362d2c073e5a082b42d614278fa813770289e
sentinel-hub_sentinelhub-py;3d234785b9a3e75db52c2b9c9ba80b12e87c4771
sentinel-hub_sentinelhub-py;3d24ba3014748c4cce81bfca3c6d8402279d07e2
sentinel-hub_sentinelhub-py;3d51c38792a34e302569106bc567e80ecd00c245
sentinel-hub_sentinelhub-py;3d785075a65a0977ab136c264daf8520f7510dc7
sentinel-hub_sentinelhub-py;3d7b8ad57a6c6caa97ba765c51a2977c932be974
sentinel-hub_sentinelhub-py;3daac56d59087b2a16bc56fb7c1f627b81062e24
sentinel-hub_sentinelhub-py;3daf62c4167d0a41773979f939d92bae5c5bd183
sentinel-hub_sentinelhub-py;3e005f73eb3323265ba83317481cb31c83bc1dff
sentinel-hub_sentinelhub-py;3e5a012d07f774e3016b2b9fcf56b2ad6e495480
sentinel-hub_sentinelhub-py;3e5e4d69f5092bdede73f0b7a24bea8c593922af
sentinel-hub_sentinelhub-py;3e6aa5bce97bf7bc42882c28d1339227c8e0ce8e
sentinel-hub_sentinelhub-py;3e989202d49e76d0a47b86f0f69af7c5da7ea013
sentinel-hub_sentinelhub-py;3eba0170c8ae13941ac7165d5812daf396a58ad1
sentinel-hub_sentinelhub-py;3ef29303c7c5aac36749a955e358a1c96aa34c02
sentinel-hub_sentinelhub-py;3f6d0b95dc7051bb6da7fb1580bf65e726130e35
sentinel-hub_sentinelhub-py;3f8cccd33ec232eb59bb6245ce0a0569d7df59a5
sentinel-hub_sentinelhub-py;3fcc6b2e6f06a7f1d26cb677da865a332d0b5d39
sentinel-hub_sentinelhub-py;4019ba2d332d76499d1a5f37fcf524299588431f
sentinel-hub_sentinelhub-py;40265a653f45091829e1f33f38ecc18988a1d335
sentinel-hub_sentinelhub-py;4050e93414152ab457a9722ba1b3f9c724b290d8
sentinel-hub_sentinelhub-py;405781b715e220f135005159af91ee48069ca487
sentinel-hub_sentinelhub-py;406623a110ab31b2c1d8f8a9a7d01c0591cb0ae9
sentinel-hub_sentinelhub-py;407090396c8b42580656d56a453c68cdc1d604fa
sentinel-hub_sentinelhub-py;407a0dd764b66d71d266f80e333c3457606549a6
sentinel-hub_sentinelhub-py;40897611a7b1c40cf9119cdf2a43dfe0c8b2359a
sentinel-hub_sentinelhub-py;4092f0235154da55d1e9338b6284eea30cf88b66
sentinel-hub_sentinelhub-py;40a2102270112cfea5ad48741e9830bf2e0065bd
sentinel-hub_sentinelhub-py;40a3fdd72a4b2cbdfda175caabcb240287c619c6
sentinel-hub_sentinelhub-py;40a6f3682a17c5b1f1f8f5bedf433d309e51eac6
sentinel-hub_sentinelhub-py;40b23f712ffc4fee62f2e25466a1fb7be6c9ce8e
sentinel-hub_sentinelhub-py;40b929cf538dceefbe0a088a1b618ad91428ece2
sentinel-hub_sentinelhub-py;40eb1e1b49eb9d948a17a616b6b7e51e1539dfe5
sentinel-hub_sentinelhub-py;40f044b9dd460ebb98181a9c45a6ca0d305f7b17
sentinel-hub_sentinelhub-py;40f369a5295e87b46caf0d6a0829f49f396dbd1b
sentinel-hub_sentinelhub-py;411548d2b7c120f6e935fa09148e634addc32c0b
sentinel-hub_sentinelhub-py;4150d4360b03c63d1d7db4f936de8378d112eeaf
sentinel-hub_sentinelhub-py;416d43285fdd9412ace08d018fd3ac876a7c4497
sentinel-hub_sentinelhub-py;4176a52b978ae8ecef8b880cd3236254a65e4929
sentinel-hub_sentinelhub-py;418cb128ddef34db7cbb86611925bc6b21879294
sentinel-hub_sentinelhub-py;41a3d2aec046a43db35f8ce9e6f951a35579b7d1
sentinel-hub_sentinelhub-py;41afcc1930f9fef4c6d33994b8985f0023f0fcb6
sentinel-hub_sentinelhub-py;41b4640c993098f616b9b514d95a07802a02732f
sentinel-hub_sentinelhub-py;41ce022a0d4273b35fb187a9ce0ea489c46bb567
sentinel-hub_sentinelhub-py;41de4f30031feb31baf004e453003fe14c191ce8
sentinel-hub_sentinelhub-py;4209eaf145e2a79e5da89f1e7cab7ad34cb969ef
sentinel-hub_sentinelhub-py;420df1020e0ea0b1f58d0a6668e91c2099138980
sentinel-hub_sentinelhub-py;422433fbc67788cfaba543f2391699964621168a
sentinel-hub_sentinelhub-py;422bb433d9ef57de629054a3452ae036c51f9985
sentinel-hub_sentinelhub-py;424d75de3fc88fc87652ab240cfcd82688869806
sentinel-hub_sentinelhub-py;424f16ad9b61e73d8fe9cbbc59900ec9ae54262d
sentinel-hub_sentinelhub-py;42638b1fae79c39962f37e45a4da9fdabc521709
sentinel-hub_sentinelhub-py;42a97978a770720e148d37147c681e1be27323a9
sentinel-hub_sentinelhub-py;42b099f0338d50706ff0cb3af226b6ada7a8bdd3
sentinel-hub_sentinelhub-py;42e68552b72488816b96c0720b41c5f6621d5749
sentinel-hub_sentinelhub-py;42ea44005074842e1a656d4f0109190d6c924957
sentinel-hub_sentinelhub-py;42f197f086b4b2afca22896c4ef3def4379d87d5
sentinel-hub_sentinelhub-py;4308cfefa2f646a0fb94d5f73083b815d7ad7063
sentinel-hub_sentinelhub-py;43181efd1589553526f0317fe0c3188de3a75caa
sentinel-hub_sentinelhub-py;433c08922bc2c1efdd5df89a9269c8a399ddb556
sentinel-hub_sentinelhub-py;43837f87220be2d154fd3ca7bbcbbf0779bbdc97
sentinel-hub_sentinelhub-py;439a6c5ace9c127a59729993c6ff8fc203e3ed5f
sentinel-hub_sentinelhub-py;43a94e9e1c49cc1195b9a9da04113ad54b6f84a3
sentinel-hub_sentinelhub-py;43e429086f9e894af4d3527bd15765131fe18187
sentinel-hub_sentinelhub-py;43f3300cd45f1236e48bbfacbc6958b1f439532b
sentinel-hub_sentinelhub-py;443e9ee6cdef7e902afda3c9036e5379c949f47d
sentinel-hub_sentinelhub-py;4440eedc723c58b77edd91adbae7c8e7f359ef35
sentinel-hub_sentinelhub-py;444d28f523d1b5974a0e9e76e4ddffac7f1cca82
sentinel-hub_sentinelhub-py;447168caffcdc27c735a11f379ef24231751f30b
sentinel-hub_sentinelhub-py;448efbcfe6a7695f171e687fa6586d4256ce42ed
sentinel-hub_sentinelhub-py;4494c8b07a33677d49ba5f455c49c73867eca0f7
sentinel-hub_sentinelhub-py;44b3b2a3219869e86387fd39fc7d1a5606a5938b
sentinel-hub_sentinelhub-py;44b52954b01d4dc4a0437607b1fb2bf235d15881
sentinel-hub_sentinelhub-py;44ce0a698cbda49ccff2423d7c71d8e6787d6163
sentinel-hub_sentinelhub-py;45001d81b64401d3502364c6b0dc551013e3b356
sentinel-hub_sentinelhub-py;450b60b051213a1dfc2bca8d330d118bd0f8da2f
sentinel-hub_sentinelhub-py;4515ef3f43a2ece04f85bd8a1052f05df81842b7
sentinel-hub_sentinelhub-py;45460b4b5b8320c1a1b7f56594f8b791546c19e9
sentinel-hub_sentinelhub-py;4551a296c40885b1870c2a682fa2a9b9c4af6f74
sentinel-hub_sentinelhub-py;455457c971a7a010aba027bdbf6bf6895dfc05b7
sentinel-hub_sentinelhub-py;455fe55cd6e23240a99296b9b124db4071452e85
sentinel-hub_sentinelhub-py;457175ebc4d81f726da4d60dd2b265c4b58c664c
sentinel-hub_sentinelhub-py;4585eac30f99972e38bd30db541472f4067a155e
sentinel-hub_sentinelhub-py;45c3d6f40b08dfb835fcc9a02235d82d09c96acc
sentinel-hub_sentinelhub-py;45e09bcf2c92ccb84bd2c7e1be681d02b1e41210
sentinel-hub_sentinelhub-py;45fd2fdbadd57029e2f117e36f09e1e9446ef241
sentinel-hub_sentinelhub-py;4604f5ee66618b31855f69df826dce8cdb0d69c9
sentinel-hub_sentinelhub-py;4611296704a0ec830fe613bfffa6a61c26fcbe7c
sentinel-hub_sentinelhub-py;461da1c735c012f49f6c1c5d8d8d1798d8ce8161
sentinel-hub_sentinelhub-py;465a28f525eb8701c9318d7c5c4e8f3da121d42e
sentinel-hub_sentinelhub-py;4661a160405b87f863dfe051656341299385b5a7
sentinel-hub_sentinelhub-py;468da206e4c69bad2735e95cfc65cf8799b0f22c
sentinel-hub_sentinelhub-py;468ff4b8acb6db228b0d4c944a0d93ce39de0675
sentinel-hub_sentinelhub-py;46975460460fef035d7e62f7584a77bea3695a7c
sentinel-hub_sentinelhub-py;46cfecef680fed2a109d697a0bb00eef8f832c9f
sentinel-hub_sentinelhub-py;46e8c10e2022ff5c6c95e14b686b41024e3b86a2
sentinel-hub_sentinelhub-py;46ead661b798ccb8560e3ba37413d58aae04b130
sentinel-hub_sentinelhub-py;47194e582fe3a9fb753fa360d200297d409d50a6
sentinel-hub_sentinelhub-py;471fc3799bf9e8cd2d8a736f0d1d99f6bfe720e8
sentinel-hub_sentinelhub-py;474a63c2cf39849a42d5d57d920c5ef643ccc3dc
sentinel-hub_sentinelhub-py;4753c158b84855b2727de6eb391208f299f28c96
sentinel-hub_sentinelhub-py;4761988c1eb4a6d8abb3253dd74b6b04c4ca1b62
sentinel-hub_sentinelhub-py;47778827fa38e6fce07b87f7de56f8fc2ce52a5a
sentinel-hub_sentinelhub-py;4785afb21d59a3defd648cff35d5c9f61b3c358b
sentinel-hub_sentinelhub-py;47b407cbda5119bf43f332133cf2d7aadbcd8e50
sentinel-hub_sentinelhub-py;47c1e9d0bfb06e05cf04a305129222eeca8a84c7
sentinel-hub_sentinelhub-py;47d117345b6e511936f19c58e5c52eb369d36b5f
sentinel-hub_sentinelhub-py;47dd3959174960c7ee9b16ab81711a136b38f6ac
sentinel-hub_sentinelhub-py;47ddf7a38fed7d5b4e6dd8fac61a830a140043ec
sentinel-hub_sentinelhub-py;47e2fbad92a8ac6e0f3dd44ca4218a096025c6bd
sentinel-hub_sentinelhub-py;47e7a14e24f7eb71c54b948ee81e1ff5fb50d775
sentinel-hub_sentinelhub-py;47ef73d73a9ace54478486e86896c34741fc5efc
sentinel-hub_sentinelhub-py;480dccfab1320b54c0967aede8b5627aef0ce105
sentinel-hub_sentinelhub-py;48137ec2401db91b5d5aa805eb5b96fea6aeed41
sentinel-hub_sentinelhub-py;484d942f8aaf3ec3a5539ea6e67c49da9e162612
sentinel-hub_sentinelhub-py;484ded74d4b720992873d09f9a3920140f53b5e0
sentinel-hub_sentinelhub-py;4854d8e2cda1ab8ad8acc57a80c79778a7c79153
sentinel-hub_sentinelhub-py;4867fc8dd1bc305143ea28879197f448f124a2a3
sentinel-hub_sentinelhub-py;489c6a93ae4b2d6c172c87f2f1a2a49102ab27c3
sentinel-hub_sentinelhub-py;489d955d7589dd19adca946a4d5c523b1fda983f
sentinel-hub_sentinelhub-py;48c7ff25ad694859e9d1c7e7aed32027d9431760
sentinel-hub_sentinelhub-py;48cd5eeb7757b317aea56e170e7fa62c322c41ac
sentinel-hub_sentinelhub-py;49323f45705a7a54f5879f6f2afaa76c745c8d25
sentinel-hub_sentinelhub-py;4951a27be6521cfea823170a0a4498a2c40d65d9
sentinel-hub_sentinelhub-py;496ffde8c484851c1d8954268293d62d2c3ae0f0
sentinel-hub_sentinelhub-py;49a8c9cf433d9882b3a42e4cb46f36eed53e9c97
sentinel-hub_sentinelhub-py;49de33952e063bd9612fe2214d7b9c0ff9038555
sentinel-hub_sentinelhub-py;49e6c6950e279ecaed9194c0e02d8220863b067c
sentinel-hub_sentinelhub-py;49f18697a55ae8fc57abd28d9bd2c285c42ee445
sentinel-hub_sentinelhub-py;49fd042fab942d04d06b2e6827cc8f495d757c22
sentinel-hub_sentinelhub-py;4a029b3460c61a5054923a3d6c4e687eb5eaa448
sentinel-hub_sentinelhub-py;4a5300f4e8424741d2ee72f7d2bb9a43c8b5be8c
sentinel-hub_sentinelhub-py;4a7b7e842dca456f57f5b52212f08279f0c7e02f
sentinel-hub_sentinelhub-py;4a9149ac9a1590a9aee7b4084f5b6401fa8a285f
sentinel-hub_sentinelhub-py;4aa6dd1595e70627d4dc2a1922d7c0ef4dd08329
sentinel-hub_sentinelhub-py;4aacc7415547e4d77b9ea2ef5d24d51b8b3c6016
sentinel-hub_sentinelhub-py;4ab967edd2f6a921504217a35db3ea1861302e6a
sentinel-hub_sentinelhub-py;4af424e612552913d6b8ad5d065c3e4a2573da43
sentinel-hub_sentinelhub-py;4af4ec72fe90bd88b4abbb9561528670b89dc51c
sentinel-hub_sentinelhub-py;4b0515939f4ec419f9053322d96d7c3f54ec7c25
sentinel-hub_sentinelhub-py;4b2a273b252f13bc2f86bbf6de20d8996d405922
sentinel-hub_sentinelhub-py;4b411e63dbce8bcb29e2bb34cafa27808ba97b7e
sentinel-hub_sentinelhub-py;4b4184a40d7502a3a1813cc1b6fe53dca00c037b
sentinel-hub_sentinelhub-py;4b4e4472ea8b36b0bf1d7e49b8e02854fd07eef4
sentinel-hub_sentinelhub-py;4b8d777e1aa1c74913b7bcb4e87de54abfd35341
sentinel-hub_sentinelhub-py;4b9b0ce877c755a2d624d911a0d788ebe718f21c
sentinel-hub_sentinelhub-py;4ba232495f366bcce9685f6206cf9b736d6a7f75
sentinel-hub_sentinelhub-py;4bb0a2a61e87e7af11257caa9a7468d68672482e
sentinel-hub_sentinelhub-py;4bedb01e43a8c25c25476e6bdf0d3ab5e7ad8c66
sentinel-hub_sentinelhub-py;4c0670005951d4a7975774b1eb5c16530bac1338
sentinel-hub_sentinelhub-py;4c0f45a5be42e5cd65552b7b6b3224adb953ce08
sentinel-hub_sentinelhub-py;4c31d3d46a927bc85c0db1ac9daaeff4f9154803
sentinel-hub_sentinelhub-py;4c79230ff2cd21c717d7fb77a6e1619a7d58beab
sentinel-hub_sentinelhub-py;4c8c777e9f0b45470847f7e91d26beb8ddef2611
sentinel-hub_sentinelhub-py;4c90ef148ce1ffdca2cbe7f356b61b47f6d35cd5
sentinel-hub_sentinelhub-py;4ca8c83c4bd355dcc318f49853101d9960a2204b
sentinel-hub_sentinelhub-py;4cca6be247ae35abdf1f99807f2577b8c80c7f71
sentinel-hub_sentinelhub-py;4cd68753913b8b1e15045c91ec3b7be4a7fb2664
sentinel-hub_sentinelhub-py;4ceb74a32925b35e86776a5df6771e9351cc954c
sentinel-hub_sentinelhub-py;4cec1d9f620bc1376e328b95e56469e09bb82195
sentinel-hub_sentinelhub-py;4cf1bf2b2999cf6554ea4434b006f127206e6b06
sentinel-hub_sentinelhub-py;4d0205fe0a4409d490375cf3e157ac385759d209
sentinel-hub_sentinelhub-py;4d07d15de8964dffa9448fddd3ca092a4d320b86
sentinel-hub_sentinelhub-py;4d1060c8b4a71ef96d54e67df75ba32543cd192f
sentinel-hub_sentinelhub-py;4d115635dfe96b7b6b5aeed9676c183388c5f0fe
sentinel-hub_sentinelhub-py;4d19a600db478f4fb5547c0f7fd08e5a8d55c8ca
sentinel-hub_sentinelhub-py;4d540300ac8cc51daf8833d2e64b61966ed2b8ad
sentinel-hub_sentinelhub-py;4d802e3647a53821b788c302522693aa8b055f16
sentinel-hub_sentinelhub-py;4d821bd270b3081a587ba4bf569c1ebcb990afbd
sentinel-hub_sentinelhub-py;4da176c4c860fa51fcf37ca70f0d2a98669ce375
sentinel-hub_sentinelhub-py;4da5218fcfe5b7533ba042025dd1f16d001c1be5
sentinel-hub_sentinelhub-py;4da7236f2cde17014ac179a6d30dcc60b95670a6
sentinel-hub_sentinelhub-py;4dae95c1d87818d21a7a460bd8042581e412d6a1
sentinel-hub_sentinelhub-py;4dd97ebac72f33f4b4db2c742a965894fefb4ae1
sentinel-hub_sentinelhub-py;4e17c29064218077dff53c9c76304af512e1f3fe
sentinel-hub_sentinelhub-py;4e317bc3a0dd681f85cfd2ef23c870995b4edea1
sentinel-hub_sentinelhub-py;4e94877ebef238a4f8a98b5f4467a1f91b2a1303
sentinel-hub_sentinelhub-py;4eb9a7be04b52591ff68f71b92382545d3121966
sentinel-hub_sentinelhub-py;4efe712e0152377c8c8f75450376843516b1f241
sentinel-hub_sentinelhub-py;4f4fd88d6613f6c21278f644cf1ed78b388bbaea
sentinel-hub_sentinelhub-py;4f648b284299788b1da23d61111a8b6381cfa901
sentinel-hub_sentinelhub-py;4f7074a9d0ad7ac00f2c4ed0aa9707fe820bd276
sentinel-hub_sentinelhub-py;4f9545577e08109896fb8f0db1152bd3eb15a0d7
sentinel-hub_sentinelhub-py;500cf5c3b9a28f6da2a978a6ef45ffb9ea9ecc7d
sentinel-hub_sentinelhub-py;5019a4068b6fc04d4490195b91b2a28a1f53dc6b
sentinel-hub_sentinelhub-py;503020c362e20bf7027e6d52a3848a11ee26400d
sentinel-hub_sentinelhub-py;50310656817cf5db5131b4dfce71aa58d2108b9a
sentinel-hub_sentinelhub-py;50602c174e550a91a07f7917a0319651ed9a8639
sentinel-hub_sentinelhub-py;506162ac3ebfd1549f63e1ea720985220f5a28f5
sentinel-hub_sentinelhub-py;50d7787dae66125ae30d619e62ef421af0605d5a
sentinel-hub_sentinelhub-py;5107d6d4486d2913d76f12e6ec9490202588e605
sentinel-hub_sentinelhub-py;511e76fed6049c22b2fa4e9774d5d618757e07d5
sentinel-hub_sentinelhub-py;5129d237ece2ee98c0a910a692aa3f3a9b0b93d8
sentinel-hub_sentinelhub-py;51384123a56954dc9cc6efbb61b63aee5c913ad1
sentinel-hub_sentinelhub-py;5149bf1678ac11838d2a58af6fcaf86bd7d1be3e
sentinel-hub_sentinelhub-py;5165ab1104792c2bbdb80c4eafbae9d90597d55e
sentinel-hub_sentinelhub-py;517f282a757e66449676569298ffaa0d5cac2c5e
sentinel-hub_sentinelhub-py;518c28439d57b3932f5cc290049664b7ec3a6950
sentinel-hub_sentinelhub-py;51bb5b85fa192ac75d776c91eaf5736b6feb2d0e
sentinel-hub_sentinelhub-py;51c5aa2251a45cfd096e5e4b7e4b5c6344272e17
sentinel-hub_sentinelhub-py;521b0a6c7e8633717dd400678da2b517da90f488
sentinel-hub_sentinelhub-py;522612e2a536f1d247a83f9bb0ec729b74f1987b
sentinel-hub_sentinelhub-py;5233a57708cf86843a23a6a39111c554d937250b
sentinel-hub_sentinelhub-py;523b38dbbb259fb2fd058ebfb0f506f4eb67f74d
sentinel-hub_sentinelhub-py;52445c0aa1462c4bdce56c45d02708407f7c2b9f
sentinel-hub_sentinelhub-py;52ac063a8a7e70a53e128885e7cdac1baefa9be9
sentinel-hub_sentinelhub-py;52be7ea849936b97697e49f31fe9ed4f0f00cd35
sentinel-hub_sentinelhub-py;52fe04fba3a1e28b61f9305a9a657812df7c1c97
sentinel-hub_sentinelhub-py;5311962293c11664ec3c21bfd007c04e5139c8da
sentinel-hub_sentinelhub-py;53126423ff213fd51a67426eea17662e39697584
sentinel-hub_sentinelhub-py;531e2a0e616eb51d5733d2ca4d2344cd0d2bb71e
sentinel-hub_sentinelhub-py;534ed7ac4fd15b486fbb4dddb6b40bae276d979a
sentinel-hub_sentinelhub-py;535f11805817329dfc693efcdffd0124cd59982e
sentinel-hub_sentinelhub-py;53a9cbc19dd8d7d27ef9b77a88a7475d4a954b6e
sentinel-hub_sentinelhub-py;53cd8de21a2e8f8a40683cf09f7f17d56d2e10c6
sentinel-hub_sentinelhub-py;53cee65ddf0f2a7e2d73b6541ab1d05e4af5e71e
sentinel-hub_sentinelhub-py;53d5de9e5e55106975a287ee97772958cc6a06f6
sentinel-hub_sentinelhub-py;53e89813f1231a7acea4959b54dd20525344de54
sentinel-hub_sentinelhub-py;53f90b4f2742468ca7dbc8829e1874e6e0831ccc
sentinel-hub_sentinelhub-py;540c46c9cdcf03ce2c1aa3074fe3712c52039188
sentinel-hub_sentinelhub-py;540e7a8bde0bdd1c20b0c31bb78029c945fc1b30
sentinel-hub_sentinelhub-py;544535afecc2136494ccea5412166dfb3c98e8a9
sentinel-hub_sentinelhub-py;550afebed323b21f94e2c51f767e645f85faa4e7
sentinel-hub_sentinelhub-py;551276681073d8ac6070167d67d59a4e56854739
sentinel-hub_sentinelhub-py;5514179cb894f6a2a4777c38c032c88751439d66
sentinel-hub_sentinelhub-py;553b5957116e8ab29ec18c9893df11adc330b503
sentinel-hub_sentinelhub-py;554c994336d1783673cd85f59aa13b90ee48137d
sentinel-hub_sentinelhub-py;555679f2575668ac6ffe0fa3b79ee8b13d5c8311
sentinel-hub_sentinelhub-py;55877574132599b585caf7f2d5f9d7fc94d91877
sentinel-hub_sentinelhub-py;559e8fc35fc260f27c463697e0262621d59ba919
sentinel-hub_sentinelhub-py;55dc35f0fb70dc5aa79427a8890adc45c255c320
sentinel-hub_sentinelhub-py;565c55fb97bda1c6e6ef6ed416a81de0962e5e7b
sentinel-hub_sentinelhub-py;5674ebc4446da3a806c3b47ed691146015196658
sentinel-hub_sentinelhub-py;5679733c3b5f4a014fdb4da89cc4fa0ec9ab50fe
sentinel-hub_sentinelhub-py;56811b99989afc77fca77f902ec99051d0fcea7d
sentinel-hub_sentinelhub-py;56eb6eb113da943383150be41456bb757135d986
sentinel-hub_sentinelhub-py;570215a3879e0630087cea2c5cb82057e212962f
sentinel-hub_sentinelhub-py;570c0306f4380d7e4db44f0bb18b05384e987b29
sentinel-hub_sentinelhub-py;572747264ec2e617a10867b3b7baabc6cbc03554
sentinel-hub_sentinelhub-py;57383b584c65b5fe790fe02d0bbb4edcd975e061
sentinel-hub_sentinelhub-py;574435b649c7474ed2893795bafb5a57afd22116
sentinel-hub_sentinelhub-py;5750f43529e295a68a87429441f8469eb8a56257
sentinel-hub_sentinelhub-py;575ffe09f7f61d18ee8c82673b17a5683c5babfe
sentinel-hub_sentinelhub-py;5770ccaa57d3966bf4e16482a744b130ac51b7f2
sentinel-hub_sentinelhub-py;577355e9bc63c1418775972cb70e69753616ba30
sentinel-hub_sentinelhub-py;577662544e53799633433075cdd22c99ac02f406
sentinel-hub_sentinelhub-py;5809ff06123690ae23e419ac35b2250a7b1a7f2c
sentinel-hub_sentinelhub-py;582e652e9495a6de70189e3eeff5ffb65e299086
sentinel-hub_sentinelhub-py;5846f065e48f13429cdf132ba49bd9f1727c5cae
sentinel-hub_sentinelhub-py;58804ba5052daa60a6c4c132197c017bfc194ab9
sentinel-hub_sentinelhub-py;589a8fefe2f2552268a441fa45908e82e5b03708
sentinel-hub_sentinelhub-py;589ccd1f1bc1bda997d344956849dbdf037acde0
sentinel-hub_sentinelhub-py;58a30396ea4f610803e05e9c7ba5241e11b82e37
sentinel-hub_sentinelhub-py;58ad627e78bde66d0fded1d338f496829c605aec
sentinel-hub_sentinelhub-py;58b26e4703dbbb39ad9f915ba4f440a6c0a35983
sentinel-hub_sentinelhub-py;58b845b5a59bc46aa4cdb62df1043f092ba890f3
sentinel-hub_sentinelhub-py;58fe81b08a544974a7f7617e7103241334269d78
sentinel-hub_sentinelhub-py;593459c3ece05d8f8cc851df07c770bd75812238
sentinel-hub_sentinelhub-py;59584d6bf5ced0f0551c1189cca78717903e1296
sentinel-hub_sentinelhub-py;59b83e9ac62b0a80198a440ea6672935a1596000
sentinel-hub_sentinelhub-py;59d57b5337f7ec3c4ad78e89f689913397c63d82
sentinel-hub_sentinelhub-py;5a1451df8cc64344d07c2bfc2ed80242f2013439
sentinel-hub_sentinelhub-py;5a3941524631cdee1c7b2ac7015a621e3540f5b9
sentinel-hub_sentinelhub-py;5a3ea08897658928c077326d487400829446aead
sentinel-hub_sentinelhub-py;5a7c7cea81e1d37e05446e17ad5b02719e0de287
sentinel-hub_sentinelhub-py;5a8422bc6c8e95c1373e2088515b24e2a9cb9acb
sentinel-hub_sentinelhub-py;5aa78eb6668284f734a640b6be49abcb74bebf87
sentinel-hub_sentinelhub-py;5abe637ced96a72520d2feee9f0755d091d7a364
sentinel-hub_sentinelhub-py;5ac577f40ae15a8074f304b1a2c98daac2d2de60
sentinel-hub_sentinelhub-py;5ac61186393dedce724de04d0e14192308bb3559
sentinel-hub_sentinelhub-py;5ac7b04331edcc1ebe24ede331dfbf7eaa02589e
sentinel-hub_sentinelhub-py;5aef17205eee0823155dbe894ec23d039443aaa8
sentinel-hub_sentinelhub-py;5af17f4cfc8a1c35e8f81bd2f8f818a973c223e1
sentinel-hub_sentinelhub-py;5af7f341a22fbc131e4f406e2fc5861b97c1ae2f
sentinel-hub_sentinelhub-py;5b3024a600816e93d89dbdc60e39db4e0befa8ea
sentinel-hub_sentinelhub-py;5b4c74be9b7fa7bf991c0a447c715a8db1c9b1f5
sentinel-hub_sentinelhub-py;5b4d86ab364d55238d2d00189b6b12df059d604b
sentinel-hub_sentinelhub-py;5b70f026f33b73da101743a1abd8fc44658d211e
sentinel-hub_sentinelhub-py;5b9ddebbce30babce5f6c6a6038c2c78d5e830f0
sentinel-hub_sentinelhub-py;5bc8f550671ea5bd7ef4c15571ffcee96706422c
sentinel-hub_sentinelhub-py;5bfab6267190f164eb125b01dca29a014d0a83f2
sentinel-hub_sentinelhub-py;5c1ff1bd69117b5f547e763dd193690d79e34ec9
sentinel-hub_sentinelhub-py;5c4a12200240581e6c159881ac6360c1e2bfbbd5
sentinel-hub_sentinelhub-py;5c75952549fdbecb3f218fc61d5074509be20248
sentinel-hub_sentinelhub-py;5cb2fd1c78b457ffdcecaae7b88af94347a80da6
sentinel-hub_sentinelhub-py;5ce73d28123184c0ad7c8e674afc06890fe1cc86
sentinel-hub_sentinelhub-py;5ceb6c18d37fe13b0f0f5b72c28f121acc4c7b09
sentinel-hub_sentinelhub-py;5cf13ace88be919bba133c08eaead483af99adb3
sentinel-hub_sentinelhub-py;5cf382cd0140ee4435f8d45a0c977090be1e9933
sentinel-hub_sentinelhub-py;5d09d4d5a2d80b00fdd42a8aafbd52e2c1cea2ef
sentinel-hub_sentinelhub-py;5d428be855086543e24ec45fcba2d32ca2b3ba15
sentinel-hub_sentinelhub-py;5d52c993f5d0c11dcda000f7a45a749ef08613ba
sentinel-hub_sentinelhub-py;5d568e6395ee42fd8fc9f2726f60db1dba11da52
sentinel-hub_sentinelhub-py;5d7531061b556f493228afba93e697493512a319
sentinel-hub_sentinelhub-py;5d76d1c53699f3e33436260623b4a0b17f024f9e
sentinel-hub_sentinelhub-py;5d7a66e281958b7cbebdd466e9e552e07f2d2fef
sentinel-hub_sentinelhub-py;5d7d92593ff864e910c5837e64733519e296d531
sentinel-hub_sentinelhub-py;5d961f1ab6d36c525803424032704f3a4161118a
sentinel-hub_sentinelhub-py;5d9d0c6f86c97084b51b94dfa80b74c943372a68
sentinel-hub_sentinelhub-py;5dc2edbd0f8ac2339c7a2ab9c9b84c7c306419b0
sentinel-hub_sentinelhub-py;5de0d9ae9dffddf552545a4a00a390c84c715e2d
sentinel-hub_sentinelhub-py;5de807516aaec8d90bdd1832b365aebf2d18c454
sentinel-hub_sentinelhub-py;5ded86e5271e564dd068f504abb12ad617e9cf06
sentinel-hub_sentinelhub-py;5dff5d50939551ab48f1786e2843bd5289412a85
sentinel-hub_sentinelhub-py;5e057cd52ef9a32cf5a7836fe122388911c4cbbe
sentinel-hub_sentinelhub-py;5e38d95f95b6aa3caf3964bafc5a6aadb0f777e6
sentinel-hub_sentinelhub-py;5e449df6463f64055c0d0f3e475b18e1fa8028a1
sentinel-hub_sentinelhub-py;5e5cdb827f6a8d5b2b2db00a1aa40f483b637657
sentinel-hub_sentinelhub-py;5e678d4bbe38ce5cf5082ac377b797c286d30572
sentinel-hub_sentinelhub-py;5e9d4a884932faf4d190d38486e674b41a055e57
sentinel-hub_sentinelhub-py;5ea3de625120dc662f41a6765b8119bf9a294551
sentinel-hub_sentinelhub-py;5f259918fb8b007e383005d38ea7e4a9959e180c
sentinel-hub_sentinelhub-py;5f319414963fe9b1a8236ed33e667f8b8a1d8700
sentinel-hub_sentinelhub-py;5f37c9a9adb296a53beea3732022f4abab4bb2e5
sentinel-hub_sentinelhub-py;5f5d90f50f5360b4e5501a6debc87c521f4bb2a8
sentinel-hub_sentinelhub-py;5f7258936367b4086373a1b79cb6ae5d648c8833
sentinel-hub_sentinelhub-py;5fa6e39c2cdaff54776ac24c7f86ddc4cc6213cd
sentinel-hub_sentinelhub-py;5fb9446e7956faa2b6835eef21778372cd332764
sentinel-hub_sentinelhub-py;5fcef10abfd3162948d3cfb644c770a1b5de8976
sentinel-hub_sentinelhub-py;5fd4f94fa4817399516f2c750a5ee605ea5c5da8
sentinel-hub_sentinelhub-py;5ff1269e0a7d7c2d2238af4252e24b39aa9be342
sentinel-hub_sentinelhub-py;5ff9067062d052d4f8ea935fd1816cb8d1f4d740
sentinel-hub_sentinelhub-py;60063a5aa770f0b4c516f89eb849417bd9e2a946
sentinel-hub_sentinelhub-py;6022d6d450af7018accac4e52cec0da5ce378fba
sentinel-hub_sentinelhub-py;6028d4a9f324ff64be6ec9583508da6d05c4b029
sentinel-hub_sentinelhub-py;602bd7970a184c3b0e4832abdb30aa5874db0dae
sentinel-hub_sentinelhub-py;603a219a7d4f29b5b66c8ab3ef7c923394c8dbb2
sentinel-hub_sentinelhub-py;60450684da3d2f026bd6e24a1d6afd715fdf2478
sentinel-hub_sentinelhub-py;60611d960a26ae78144fa667831d3c4a85ef5138
sentinel-hub_sentinelhub-py;60753a248ca9ecabc1f5aedaf85843a8cebd3fd5
sentinel-hub_sentinelhub-py;60bc276461acd84bc4da3fb9378e53c7c2d3f06f
sentinel-hub_sentinelhub-py;60c0e9779019ba19961251bc838e28b994cecd3b
sentinel-hub_sentinelhub-py;60c933c2f9cebc4d1949037790c0d4be33d6dad3
sentinel-hub_sentinelhub-py;60e843968c9cb30120bb5254df8d85ee450a5bd5
sentinel-hub_sentinelhub-py;60ec64e6aa45ac0fa3c33850e9f6a95cc105eac4
sentinel-hub_sentinelhub-py;615be94bb8fef5723bf351572f0250149424cf82
sentinel-hub_sentinelhub-py;61813e13dd6e45eebc39f01bea1e47813d12bfb9
sentinel-hub_sentinelhub-py;619ebcc1af8a23650e28f078a87470d13e03347e
sentinel-hub_sentinelhub-py;61bed07200906b2cfb9e6b1b87b1c6d2b525c19a
sentinel-hub_sentinelhub-py;61cd08cef8f9f008a65a4b509b3e450bda72ac2e
sentinel-hub_sentinelhub-py;621fc8e52e7e2022a8c49f455420c57c02da887f
sentinel-hub_sentinelhub-py;624af3dbe4b5d09b1be2be48fa1cadbf00a33269
sentinel-hub_sentinelhub-py;626a18161f160d6d3c95a1498af18df140ef006b
sentinel-hub_sentinelhub-py;629a57ed140e80a5259f7fd4badd7894507e2322
sentinel-hub_sentinelhub-py;62b095b9ee3cf8ecfd2d41b29dec1163018e8221
sentinel-hub_sentinelhub-py;62dc3afa7a9ed1eb0fee7342096265e7ff107f23
sentinel-hub_sentinelhub-py;62e3b8087c9275e0416ca8661cf59ca698da4c3f
sentinel-hub_sentinelhub-py;62f27235274360dc30faf1024ef694615db694c0
sentinel-hub_sentinelhub-py;6307eb2eecb7633348b97d9db293eb2a385f5110
sentinel-hub_sentinelhub-py;630c2487d9f327a033039ed1757589cdf50dc161
sentinel-hub_sentinelhub-py;63291b5a79ee660fbc5fc265f5bb57e5dee65136
sentinel-hub_sentinelhub-py;633131a52d24be28c8b584d109df9d83b48ca0ee
sentinel-hub_sentinelhub-py;6347c60c75028b75173c6b2ac6e1664177a5fdad
sentinel-hub_sentinelhub-py;6367fcb9b243b076f68bc9ea44cb7d491e9c7809
sentinel-hub_sentinelhub-py;636b50f6fe762b819251d48191f9d1bcb69248a3
sentinel-hub_sentinelhub-py;63825db342e2bca4b878edcab64a3e9ca4f1effa
sentinel-hub_sentinelhub-py;638d78596d2ae869acce89ee105969d64013d246
sentinel-hub_sentinelhub-py;63a9e612c66a1e6998f0204ade852ccc24c9dc00
sentinel-hub_sentinelhub-py;63b22becb154d75933d2d7cc7cc50e26a6f08561
sentinel-hub_sentinelhub-py;63c9537c83b115444041ea94d7658e02de84697a
sentinel-hub_sentinelhub-py;63d97fb587cc097195d51046124898b050f7a4e1
sentinel-hub_sentinelhub-py;6419dc450afbed7956478cc71fca5156febeed08
sentinel-hub_sentinelhub-py;64439ef6bfbd1413009fed0bdb95f8e71bf9c5bb
sentinel-hub_sentinelhub-py;647dada2d67142f12c24f25e62d25c133e9350bf
sentinel-hub_sentinelhub-py;649cdc512a74346f98385747ecca107209eaa3e2
sentinel-hub_sentinelhub-py;64a1a33c4fa4eb0a83af2e4cc29012c10b425a21
sentinel-hub_sentinelhub-py;64c1f7c8bd5334193aa9459fb854326e00b964d6
sentinel-hub_sentinelhub-py;64d5c7e2b5f63181b7a67f20069c91e1eedd88a8
sentinel-hub_sentinelhub-py;64fc02c9d1df182fa82ac1bcb6cd231855369dc9
sentinel-hub_sentinelhub-py;651108c338362681bcf0bb7d90e7e59649c805c8
sentinel-hub_sentinelhub-py;651a7cac256022512d6c351d1bcb412e8ff5cebb
sentinel-hub_sentinelhub-py;6525001316bfaf362a7a1a7010d48d6fbb05205f
sentinel-hub_sentinelhub-py;652b82a685df50b49c47f6dd1f5cbe90c1c03e41
sentinel-hub_sentinelhub-py;653bb433c62034be797a73d60013d05db7f788cf
sentinel-hub_sentinelhub-py;658ca320c6f3e2d5c7ce4db6e6398f7a1816b468
sentinel-hub_sentinelhub-py;6598f26cec8a74c254c0204f118f0eecd1b758c8
sentinel-hub_sentinelhub-py;65d4d58f3498b6601e1a8396e6c2ff1b415940a7
sentinel-hub_sentinelhub-py;6616e79541e8098f38ee7041f8e6c09ba52e9d6b
sentinel-hub_sentinelhub-py;661bc6047543a8e402565506559fe363b859be3c
sentinel-hub_sentinelhub-py;661ccad5ce90050aa005dcf9d5823c5272c618b2
sentinel-hub_sentinelhub-py;662323b0150ab0bda9a3f4621920a75f6ca1810e
sentinel-hub_sentinelhub-py;6627a9cb10c61699fa4676c2d18ffdaef568d0d6
sentinel-hub_sentinelhub-py;6634bddb783e69302ad4bddb46a44b2267f90df7
sentinel-hub_sentinelhub-py;6667584d8293c817fc9b0539a8c2a3b3384d3a0b
sentinel-hub_sentinelhub-py;6670253629f54a3c0e0dc9353cc9be547b0780a3
sentinel-hub_sentinelhub-py;6696ecde789612f9ac7369e40124ed87031b4b3b
sentinel-hub_sentinelhub-py;669e6f7f3a31691510036185415afe4af6887837
sentinel-hub_sentinelhub-py;670139f7c6df7084731325ae9e5c4b3f1bb9b648
sentinel-hub_sentinelhub-py;67084ce1830cd55e6f1574346a12826a239b708f
sentinel-hub_sentinelhub-py;6715f8c026c99436fd80ef972e6c344a16853e15
sentinel-hub_sentinelhub-py;67201ca5d9e98acdea7816d5b7ea304741546af7
sentinel-hub_sentinelhub-py;673604e79060c6937bba824a0e70eed0621f8612
sentinel-hub_sentinelhub-py;6742b5ee95524b10a5d734ffee97b06151db7308
sentinel-hub_sentinelhub-py;674c9fc47f77361e49afcaabc8ec2acf2c98a4ee
sentinel-hub_sentinelhub-py;676ca0770fc2725e46d42f8a53e4bc34322362d4
sentinel-hub_sentinelhub-py;67ae000242d51f2bbe359bfbc4124f11a7295ead
sentinel-hub_sentinelhub-py;67d0d97c25970f5671e62ff86f887f207a7eb828
sentinel-hub_sentinelhub-py;67ed8f67267d4aa94fcfdcf085a25c305ac21aa4
sentinel-hub_sentinelhub-py;67f104ba3ade07c9afaff5d726478bb256ccf5bb
sentinel-hub_sentinelhub-py;68039259d617fa8e8cf66e5a8baa8be3c90ef22f
sentinel-hub_sentinelhub-py;680c273c0d14a7f85e9c75c62dacf5686a3de62d
sentinel-hub_sentinelhub-py;681cfa1c82b959026f42aadf20aed1464d3877ea
sentinel-hub_sentinelhub-py;68208eac35956e08e85074776c37d6bf2b0b200f
sentinel-hub_sentinelhub-py;6846d57fc7f155e5e88328f4bf7fc28a0564fa97
sentinel-hub_sentinelhub-py;68769b430d364e3ee527962e49e240fec7011817
sentinel-hub_sentinelhub-py;68908f405d261113374df2822d6f1a81fb1b5cf7
sentinel-hub_sentinelhub-py;6894a3d708d4be4a7b4a600fce05f3e241896621
sentinel-hub_sentinelhub-py;68955364f3701d930944ae42f776baccce94f538
sentinel-hub_sentinelhub-py;68cefb3c9b20335240b303c84ef5e37551ef0537
sentinel-hub_sentinelhub-py;68db710cc1f70e564b5cbf6d97b568e908f58a12
sentinel-hub_sentinelhub-py;68dedb769cbf85bb87450930ad78a4904e706693
sentinel-hub_sentinelhub-py;68f18050793922029bec4261dcd5413361b3794e
sentinel-hub_sentinelhub-py;691e001e31cf7251cec69ea96b480a4c18240e90
sentinel-hub_sentinelhub-py;694ec5a6a0d88daf12811370df4519d1d4d37659
sentinel-hub_sentinelhub-py;6950c4f2e7fd7f9cea2fdb9189a658a275353c91
sentinel-hub_sentinelhub-py;69532e651681decece4f776eeb31dbdfa95a6b5f
sentinel-hub_sentinelhub-py;695b0eb581f4ba5fff88141098554002215f576c
sentinel-hub_sentinelhub-py;69690518bd954a1fd57ec09a637c7ac5678a63a8
sentinel-hub_sentinelhub-py;699a3b5739b37b39b3ff2ff13f4dbcc87ae8f502
sentinel-hub_sentinelhub-py;699c10590e0a143efdf00e10e8371993b6a5fcc1
sentinel-hub_sentinelhub-py;69a1e4826b0c053b23f360e821dbc2497256af5b
sentinel-hub_sentinelhub-py;69a46de5a7ddcf36c8185367d80818a725bfebaa
sentinel-hub_sentinelhub-py;69a5bcc9934b3f617af9a3b90c999962a4e611ea
sentinel-hub_sentinelhub-py;69b6f016c01122aa4026e43ff0c1a2ddbd829046
sentinel-hub_sentinelhub-py;69cffbc64e0c1c6110fb6d1950cc330a600c1ecf
sentinel-hub_sentinelhub-py;69ec9b7f09171db585ea99ce0885fe70d5043685
sentinel-hub_sentinelhub-py;6a0bf4161d7ab4f1c57ea6bc23203a43fb2efdb5
sentinel-hub_sentinelhub-py;6a0f997ebad1d8cd5b7406d6d67df434cb0f6b1e
sentinel-hub_sentinelhub-py;6a30e804230de850fa77a580412a3f91b9b2605e
sentinel-hub_sentinelhub-py;6a43d993e6e8aee0fd75cd60670f5bd83358306b
sentinel-hub_sentinelhub-py;6a47a490d8d8d747d7e7401d65411fbdc4f7705e
sentinel-hub_sentinelhub-py;6a9389f8a50adbc772295674db92a183cbfc3c39
sentinel-hub_sentinelhub-py;6ab2c6c6f7dbab7e1587637f87eb97dfad5d0332
sentinel-hub_sentinelhub-py;6ad55a5b5ffb55394e551e3578cf9667a3b70d34
sentinel-hub_sentinelhub-py;6b0c78185a576a1c4958dcc26fb07c091bb35559
sentinel-hub_sentinelhub-py;6b218f3b55529f7b71dc904c09c1e9e7b90205c1
sentinel-hub_sentinelhub-py;6b3618d619d040f557bb7143a137cc4f710651d9
sentinel-hub_sentinelhub-py;6b5b9dd9d69ea1b4ea867ba6707e06ee441d859c
sentinel-hub_sentinelhub-py;6b8bce4e11325e05ac3a94be5ad516b1b6bfa053
sentinel-hub_sentinelhub-py;6bba4675b21f13cde2c81c30f1e8083354739a7e
sentinel-hub_sentinelhub-py;6bbc9e279280ffcb5f0a766fc660cfdd5356fd00
sentinel-hub_sentinelhub-py;6bda00ae527317b3175a350739af0bccf719e1c8
sentinel-hub_sentinelhub-py;6be169d3d4695a860162b7e3359fe9589b483e8b
sentinel-hub_sentinelhub-py;6be44181fff0b05982252d20576c1d5ed77f26a3
sentinel-hub_sentinelhub-py;6be82f91a064c7ff8bdda2f78ec11a053b046aa4
sentinel-hub_sentinelhub-py;6bec7f167b42f7cab9a6273f64a5bf8117275379
sentinel-hub_sentinelhub-py;6bed47c77f8870436c9e5a0d5b206e48b0dcd68b
sentinel-hub_sentinelhub-py;6bfdc2307a00b7d218f0bac7c0612c7114b88b0e
sentinel-hub_sentinelhub-py;6c19bebf4b996ee1aba0151f42435a82697c9591
sentinel-hub_sentinelhub-py;6c3f9496d4285b30232e0d640e457a01b7dfc061
sentinel-hub_sentinelhub-py;6c4222c7ecb4b5dff212729a31176504ba18d6cd
sentinel-hub_sentinelhub-py;6c4299851bc1862239e0121d001be72877d742a8
sentinel-hub_sentinelhub-py;6c62640578db64c0868c10af71b22b4cd0235d4d
sentinel-hub_sentinelhub-py;6c774065b940f506106b61cfdc17cf81754ecd99
sentinel-hub_sentinelhub-py;6c7b6a8521d65920da8a197beccba01648072ad8
sentinel-hub_sentinelhub-py;6c8bb5895c376a10dbdf17eb44f94a452c166e53
sentinel-hub_sentinelhub-py;6c8eafdcb4e9c88d1d38c083e9727cfa815d300d
sentinel-hub_sentinelhub-py;6cbd1ca7dd51e732168706d48ab626158b0a969a
sentinel-hub_sentinelhub-py;6cbf776eec30810160650e26b127061b452d5596
sentinel-hub_sentinelhub-py;6cc1c7d15c4f7318ea5bea527efb3029ae44a6f2
sentinel-hub_sentinelhub-py;6d1a8701475d60f3656377c18e545b4c8b2908ed
sentinel-hub_sentinelhub-py;6d1c2c28c6ae3d8fb46326792f9c58a248853592
sentinel-hub_sentinelhub-py;6d3bc315a7dceb76c19500035db1870bf40b745a
sentinel-hub_sentinelhub-py;6d4ae2385e56b9e29c38ca69fa3426415269d56d
sentinel-hub_sentinelhub-py;6da2ddb5db1a63a4cab5beccf424363d8af23cf0
sentinel-hub_sentinelhub-py;6db27b7aa82d0e323ba9c6788a4254b86f8af3f1
sentinel-hub_sentinelhub-py;6dddc9a32bac234fe249f1f254f6ca0926c0137a
sentinel-hub_sentinelhub-py;6df89b58eca941579b22874d12fa2086cd15b736
sentinel-hub_sentinelhub-py;6e2ed354dfed5e2d6a15445ce95541a36b5aebf1
sentinel-hub_sentinelhub-py;6e45ed26354e40d69b072dc009bc1b8a50ba98b2
sentinel-hub_sentinelhub-py;6e4b741dbbbcb02652d5d854a54459380bd169a1
sentinel-hub_sentinelhub-py;6eb9838e523c93f28949a150e6fbdb6a72e3f8f4
sentinel-hub_sentinelhub-py;6eba2159ecb04c7c3808d405a83372c551f10c9f
sentinel-hub_sentinelhub-py;6ecf2a263e4a1accdebefce8bad5e838ec5b85b5
sentinel-hub_sentinelhub-py;6edbde986b7320a5e86b8676026ddd4f4b797046
sentinel-hub_sentinelhub-py;6ee6d8aefc133dd068699783d5fc54aa8421ea64
sentinel-hub_sentinelhub-py;6eeb355d19b8eb740b3b341e7c0e95fd89c52bba
sentinel-hub_sentinelhub-py;6eecf6b0d6fb54e37e10c5de397d48dac153d123
sentinel-hub_sentinelhub-py;6f0fd275df7cb6c9ac3425470b67a4703534272b
sentinel-hub_sentinelhub-py;6f1115eb0a1b42c6ecfc5ea1fc3871c9b3de4e69
sentinel-hub_sentinelhub-py;6f1dfb492c9dd8927ea86bfa46f0b29a91cd8669
sentinel-hub_sentinelhub-py;6f3ebe1dcce653d3bb5d32ca394102560514984b
sentinel-hub_sentinelhub-py;6f4b9ee0a93ca7104bdd94fec2dcc61939edc1da
sentinel-hub_sentinelhub-py;6f5fbf322a06b2fd41d4b1893c613502f746bd8e
sentinel-hub_sentinelhub-py;6f8cbb4be6d0c53dbed221057f5532c24a2ec454
sentinel-hub_sentinelhub-py;6fb8895ed6dcf824da9551933b532971a3cd1a75
sentinel-hub_sentinelhub-py;6fc22aa123b3059c90e24948ac75099bc740fd15
sentinel-hub_sentinelhub-py;6fc2dae69ec69021926910f21bf54450e74a5913
sentinel-hub_sentinelhub-py;6fecd8fc1e1e01ce6d113044c73f3f1715c14f8f
sentinel-hub_sentinelhub-py;6feffd076adc9b3e5afdd772767e648486e9ee0a
sentinel-hub_sentinelhub-py;6ffe678d1ed53ee51ccc7ea7753ffc5b687112a2
sentinel-hub_sentinelhub-py;700ff0d54cb0f83cc57916c3800001d38f7407ca
sentinel-hub_sentinelhub-py;703620c0ea8cf163d8804fb763df0969264be039
sentinel-hub_sentinelhub-py;703ea23e1b74dee4e22eb4ed31ca6a49ab093f12
sentinel-hub_sentinelhub-py;70987e8e888583f8f654f34352225a50fec74eca
sentinel-hub_sentinelhub-py;70bfff02249ab1d743b78c4b57adee78e602f52f
sentinel-hub_sentinelhub-py;70dc0997ec6c6b5efa52ff23c1cb2d6f11561e5c
sentinel-hub_sentinelhub-py;70de44c4153d9ac90efdeb5619f088dc05034ac0
sentinel-hub_sentinelhub-py;71090a9580ccac77398914c706314d338f189f18
sentinel-hub_sentinelhub-py;716a07edced69087c166ff2340552543e0db1968
sentinel-hub_sentinelhub-py;716cb982906542c7e75d5247ed2de0125e39c450
sentinel-hub_sentinelhub-py;719963d350b77edc8552a016d71f41321e6e7a88
sentinel-hub_sentinelhub-py;71b2bf7bb7148dff167ad0161ffe3ad575be94fd
sentinel-hub_sentinelhub-py;71c3e11f4b95a83e139d1211ccb9c29a2d88c680
sentinel-hub_sentinelhub-py;720c47f7b4491314f654ce5e5b57297a2a85e4a5
sentinel-hub_sentinelhub-py;7249281a057b0763e4f0bbc81acc0e269e294ad9
sentinel-hub_sentinelhub-py;725b3a5e509a6a6a15413bce833385de7667c207
sentinel-hub_sentinelhub-py;72b607038c5ce840d3a9b48d9da540db30f647fe
sentinel-hub_sentinelhub-py;72dbb16469e8ded485fe489a887a3c7f7aa7e749
sentinel-hub_sentinelhub-py;7319339abf3c97c5c7760bce41cbd78ba3365ba3
sentinel-hub_sentinelhub-py;731ffb0a94bf030ed43a3313c37234854d37677a
sentinel-hub_sentinelhub-py;732b1375e2b738ac5cb4b01965d66aaea47992c5
sentinel-hub_sentinelhub-py;7353ce3148d25f15d95d7a83ea7cb10c545371fc
sentinel-hub_sentinelhub-py;7378fc3255ab3729e18cafcfa26e69b8de74f7f6
sentinel-hub_sentinelhub-py;737a080cf90892ed130d7beef2dc49166c4a9d31
sentinel-hub_sentinelhub-py;737c17d8ce93045040019f301232554d96583a73
sentinel-hub_sentinelhub-py;7382823d5f1f71a33c4ece764a22d1c439da0699
sentinel-hub_sentinelhub-py;739786fed1571cddf9e0a63dfbd7b72cad7d6b86
sentinel-hub_sentinelhub-py;73a2d92f174c83f46038f343d29237679180a8cb
sentinel-hub_sentinelhub-py;73b956e43e87f451c147a4f5135ad2a49b8f19ef
sentinel-hub_sentinelhub-py;73ce20ec06292f4dc054b574b3463ce235e0f589
sentinel-hub_sentinelhub-py;73d75344aeca10b8db912f3d1b280767bb867add
sentinel-hub_sentinelhub-py;73f3d76fd69684bcc87d40bfe50d2739b1ac446c
sentinel-hub_sentinelhub-py;73fecd8bdce0f3de66c676b7bbed0e20f524d40e
sentinel-hub_sentinelhub-py;740d8c2c455f544f99a622c0d4c21936e7e4e028
sentinel-hub_sentinelhub-py;74727e3604a8758c992d852ebfe3a0b97a4875d6
sentinel-hub_sentinelhub-py;74eb30694d762a7ae9455612661dc3489c904492
sentinel-hub_sentinelhub-py;7548a0cbfad8d36abb068831270307ea4cb3257a
sentinel-hub_sentinelhub-py;7584a144651015e603f6e6eab3048c3139da3efa
sentinel-hub_sentinelhub-py;759c4601d1cb6034bb9adfc333e123e33714ce8f
sentinel-hub_sentinelhub-py;75adcce35bcc1f8a252680c5e487d3ba0964bb3c
sentinel-hub_sentinelhub-py;75d49c7fab8479d5af323c607e359e535ef44d6c
sentinel-hub_sentinelhub-py;75d63b6bb1c760604bf7ec22a8428090d62bd581
sentinel-hub_sentinelhub-py;75dc2e7853d5b0601590e2ca2b0760f258154c33
sentinel-hub_sentinelhub-py;75eab234cdaff74670bba38d9284dfd933380093
sentinel-hub_sentinelhub-py;75ef8a86baae16463ffa7e0f08f7e2602c36f4dc
sentinel-hub_sentinelhub-py;75f6a7c1feca2d52860f5f4640e8c95ff752a1de
sentinel-hub_sentinelhub-py;75fba5311172b573056d9f31b8c6fd25c493b9bb
sentinel-hub_sentinelhub-py;761b65ee7bd2da5c250f7b2ed14a5815570eba2d
sentinel-hub_sentinelhub-py;76703885e0659de0345d2bc8210889ef8f401a09
sentinel-hub_sentinelhub-py;767b9ab892d7c96b8426918388ea1ce98ffcc161
sentinel-hub_sentinelhub-py;767c2dce21f364fdb910f674c9066e3d4254dede
sentinel-hub_sentinelhub-py;768eef407b630aca329bec867226e43dd16fec9d
sentinel-hub_sentinelhub-py;76ad92adb812c16445227cc4d1e004ae75ff6985
sentinel-hub_sentinelhub-py;76bbbec700eee4838b6bccec26919e69a3414dcf
sentinel-hub_sentinelhub-py;76c107f86b5298029490ab573211209cc55708df
sentinel-hub_sentinelhub-py;76c2baaab7bdce2557afcf36aae329cbd408233a
sentinel-hub_sentinelhub-py;76f01adee2f9b892fab3299508cb36b0a286bdfa
sentinel-hub_sentinelhub-py;76f715f38040b917043fba149008662057f7d863
sentinel-hub_sentinelhub-py;770f7c6ff271993fb3c6fb28c272d8d46e013885
sentinel-hub_sentinelhub-py;771d725a1980ee4ec40aaf0e3e82421770d0887d
sentinel-hub_sentinelhub-py;7760095f1e938579b2acf6ae8a66d1fa6cd109f9
sentinel-hub_sentinelhub-py;779f1ef6242a02459eb52266520a2362a9872c44
sentinel-hub_sentinelhub-py;77a123d5d3eac749c1f49c2f9ecf44d08c9758ca
sentinel-hub_sentinelhub-py;77a567d8b0c673f86d2c6956aae7fca1e29bc435
sentinel-hub_sentinelhub-py;77c18a84c21caba16f3b030d58aa4057c77c11ee
sentinel-hub_sentinelhub-py;7802598c1b0846e26869894d8bee442a2f196b13
sentinel-hub_sentinelhub-py;780b75548ce4fb89cd91e9137dcb588c100a4e56
sentinel-hub_sentinelhub-py;782012c3281a35544e89c73dce6bc817fe6f7c94
sentinel-hub_sentinelhub-py;789dcca1866d0e534908170264c84e757db82bfa
sentinel-hub_sentinelhub-py;78a55288438625c1d278c45f03b8fd400b69f3ef
sentinel-hub_sentinelhub-py;78b89e48b9ad03e62e0a2e6d7882da0afc46bacf
sentinel-hub_sentinelhub-py;78f8b4c6eba710bc9bda79a0c882ea7ac704d3f3
sentinel-hub_sentinelhub-py;790c6a3cd8e4ddcf0a5ddbd5444c32b28016d553
sentinel-hub_sentinelhub-py;790d680c50625e9de913da36925fd8f743e5fd97
sentinel-hub_sentinelhub-py;791ae6a4625fef04aca888c8386bb41837f73765
sentinel-hub_sentinelhub-py;792352ad49a5b3e75761393beb009408e5f5f51d
sentinel-hub_sentinelhub-py;793b1375aaafa71ae968b468389c582e75fa18ca
sentinel-hub_sentinelhub-py;793f47302e6c37ffbc564e4d4fbd68c8f3e47959
sentinel-hub_sentinelhub-py;796f4c69b51d5ea624bb7d352f14b479c72d0cd4
sentinel-hub_sentinelhub-py;7971a765845ef3a83e8289be42946f1948d252d6
sentinel-hub_sentinelhub-py;79a5c032e5d8d5382f56a9fc2c150f6a5a863d91
sentinel-hub_sentinelhub-py;79bda9b12785289f6a83faeffbbc9ee162baf18e
sentinel-hub_sentinelhub-py;79cd6c16931a8599641ee019db4f6a2f7f4f06ad
sentinel-hub_sentinelhub-py;7a242b4a67d6a99a2ba91076f563718a2e2f634b
sentinel-hub_sentinelhub-py;7a36f8fcbc5168731807357f623faa29be92c057
sentinel-hub_sentinelhub-py;7a4137fd1cd3329747b40d945edbcd17ac59183b
sentinel-hub_sentinelhub-py;7a4323bf725c7688af6aaacfd7f62b9658cd03ec
sentinel-hub_sentinelhub-py;7a47f4bf1dd5472ae8114d8b4924810d17cc1922
sentinel-hub_sentinelhub-py;7a51db5bc97b6ca01a3b742883667db80f3d23a9
sentinel-hub_sentinelhub-py;7a6b123ac9d7ed312252f71eb4d2315aaee86a41
sentinel-hub_sentinelhub-py;7a787f3a30f480f00d67b27e5cc1897e8a937fa3
sentinel-hub_sentinelhub-py;7abba3c84cf48a212bfb860b6c8b57fa30269791
sentinel-hub_sentinelhub-py;7ad91a38f81c9cd5eb2c67cbf83f0ac18a31d5cd
sentinel-hub_sentinelhub-py;7aec4a0c80f85d71e56f8fac3511201c8fe882b5
sentinel-hub_sentinelhub-py;7b043f7dcb1588a7e7d44446940283a95a1ee85d
sentinel-hub_sentinelhub-py;7b29ca911033d12d0da19326682a41c7139d2129
sentinel-hub_sentinelhub-py;7b2ba31230f48cc71e90e9b25ce03a2675fb5e40
sentinel-hub_sentinelhub-py;7b887e19bd01993643467a03f74a5d0fc11c7934
sentinel-hub_sentinelhub-py;7ba0e30a8c1b5c541b4ce2ea36e7e046b08cdb82
sentinel-hub_sentinelhub-py;7bd2c3e562a153de53b4c368b61847d1bd9747d9
sentinel-hub_sentinelhub-py;7be56687f3d5041f6d95c4a30b40e079180ea7a8
sentinel-hub_sentinelhub-py;7bf6cf71cf288848df4a147f731950a83321d20f
sentinel-hub_sentinelhub-py;7c0616a0eaa849d3be7154ca34d285f8f3acc10e
sentinel-hub_sentinelhub-py;7c21bcd47d5559704096f09af5ac826dec127a19
sentinel-hub_sentinelhub-py;7cb53907a940a2de77c2f85e25506ac9f06dd373
sentinel-hub_sentinelhub-py;7cb7cee281364cdf12d33ceb7d161e72492d6469
sentinel-hub_sentinelhub-py;7cc2ea177298e8803da4fa668c4bbbb0ffb92eab
sentinel-hub_sentinelhub-py;7cce73ec820fa3f4b65f789659696040c5d7d36a
sentinel-hub_sentinelhub-py;7ce7f5f05dcdce8621f3e6c6e41a1f28b1cafa53
sentinel-hub_sentinelhub-py;7cea97f42fb765980bb40d17cf3d7960b0272d5b
sentinel-hub_sentinelhub-py;7d587a9724d956c467d16984bc37a6a57c93087e
sentinel-hub_sentinelhub-py;7d629ce14e546222a83734778f7f243e9b9b872c
sentinel-hub_sentinelhub-py;7d9017d389953e14fcf4876f9410ba773be2845a
sentinel-hub_sentinelhub-py;7dba9b76e559044602615427c00ca4b8a630ce26
sentinel-hub_sentinelhub-py;7dc0b6002c6d1c3fa7108396959f7c348cad79bd
sentinel-hub_sentinelhub-py;7ddcbc01def60282ed728ea58909ca9ba5708d14
sentinel-hub_sentinelhub-py;7dea0507077b5255954d3384dce2ed6cb08f7a40
sentinel-hub_sentinelhub-py;7df82345459f95896661178d713d6ad85032f484
sentinel-hub_sentinelhub-py;7e12bc95e843b42134af7f88576b7944848fc8e3
sentinel-hub_sentinelhub-py;7eb694be0cef883c154b87f0a704719f0005d419
sentinel-hub_sentinelhub-py;7eb8acbc75c819e5dc4fe3f429885d91c222b8d2
sentinel-hub_sentinelhub-py;7ebb8a5f65e9c71ef291279553113658df0a2071
sentinel-hub_sentinelhub-py;7ee632e666ad4e296bd3ac93a957f0b7537056ba
sentinel-hub_sentinelhub-py;7ee96e19c0b86b8af8827403798c6c8ba84303a0
sentinel-hub_sentinelhub-py;7eefaae473567ee32c6c964b34718621ff5f6075
sentinel-hub_sentinelhub-py;7f02357cdb34307a8c369a8c3e212cb74e78cf5a
sentinel-hub_sentinelhub-py;7f0debe90dc0407e33a109124f76a19e77591792
sentinel-hub_sentinelhub-py;7f2419b07e771e2c719eb605084de04e8de24d1b
sentinel-hub_sentinelhub-py;7f469ba5a493c472a95100fe72491159274072cb
sentinel-hub_sentinelhub-py;7f4a3cd88e9e9d55c5de1c47578663453a45832e
sentinel-hub_sentinelhub-py;7f61acc898306535fc855e72ea4dc818980acc62
sentinel-hub_sentinelhub-py;7f7ef45eb9b07b9af3c1ee7cfc88a11abaf3331d
sentinel-hub_sentinelhub-py;7f825cb1454025ae73fb632aedc381140447d6db
sentinel-hub_sentinelhub-py;7f8499a9f26471347c1a4fc203fd4d94a356d202
sentinel-hub_sentinelhub-py;7fada45dd42075ccd11c8601abb1e64c2209fa87
sentinel-hub_sentinelhub-py;7fb07250c857468c48b22ba5d3678ad24a04a6b0
sentinel-hub_sentinelhub-py;7fbdcd7ee65e90075bd0d01a108dd92c84e81a11
sentinel-hub_sentinelhub-py;7fc4375f5f5cec92c47fd44a22e433f7498d9c1e
sentinel-hub_sentinelhub-py;7fefadf877a402cddd5b4bdee078b041f1e27989
sentinel-hub_sentinelhub-py;8032ad2dc9ecc0dfe76cf9e466cbca809588c42a
sentinel-hub_sentinelhub-py;8041eee43fb931a53e105a9e981ab3c738eceac2
sentinel-hub_sentinelhub-py;806fd72329aa86132fedcbb0c8b995b56d563644
sentinel-hub_sentinelhub-py;8096b2d72e10817e903084cd148364fe7ae370dd
sentinel-hub_sentinelhub-py;809fb4bb4114ac892290a707e509cb4ed2327a9b
sentinel-hub_sentinelhub-py;80e47eeb284549ee0baff008c755f00618cccfb8
sentinel-hub_sentinelhub-py;80e78b08b2c77cb30f22ed8a8f93653a381277dd
sentinel-hub_sentinelhub-py;810d0f3340a6a0b675cc639c89f587b10171e780
sentinel-hub_sentinelhub-py;8143b73dc671e7e6fa23e87098c6087d4db1f2d4
sentinel-hub_sentinelhub-py;8192144495071a56279ff2557b04b6d02ef6a298
sentinel-hub_sentinelhub-py;81bf8b072ed7846c524d9fa304de93c9672b2f9f
sentinel-hub_sentinelhub-py;81dc89ecc552d27a18accc3da4ce4385a1d1c057
sentinel-hub_sentinelhub-py;81e9ef8c53573fb1089eafccf2a490853869ce22
sentinel-hub_sentinelhub-py;81f4522f70781de78a84c10a1ae2df5e1765ce98
sentinel-hub_sentinelhub-py;81f9a9f7d7ca39720607ac1a6933e2c36f66e9d9
sentinel-hub_sentinelhub-py;82102372f5e084d483d86f2097926df65ccc899c
sentinel-hub_sentinelhub-py;82173032f88de6d03fbadb9eea2606d402c19d03
sentinel-hub_sentinelhub-py;8218ec81b75aae7d47b62f491eedf8c659bb773a
sentinel-hub_sentinelhub-py;821eee2345d391a6f9da76d1d270d1122ddc3e09
sentinel-hub_sentinelhub-py;8249175a406fe42e14cc4f3d7173a23b344439ec
sentinel-hub_sentinelhub-py;82612cc111bd9d66db7b17f29fe63aa2eaf35319
sentinel-hub_sentinelhub-py;8276e1c96b48d64e841d2cc7d48e5429d6df2f9e
sentinel-hub_sentinelhub-py;827fe23b9ed9eedefbca5035c355e4e149637bfb
sentinel-hub_sentinelhub-py;8295c8e32ffe5aa024494bb83573cf225b6d0adc
sentinel-hub_sentinelhub-py;829fd9e59628978bcc84b7e28e94bb13acfb8637
sentinel-hub_sentinelhub-py;82b3a7f35e561b5cdfdf3346f8bbc32d4f74f27c
sentinel-hub_sentinelhub-py;82d8d86ad95b6808440847d68a666dcf7fad305b
sentinel-hub_sentinelhub-py;82f08356afbfb341e3b8a7d0c635505e782411e9
sentinel-hub_sentinelhub-py;8302aea4f783d7400ee28f15c19239bdaae90674
sentinel-hub_sentinelhub-py;830e79290b0ad1f60d5a08bb16a9aef2b7a5c3ee
sentinel-hub_sentinelhub-py;83249ef3857cc3f40316457fdafeeaa65de1104e
sentinel-hub_sentinelhub-py;8332bffe5c2cfbf4c1b2868bd504a34b951a7464
sentinel-hub_sentinelhub-py;834327b397d728964cb211c7a1d3444e02e2bddf
sentinel-hub_sentinelhub-py;834bd1e71f0590a35fb5585d0f9ae77f2d48204c
sentinel-hub_sentinelhub-py;838c482cca87b27ba90f9fd7fd85dc99a69d2100
sentinel-hub_sentinelhub-py;83c9d44dca80eeb5bb62ec777ca30a375ed9174c
sentinel-hub_sentinelhub-py;83f379acf548ffcafd04504d4dd430a402cc12ab
sentinel-hub_sentinelhub-py;83f9d6088908c4f636a3e36a62ec5528ac84e721
sentinel-hub_sentinelhub-py;843df3ed90564dd09f6e9817ccaf994348a4c61b
sentinel-hub_sentinelhub-py;8456baa3ddd60deedca995eb4635b1ad31564f51
sentinel-hub_sentinelhub-py;845af39dd1d5107d429bb0f96fef03d67a5cf388
sentinel-hub_sentinelhub-py;8470bc11c5cf592e9153241c659293e514611086
sentinel-hub_sentinelhub-py;8496706ea202a703f4affc7962525b8c826c68e2
sentinel-hub_sentinelhub-py;84a1faa32b3cf1c2c2abcdd76382eb06f88b3b0a
sentinel-hub_sentinelhub-py;84cd59bb9ca736fcbb3b81b7a177ca61546ed186
sentinel-hub_sentinelhub-py;84e67afc6fd6026d79760095d30143182de85def
sentinel-hub_sentinelhub-py;84ffe1228a99c3194065cede8f65a664eac2541c
sentinel-hub_sentinelhub-py;8511403341e58a16a04d0aeb5b145211eb6188d8
sentinel-hub_sentinelhub-py;8514c10bd036bd07ce96377b1b5a70ebcf50cb4e
sentinel-hub_sentinelhub-py;8519756b6c6d8f9b65d0db42c36565ceab73a6fe
sentinel-hub_sentinelhub-py;8521eaaf11bbc324065f0f20571a22f72db22156
sentinel-hub_sentinelhub-py;85898a30c51076fde1f5fbb4fb0cd3161180425e
sentinel-hub_sentinelhub-py;859ee4c53e11db9e05cbcec28f2753ec7037d814
sentinel-hub_sentinelhub-py;85b08d5cb90f929e6ba70e7e1f49ae420a0ccb9b
sentinel-hub_sentinelhub-py;85e8c68d33be02360cb2676820991f308698220c
sentinel-hub_sentinelhub-py;85fafbdc06bb46747511b65b50ea1e44a2385db2
sentinel-hub_sentinelhub-py;861fabe08f675b1c7ac1991fe5969b715e6f6293
sentinel-hub_sentinelhub-py;8630c09c80c832c1f3332224f0ba74213f1af100
sentinel-hub_sentinelhub-py;86371fb5a5e84d6151551c805c6ee421e7bfc29c
sentinel-hub_sentinelhub-py;868dcaf7867603192656c10715207414ee4b72ce
sentinel-hub_sentinelhub-py;869801b7fb8bb22fc1b9d7c36fd0db06be490af5
sentinel-hub_sentinelhub-py;86c95857ff1b71710b3dab1cabffc587ea2a6fe3
sentinel-hub_sentinelhub-py;86dd6856e70799742f5cf8136ed5f543a7b4aa81
sentinel-hub_sentinelhub-py;86e8a7393049983b9a0d6f14da11e77b08bb972f
sentinel-hub_sentinelhub-py;86f9c0cf47b72ad4a1cf1ec5e7fcf84284388c62
sentinel-hub_sentinelhub-py;8737ad91ddde2ebfcf220cecf514878728269d8a
sentinel-hub_sentinelhub-py;8740910f405688c9e81ef33cdd9a4ae17d8ffd9d
sentinel-hub_sentinelhub-py;8741de7bf9cfafe64c66a76b2dd2a89d4cb47fc6
sentinel-hub_sentinelhub-py;87509e665d29a3fe657e49a8c9dd231ee3810f33
sentinel-hub_sentinelhub-py;87591e8b8c0f7b419462986bfc2d7998e260b820
sentinel-hub_sentinelhub-py;876eff40cee026fc2b494b2e768e63e27b291841
sentinel-hub_sentinelhub-py;8779bf2bc138eed1daeaf2822e2c231cc990ed40
sentinel-hub_sentinelhub-py;8794a430ed39b9337dc94999bc479ce679a38071
sentinel-hub_sentinelhub-py;879b8ffc48c30f20e9be841108a7689f491e4e67
sentinel-hub_sentinelhub-py;879e5847bacc7415102212e74b497b56437f4886
sentinel-hub_sentinelhub-py;879f088143cd20ec1736c8da886fed9dd0c92427
sentinel-hub_sentinelhub-py;87b17696d1485b1ce1e3e797e2170a4f91239dec
sentinel-hub_sentinelhub-py;87ea4c3b2697cb5dfdf021a4d0aecbaf6d26e64f
sentinel-hub_sentinelhub-py;88238ea44216943bad0e0bbe4e8ffc5cd63ced68
sentinel-hub_sentinelhub-py;88320b12c080072351aa18bfcf8bae8ed6d6a514
sentinel-hub_sentinelhub-py;8832611ddb252bde321b44ae170b1c9d39563ee9
sentinel-hub_sentinelhub-py;885807198997be51201f453265dee91574d5e938
sentinel-hub_sentinelhub-py;8861afdc288ede43f5b4ae2f7a7813f29cc96aab
sentinel-hub_sentinelhub-py;886954154dcd52cc56a3484ff0b993aa2fcdd9df
sentinel-hub_sentinelhub-py;88a0fb1fc6d5604b175d893ce100c37897860f33
sentinel-hub_sentinelhub-py;88a8b6dd07906a7b92db09699d40f267132d5050
sentinel-hub_sentinelhub-py;88bdc33a98535d931df5dc1d0d32a56152d809df
sentinel-hub_sentinelhub-py;88c69a96e75de4b1d9351211f1271f1f77a630c5
sentinel-hub_sentinelhub-py;88c7197a01d32c4cec7bf1932f164cc3277cd303
sentinel-hub_sentinelhub-py;88db4bb6d894b42a89202991a1c4a40813166dd8
sentinel-hub_sentinelhub-py;89160e7487c24d179466940efe44bf452c92814b
sentinel-hub_sentinelhub-py;892826b10e91d68076f4be29b1031595fb374e1d
sentinel-hub_sentinelhub-py;8928f47753c9d13b9d4c0e7c9abd53036438c90f
sentinel-hub_sentinelhub-py;893ce96ba7f83ae1d2144774c33c325394f5d9e7
sentinel-hub_sentinelhub-py;894251f82bcc2bb8d19b9878f1a76558895f7bc4
sentinel-hub_sentinelhub-py;8945236bc58fc0115dbd68d71b1f675f665ff9d9
sentinel-hub_sentinelhub-py;8952585cdb885c5795bb2ffd640a55690f522d41
sentinel-hub_sentinelhub-py;8976ffb4596d55793b12a286c0b5de37b24e2212
sentinel-hub_sentinelhub-py;897865234da2068dc1213ebed8b5bb5248ee0661
sentinel-hub_sentinelhub-py;89ad3a9cdca155c63e7914876e41444e3c17186c
sentinel-hub_sentinelhub-py;89ba2fcf64ea032d54abd8ccc63ed119d7d7e819
sentinel-hub_sentinelhub-py;8a2634c82739a4bcbd1e44304b58c14c0431c992
sentinel-hub_sentinelhub-py;8a47e18b5fa7d4b4b4ef458dcb7e79ab00cde4be
sentinel-hub_sentinelhub-py;8a5b7371fa6c2f549fb66d2dd43bee2a307cfc33
sentinel-hub_sentinelhub-py;8a5c875296935902860e1eb72d6855942cad6c7f
sentinel-hub_sentinelhub-py;8a69b0ab2a56e1cd2f9c28bbe10887b4cada4bb3
sentinel-hub_sentinelhub-py;8a7bcad911c48e956e42476b14ccf1ab1aae0ece
sentinel-hub_sentinelhub-py;8a8538b633d12d2b30a9368f5082dd9a47f2fec0
sentinel-hub_sentinelhub-py;8aba35a0c54c2169c5ece30db6520959be20850a
sentinel-hub_sentinelhub-py;8acd9cc36495655c68c823beb65bece03e13e028
sentinel-hub_sentinelhub-py;8b1b417b8e89c7d5ee94ae2cbcf22b56ad0ff8fd
sentinel-hub_sentinelhub-py;8b25b935715f920c3c89fdf29067887d6b057511
sentinel-hub_sentinelhub-py;8b296fdc3d724324ed1a68b4294cf24c6d3f8050
sentinel-hub_sentinelhub-py;8b39c9ed99f9d1d63ce64e5dd8013c6557186787
sentinel-hub_sentinelhub-py;8b456ad392807a0a3abc90ba377885502dba524f
sentinel-hub_sentinelhub-py;8b6f416a00da0c99004633fa723d2cceb10eff0b
sentinel-hub_sentinelhub-py;8b7f113fb488fcd612250f22f444da4787c5cb90
sentinel-hub_sentinelhub-py;8bb0035f7d97405d945209c7bb3ceca36b99e405
sentinel-hub_sentinelhub-py;8bd31c8292eb022532af10fa42d77359f123386e
sentinel-hub_sentinelhub-py;8bd6911d0f2a7f2bb895922bd03d8163a9717a2d
sentinel-hub_sentinelhub-py;8c15924804c55c4075d59360d692043dd38f34f8
sentinel-hub_sentinelhub-py;8c2910ef17b83f8da182a8899527cc890f3bb0b3
sentinel-hub_sentinelhub-py;8c6f95efbd6367f27eef0e62e756f60524df0b1a
sentinel-hub_sentinelhub-py;8c7f4aec576321912cf4cb04d883bf0024ae1d28
sentinel-hub_sentinelhub-py;8c820a1cf28adea33c39a53500523b9473489fef
sentinel-hub_sentinelhub-py;8c8ef83058e574633b165d3a26ead2cae58e19d0
sentinel-hub_sentinelhub-py;8c8fbf310cd5d265144902010626cebfdc08c5d7
sentinel-hub_sentinelhub-py;8c9be8621392dd03e058f0043d95fdf6d1c20cce
sentinel-hub_sentinelhub-py;8cdc5d8999e6c8993f49f1aafc739c1b96cdf2dd
sentinel-hub_sentinelhub-py;8ce9263b1b694eb28d04fea93046beac6a542f00
sentinel-hub_sentinelhub-py;8cecefcad34e7965dfc97f996be52b9ba2fd5847
sentinel-hub_sentinelhub-py;8ced6d4541c12d2433af6a97a353e824f9651cf1
sentinel-hub_sentinelhub-py;8cf585fc2a8f4a1888f9b86b4cef5e4f0a6ee723
sentinel-hub_sentinelhub-py;8d11c837ebf6feed37dc1f6e51564e0873de8e39
sentinel-hub_sentinelhub-py;8d5280dc8e3ed93137583dd66420cb36fe79d920
sentinel-hub_sentinelhub-py;8d91c8aae86359af5f8ffd4443615db36ca12ad1
sentinel-hub_sentinelhub-py;8d94ae375fcb36d5ee3c1d2f2f1bca7dcd090297
sentinel-hub_sentinelhub-py;8db702153377bd9dd73e4ce2e77d2890863a5acc
sentinel-hub_sentinelhub-py;8dbae066c6822338521c278d9327ba260bf07c35
sentinel-hub_sentinelhub-py;8dc4c486ea4115844cee564f5eb5838cee2e093c
sentinel-hub_sentinelhub-py;8e0823818b3ca6d8d507a3636bdc12f46618e81f
sentinel-hub_sentinelhub-py;8e4cc4f1f297b2b84b0f844dc9aff0c12d3d7b27
sentinel-hub_sentinelhub-py;8e4dea4503daa62b9bb26990ce82119ad9d8e16c
sentinel-hub_sentinelhub-py;8e516f732094e649bdff060e9dc317fa196af551
sentinel-hub_sentinelhub-py;8e63546e0b496dd6b1b47ee43a432958d07a803f
sentinel-hub_sentinelhub-py;8e6b0bb1fd56a6f656196006457c002013bc8668
sentinel-hub_sentinelhub-py;8e91deffbde7f3a7dfecad8ef238df000d8d79d6
sentinel-hub_sentinelhub-py;8eb1048082c73feba5d80b693a51faf69ac2e366
sentinel-hub_sentinelhub-py;8f08d38df0fcfb66bc3cf1c230d9f95ed70164b4
sentinel-hub_sentinelhub-py;8f1d6e53ac1595a28a986f1ba9c58380d4abb041
sentinel-hub_sentinelhub-py;8f2f966b76e0538da8bdf16c8f703a9adebdee0d
sentinel-hub_sentinelhub-py;8f3f70ea6beaac79280529605135d9b4b032f9d0
sentinel-hub_sentinelhub-py;8f4b37ec0faa8e5cfb5f5b98df46d02d5866b94c
sentinel-hub_sentinelhub-py;8f5f1829975f95ecef4ef63d492ac4a7c4184297
sentinel-hub_sentinelhub-py;8f8baa497df0788b69efc80eaa17e80332a50dc7
sentinel-hub_sentinelhub-py;8f8de249de62aa86e188e71c87fcb2fbc99a5dc3
sentinel-hub_sentinelhub-py;8fb0bfa46ce89f00b13488585bb0eaab8b437c49
sentinel-hub_sentinelhub-py;8fbc70d004d257f737b2b07ab05ae43b21881e13
sentinel-hub_sentinelhub-py;8fc064275c1da5b543f0904ef66b569c3c5c10d6
sentinel-hub_sentinelhub-py;8fc0859dd51ec06d0cb05f9852176b75dcd80e26
sentinel-hub_sentinelhub-py;8fc81d00288527f01421f75399585ef657e1dde1
sentinel-hub_sentinelhub-py;8ff18317998fb11d7c9acbad364a832e9a96ce7a
sentinel-hub_sentinelhub-py;8fffc0fa3d506e4d20b916d00ac5f960ead05f47
sentinel-hub_sentinelhub-py;9004d6737e97480c4e1eb69f6b20575ac54b521b
sentinel-hub_sentinelhub-py;900c3ba48c0272281f80a6a33578a2067c76be28
sentinel-hub_sentinelhub-py;902c1fd184fa5db723207a7c815eee3e0130725b
sentinel-hub_sentinelhub-py;9039e692ebe1c1411dac804df9a733edb526895a
sentinel-hub_sentinelhub-py;903af9afbfb4ff253d80bc566e4763bf821d671d
sentinel-hub_sentinelhub-py;907b064bba9db01645f36fc2a18bccbc808c1d28
sentinel-hub_sentinelhub-py;90a87854391978958977d4f30955ef2344d833c9
sentinel-hub_sentinelhub-py;90b3442abb0f9b2ab6cc733fb9ead223bc6249f5
sentinel-hub_sentinelhub-py;90d0a88b6498dcce551092b13004efa70db72f4a
sentinel-hub_sentinelhub-py;90f9ffb4dedb8705bb8e9baad8b547c4485c0e10
sentinel-hub_sentinelhub-py;9110c5d87dd5cc6f3a32b0665c8a800337c83f67
sentinel-hub_sentinelhub-py;914319eebb93b523a578e0c632c638050c47106d
sentinel-hub_sentinelhub-py;91a925c516454397e734d08506dcd140d6f40c24
sentinel-hub_sentinelhub-py;91b626d6fe35ba1e8625d2e28c42f86ccf572079
sentinel-hub_sentinelhub-py;91c814f8aa01eefc16e8d52e7dbfc8bc5df200ff
sentinel-hub_sentinelhub-py;91db908bb0488511a256b7fb05e43c54e3d739c4
sentinel-hub_sentinelhub-py;91ddb4a3ee2c59a80ba10354dd94bce5365bd1e6
sentinel-hub_sentinelhub-py;91ecab4bc50bb203ece327e0187e8734b4312e7a
sentinel-hub_sentinelhub-py;92259099b3e098c1a934eb80be0b5f7c61a05d0b
sentinel-hub_sentinelhub-py;9240374a66d44ab08915391e14bcd285a90072ec
sentinel-hub_sentinelhub-py;9265740333e78c9e7768bbbbe094889a479cb71d
sentinel-hub_sentinelhub-py;9285b9588d8279b33f8770e24fcc7521703758ae
sentinel-hub_sentinelhub-py;9291dbe02fdd3233b6fec8731c0d04a29c560c77
sentinel-hub_sentinelhub-py;92b4b04649e9ab820490da32d67d32e740035130
sentinel-hub_sentinelhub-py;92b60fafc959be2cbb0e5260691521e6f4df9279
sentinel-hub_sentinelhub-py;92cbdb8511c928bc7058b57d550a2038cf3f3507
sentinel-hub_sentinelhub-py;92cc2f2e106d2e243b3853b79062dc49016a1e97
sentinel-hub_sentinelhub-py;92e46f69304174e0014c1e393a66613f8def0b79
sentinel-hub_sentinelhub-py;92e8576f5d30cc3b624a2983b1e6d380c90c40d6
sentinel-hub_sentinelhub-py;92ea360bca6ef7815774a707ae89fe0f7d745965
sentinel-hub_sentinelhub-py;92f9ad10ff2a2d65a58c35b6f7aa41c9710e5aa5
sentinel-hub_sentinelhub-py;933f23835ef5fd1b9302bd8bf8d3239b23e2bae5
sentinel-hub_sentinelhub-py;9373cf876c57212994be32c7fb3e227f45cc81f2
sentinel-hub_sentinelhub-py;937be6b4e991ce87fc8bf4731fea94088493d386
sentinel-hub_sentinelhub-py;938a87567c547b57d3ce13be1b21159052b8ce0b
sentinel-hub_sentinelhub-py;93de1f59397aa0a4505b99e822750a7fa856ba66
sentinel-hub_sentinelhub-py;93f79cc27d0fd1083629d0e0990ff8fd07cab792
sentinel-hub_sentinelhub-py;940ecd8f1fb749e229c896a05f35418930e54904
sentinel-hub_sentinelhub-py;941fb92291f7feb5a20c6b782c73a023bc5751fd
sentinel-hub_sentinelhub-py;945b82bde1a44e6883e342d768d01f2951025481
sentinel-hub_sentinelhub-py;9464a313374fbd6ae5eef95fefb823c2b7ab1179
sentinel-hub_sentinelhub-py;94b043c60c20b35009201e5d6376700f588dfe17
sentinel-hub_sentinelhub-py;94bf57f15cd1583bde0a75a564749ee39da7bed3
sentinel-hub_sentinelhub-py;94de1485f036f5d73d929d46e61cae2f8691670c
sentinel-hub_sentinelhub-py;94feb5d716d4fb92bcb03c885ea1be3b30b083f8
sentinel-hub_sentinelhub-py;95002fb121864a9c2b947d1f40cfa37b108b9b47
sentinel-hub_sentinelhub-py;95129bf5dde6621d3c108d38c87fe2ef0f97fe2c
sentinel-hub_sentinelhub-py;951512da9000195e8cba127895838648b377c8ce
sentinel-hub_sentinelhub-py;95772717d93747e813e8a3c417dfc0bdfb2e7197
sentinel-hub_sentinelhub-py;958b697ae927f5bc980cbce5d61a16cd8a37e054
sentinel-hub_sentinelhub-py;95a0c24bb60f7d7967c6980070d613e8d89fbd7c
sentinel-hub_sentinelhub-py;95a8139cf0842bbfb7b3005b06aa9757535ab8eb
sentinel-hub_sentinelhub-py;95ac90aa2c7a81fe5aadec64d228c5962d43ffc7
sentinel-hub_sentinelhub-py;95adb7fddc6ff4c85bff108e5b2c10d6c6002133
sentinel-hub_sentinelhub-py;95d012c6dffdb54af6275a7ff26ecf9c332f170d
sentinel-hub_sentinelhub-py;95d2de69667a9d4e1befff0f6c4f839367604b6c
sentinel-hub_sentinelhub-py;95e51e607b014b20691a6393f2feff6e1696eb37
sentinel-hub_sentinelhub-py;95f95fa962076cd9856e0b051f05ad183888bdea
sentinel-hub_sentinelhub-py;964cd37c2239f7e051b933110031ee31b8f46c5b
sentinel-hub_sentinelhub-py;968a24e8ba32f8bbc12338de6a0f3b857f41cd9d
sentinel-hub_sentinelhub-py;968ebe802e991e05452670a51eab1bff9cda6b96
sentinel-hub_sentinelhub-py;96c7ac5c5093730d31d73b43efca53d1103fd9d0
sentinel-hub_sentinelhub-py;96ece5adfdcbd360f041793f49143c03fca66af8
sentinel-hub_sentinelhub-py;9702f8352a600f0abcd35a1499dca1554d65e2f0
sentinel-hub_sentinelhub-py;97048a4fdc1b91b2df7568dfee628d04bf06c8d5
sentinel-hub_sentinelhub-py;9719a12cf6d4a81a1b776dc296a993c2eb71274b
sentinel-hub_sentinelhub-py;97423b47e0aa8664e7e12e7845ebf09f657d45d9
sentinel-hub_sentinelhub-py;97601017c57525c3a3c72619caa2c003b2604ba0
sentinel-hub_sentinelhub-py;9779c6125484cf88b902b783565f4c3598e73631
sentinel-hub_sentinelhub-py;978b86bb4889a75ed6e56f39ca117ec76515b9ea
sentinel-hub_sentinelhub-py;97a80af377fce56c0effb506c1a88e456133a1ce
sentinel-hub_sentinelhub-py;97b35060e8b1837f209223f84a6146918c2d5205
sentinel-hub_sentinelhub-py;97bdb80c4bae20def1e1e386934027d4ecaf7170
sentinel-hub_sentinelhub-py;97d9353b7b50864906601d9dc51fb0f12f10de23
sentinel-hub_sentinelhub-py;97f591382c21a09dd4d98d5b4f2fac507bfd214f
sentinel-hub_sentinelhub-py;980a77526e8e003f303d3d099f47cba5ae4c4e91
sentinel-hub_sentinelhub-py;984850c8fbe68ed666160441eaf354d38b10a019
sentinel-hub_sentinelhub-py;985dfc1ab9bd2e63ec0fcc9025ce4d2720b05b14
sentinel-hub_sentinelhub-py;9864bbc04a7bbebd58f1e5499aaa0031a7fabc66
sentinel-hub_sentinelhub-py;9868308ada3eb8e2657d799b2f7210c2774ab2a2
sentinel-hub_sentinelhub-py;987cd4ea8f422b14e0fed8b2b3fc9401a550f0d0
sentinel-hub_sentinelhub-py;988c113bdbcaa05138aa2fdae52523d003cf8082
sentinel-hub_sentinelhub-py;98cae3017a28640c69408a88b6834a841a3ca866
sentinel-hub_sentinelhub-py;98d0327e3929999ec07645f77b16fceb7f9c88b9
sentinel-hub_sentinelhub-py;98e52bc44a6582d089f9dceee620883cbc4692c0
sentinel-hub_sentinelhub-py;99d67f8aa84ab4bb296315c8b37918d11a913a74
sentinel-hub_sentinelhub-py;9a15088319c1afb98b1d13b4e28afae0252202fc
sentinel-hub_sentinelhub-py;9a34fac636db034eedd0869878e7ac1761262f4c
sentinel-hub_sentinelhub-py;9a44d61f39aa5df34b27145732780b3e92dbd0a0
sentinel-hub_sentinelhub-py;9a4ba93d7cdb82a2eea67ae42d67f3b362e820d4
sentinel-hub_sentinelhub-py;9a5802ed1985217e93881b58579fec2be6acc401
sentinel-hub_sentinelhub-py;9a9168d2fe621f0a3dd38c0d8e69c42902488b1e
sentinel-hub_sentinelhub-py;9aabc667252ebe33d2ca034d2518272693fe227b
sentinel-hub_sentinelhub-py;9acd6e031958fb0abcf2345912d364d8ddaca149
sentinel-hub_sentinelhub-py;9ace1f12be120734304842a0a5e94059be99c6c7
sentinel-hub_sentinelhub-py;9aee59e8c5f7d98c495b176db033634e7e6ee0e5
sentinel-hub_sentinelhub-py;9b09e544650f9b8e4ded88aa2bb317c1769ab6f7
sentinel-hub_sentinelhub-py;9b0e4b6509eab1a46413c397b46662892544f2b4
sentinel-hub_sentinelhub-py;9b1005b17310cf953b598e298f61172db1094a0a
sentinel-hub_sentinelhub-py;9b10a4364097016f3631cf5aa0169b58a05aa82a
sentinel-hub_sentinelhub-py;9b248b7c7b3af49c48cf35887bf74b5cac0958b7
sentinel-hub_sentinelhub-py;9b43c6993a109b83a25a5c3585985eb3e786b60a
sentinel-hub_sentinelhub-py;9b95890621dd33d4fe6ba609aec66d38525d1837
sentinel-hub_sentinelhub-py;9ba4fe03e9f130840aec818fb881639e731c57dc
sentinel-hub_sentinelhub-py;9be8980b5f9bc8542a79e0f69c65829e17d99e22
sentinel-hub_sentinelhub-py;9bef4bba9210282b2333d47b57c8218c266a7368
sentinel-hub_sentinelhub-py;9c12412d2eb33d38398b9e60a12a4457feaa370b
sentinel-hub_sentinelhub-py;9c4e8909d97025559239b56cfa5d3dca1bf873d8
sentinel-hub_sentinelhub-py;9c8a0e26e4c1ca3e2c6032f91d1dadab114f67d3
sentinel-hub_sentinelhub-py;9c8d534bfa0e8b9e3af7bf4ea6d63dac0650ab86
sentinel-hub_sentinelhub-py;9ce43511834772137410fc5a26c6dd3f62d7877a
sentinel-hub_sentinelhub-py;9ceda87c2b7859ab5f9e539524522c9dc5dcc907
sentinel-hub_sentinelhub-py;9cee5998eb4579627ef174c35755d73e1d46c583
sentinel-hub_sentinelhub-py;9cffc132b87ca110eb2f9d1ac2b331db6f74a7e7
sentinel-hub_sentinelhub-py;9d3f013a2d93eaf2fbadeea555ffb18b9c94cc0f
sentinel-hub_sentinelhub-py;9d4bdb044461e3e3c3e1680c58f279db66ea4d7d
sentinel-hub_sentinelhub-py;9d6114add10ad4e05d41b3b364f07cd0ef5b8f5c
sentinel-hub_sentinelhub-py;9d66f97b6a316f1874509fd8aaf74cd7469d46a8
sentinel-hub_sentinelhub-py;9d7996784464adc82dd8fd7e2cc8a83867f55621
sentinel-hub_sentinelhub-py;9d8062d378535d8dd66aa3adc31102a981c0df59
sentinel-hub_sentinelhub-py;9da2e128a3208cec2c44e1f151e57a2233024305
sentinel-hub_sentinelhub-py;9dab184c1d359a8bed8c3956e75e6eb6e0183816
sentinel-hub_sentinelhub-py;9db5beb364b0faf9a15a14d10811235e21c07478
sentinel-hub_sentinelhub-py;9dcb7da9ba0713f2093654c16769016b530410fa
sentinel-hub_sentinelhub-py;9de0b564f4cbe0ef12386e2ed63723aa1e207002
sentinel-hub_sentinelhub-py;9e0a76a84bb291ff165281d9dcfb022c2441b516
sentinel-hub_sentinelhub-py;9e47892201b3c8a289392163442df5c78ff3e229
sentinel-hub_sentinelhub-py;9e7b7408062efcd281ddd9868a1f23e19dc54c78
sentinel-hub_sentinelhub-py;9edd4c1910fa39d2dcc7db950e730d3a51993ed6
sentinel-hub_sentinelhub-py;9eed410c209db066947237c5ad98174b75e8b2a1
sentinel-hub_sentinelhub-py;9ef079a27a30ac8e6015b7ea5516bb6cdcd33ac3
sentinel-hub_sentinelhub-py;9f08ebd3ba0c48a343f7cc5c54764e572d6c2f2a
sentinel-hub_sentinelhub-py;9f0af12685e92d596041756f9f5e837c871ca5ee
sentinel-hub_sentinelhub-py;9f0dcebc87e8d8c1d05076364cf363b5420b91db
sentinel-hub_sentinelhub-py;9f357e48a27260ec982cd896740839003c2089ea
sentinel-hub_sentinelhub-py;9f383f73a8b4637a957e5238bc32da6541f11feb
sentinel-hub_sentinelhub-py;9f4b5e57a187d8d85adb3edbecfd92aedd0ef7f2
sentinel-hub_sentinelhub-py;9f511ab3a462572878b5301ca0faedf29c28685e
sentinel-hub_sentinelhub-py;9f70ba853b58080c90a120d390d5866f97ea4126
sentinel-hub_sentinelhub-py;9fa0671a8a223c5423736620e454d4d21192e439
sentinel-hub_sentinelhub-py;9fa31a1615cd1aa97a57b995918257ba1feae66e
sentinel-hub_sentinelhub-py;a0036f970c949fff97aa69858b6ea3b3e132de46
sentinel-hub_sentinelhub-py;a07a88e09de8b9ca2f2bd93126c8d746528ae393
sentinel-hub_sentinelhub-py;a092e03e4e9af2005152afbc4146b41c1d14c958
sentinel-hub_sentinelhub-py;a095354aab6273153348df9f9a1ae659a07f2ef0
sentinel-hub_sentinelhub-py;a0a5dabb60805bea902f47ce2fa7d2e09016ab84
sentinel-hub_sentinelhub-py;a0b585bb95cc1f58d5a2cbb1025d825c2106bccf
sentinel-hub_sentinelhub-py;a0d08012c9ca8a2a93598be8c1c473cb55274858
sentinel-hub_sentinelhub-py;a0d2e1bf755e2e8e01256c4254141ee9303f09c2
sentinel-hub_sentinelhub-py;a0e67ded9cf2446e94b10df60a4ab8946d2ea3ca
sentinel-hub_sentinelhub-py;a0f969b620195104068bfa4b8d6442dfa7b173e1
sentinel-hub_sentinelhub-py;a13775d73effb05addc0857c5ba401bd766bd50a
sentinel-hub_sentinelhub-py;a171dd00b4d804ba24cb9fb615843b739029e8a0
sentinel-hub_sentinelhub-py;a19f8c0af261e506e0f7e06018e8c8e1f955161f
sentinel-hub_sentinelhub-py;a1aa52aa84166c9fc1eecae74766bba98509120f
sentinel-hub_sentinelhub-py;a1d30d377334ba5a5ef0cc5de57e2cb9beeb4e72
sentinel-hub_sentinelhub-py;a1ef23ebc569f79f00d77c390c72baedb717c9af
sentinel-hub_sentinelhub-py;a238f8df6ff6f12794997f9f80f2fd1162b0eed8
sentinel-hub_sentinelhub-py;a2493dbb9167fed831f3ac8b5fc6d9fc2722040c
sentinel-hub_sentinelhub-py;a261b2ed514d53e86dcdcccbd785c654fbb484fa
sentinel-hub_sentinelhub-py;a2840def061660189b08b8e023fb7a5b7921949d
sentinel-hub_sentinelhub-py;a2a8c72a26780da2e1ff699427f10c884e61145b
sentinel-hub_sentinelhub-py;a2a905e16e43c715c5cddf6fc3f29ef715976c7a
sentinel-hub_sentinelhub-py;a2da7fe987b74a5fcc0bd40b00ac017313f349db
sentinel-hub_sentinelhub-py;a2f4b9995faeb54eb79a28965dd6e862c560d3a5
sentinel-hub_sentinelhub-py;a334fcd17f4b4b26329c3073b67c2750236c0ada
sentinel-hub_sentinelhub-py;a364696eeca569c140ab1593df13de20347273f3
sentinel-hub_sentinelhub-py;a37c17ab3c5144a8f872a0963483a105708120ad
sentinel-hub_sentinelhub-py;a3b8820e4e55d78c2abc37018c729a3a57579fc1
sentinel-hub_sentinelhub-py;a3e31491a4964a4156470e06144a4e73c9a9e124
sentinel-hub_sentinelhub-py;a4267604cb270485f7aa6fdabdee7fb78475fa7e
sentinel-hub_sentinelhub-py;a45f85d46eda9ae92104d97d176fb9a9a2f85035
sentinel-hub_sentinelhub-py;a47ef0bcfd319ba0c05ae2643a6dd5fa25f5d7fa
sentinel-hub_sentinelhub-py;a4a65d04f49529f7a22e8a4e2fa29c18c9305d2e
sentinel-hub_sentinelhub-py;a4d535e6187f6dc30bee72fb2abf42dcfb609b23
sentinel-hub_sentinelhub-py;a4dd56696b6018466f27e93676f2e74ef04d1f6a
sentinel-hub_sentinelhub-py;a4f373aa6ad5f410b26a605a4c82031611009190
sentinel-hub_sentinelhub-py;a521c4c3959f35bc9642a6bc37df5c5be6c39f47
sentinel-hub_sentinelhub-py;a54eade496d274a5a9f8f2a4197f7a9c58c335d7
sentinel-hub_sentinelhub-py;a54ff5fd643b36e40faaf583e684e96eacabcf2d
sentinel-hub_sentinelhub-py;a56fcaca8cc294f792c1cc0a59ec7f14fd33270c
sentinel-hub_sentinelhub-py;a58a9ffd23570cd71b3ffbb2ba1b513734b33e50
sentinel-hub_sentinelhub-py;a5b9873ea4b546f5d1f164412447a350612d565d
sentinel-hub_sentinelhub-py;a5bb0f0d2be0df9b739f9bb60c0163c5930c8bf0
sentinel-hub_sentinelhub-py;a5cd9b93379a475d51911a230da22ca7f305bbce
sentinel-hub_sentinelhub-py;a5d5806c6115a3c52165335f91f17b18ffbe0b74
sentinel-hub_sentinelhub-py;a5dea339d05d0dbae7b9f6b7191f2ce99124640f
sentinel-hub_sentinelhub-py;a5e4bd5acc3908f2afc938e3c631119d5519ddec
sentinel-hub_sentinelhub-py;a5ed85c0eb778073a7051eba64ef43c888e99bfc
sentinel-hub_sentinelhub-py;a61643d9e7aa6f47708be527c62b287b51e239b5
sentinel-hub_sentinelhub-py;a62dd5eb9c280580b5a55f2c9b778a0fba6abdcc
sentinel-hub_sentinelhub-py;a6a2d0ee6534d4957f58ab341a9002c54ee1b214
sentinel-hub_sentinelhub-py;a6ade5d1c617d8d3c0e785cc299c704df63a715e
sentinel-hub_sentinelhub-py;a6bb9c16620d700c6b603d857ceb177fb854d12d
sentinel-hub_sentinelhub-py;a6dd22be3cbeea327be66d963af2f6bb7c52d3c4
sentinel-hub_sentinelhub-py;a6e8c14473a78c7220787115da90b76c04e7a9c5
sentinel-hub_sentinelhub-py;a707138bebe1d40c08055704aca942513c36a1b0
sentinel-hub_sentinelhub-py;a72e569ec3908c5b31aae8fa038665d1fa230271
sentinel-hub_sentinelhub-py;a74df05f6bd714d942bc223354ede1978c45ac54
sentinel-hub_sentinelhub-py;a77b3170332af3353d99489f14c4e79567991e5c
sentinel-hub_sentinelhub-py;a781e989fab39839be3c8683b2c0b3a737feed8a
sentinel-hub_sentinelhub-py;a798fed5282c87e5ae12f76619df93955c1310cf
sentinel-hub_sentinelhub-py;a7cc49cf6d717b83b297aaed1420709c58051120
sentinel-hub_sentinelhub-py;a809beee2cb680f09d2c7a7e3e91d87bd84c85fd
sentinel-hub_sentinelhub-py;a80aeafcf32c952d5926a1386efcbc315c7c96b4
sentinel-hub_sentinelhub-py;a831bc842856dc38741b35b77fd7da726a5849c3
sentinel-hub_sentinelhub-py;a84215c5b597d28f5476e88628c144b731338bc4
sentinel-hub_sentinelhub-py;a86fd2a0db367ef62f2595f370d92f0d922e436b
sentinel-hub_sentinelhub-py;a8b2f1fbde8f0f3d5818042ef7999247e49a5eeb
sentinel-hub_sentinelhub-py;a8b7783772d172df4490118c52bdbc31910e1ca2
sentinel-hub_sentinelhub-py;a8d85fd19fb43a4f7d5f1984faec7872980234c5
sentinel-hub_sentinelhub-py;a8e7056e56e43a815ddd3f583eca3e7422cfc968
sentinel-hub_sentinelhub-py;a91744db3ba9e2601c386a7806bd1d8e974b9c8f
sentinel-hub_sentinelhub-py;a9498e7140905ece17ad248bff9b6d9d6b0c5f34
sentinel-hub_sentinelhub-py;a94f0920931dc951dfdfdaaeea0e0aa6fc0d9883
sentinel-hub_sentinelhub-py;a961bb3700ec2ee6dc686150f1e3d0453ea837c7
sentinel-hub_sentinelhub-py;a96bf7ff69c772ee6439b6e106de748019126995
sentinel-hub_sentinelhub-py;a99c961e5eea225a797bf9b9116aafb6ae5b5f5d
sentinel-hub_sentinelhub-py;a9b5ddfca9989d1912379baa8adce6861082a1a5
sentinel-hub_sentinelhub-py;a9ba881168de7d69bbf26c4d5908d2afcb344171
sentinel-hub_sentinelhub-py;a9e81c72ecdd43abbc3f509568f0de0f848d4044
sentinel-hub_sentinelhub-py;a9e90dae7c1d3c8470140fb1f67a998470322d3a
sentinel-hub_sentinelhub-py;a9e94bc62561ade62801b430617c39779076d98a
sentinel-hub_sentinelhub-py;a9ee5488ff2471ad0217202505453ad9af661f01
sentinel-hub_sentinelhub-py;aa2d529446b02d692db3322a1aa0e6db1bf8a176
sentinel-hub_sentinelhub-py;aa7befec583d2a833483fe9a7850852063d418fe
sentinel-hub_sentinelhub-py;ab52d3c4d1929d7c5a3402dea30ff96ec100050e
sentinel-hub_sentinelhub-py;ab5cbad64dfbaf461b1c1c15bfbc3bbd46f59f62
sentinel-hub_sentinelhub-py;ab644002ff469ff7eb2e85aede4407aa2da40955
sentinel-hub_sentinelhub-py;ab8ef9e8c76b24262d37ba78372a7c7c058be1d4
sentinel-hub_sentinelhub-py;ab97824c1d3c6409b708a949ec72b47edcc29c55
sentinel-hub_sentinelhub-py;abe82abfce75c779259bb3c723d1e978027fd580
sentinel-hub_sentinelhub-py;ac0e1f83f09b671ab278127a7a846c78aa448e56
sentinel-hub_sentinelhub-py;ac1d6b9e6c91cf081fa98f6582e8d5de5fa50a16
sentinel-hub_sentinelhub-py;ac2c93664fda4c96cc3b3b6e03fb43f9808f375a
sentinel-hub_sentinelhub-py;ac2d7e707e25dfe1310078dd0351ea87c1f4bc2e
sentinel-hub_sentinelhub-py;ac3cd446c0574f65413f10e173d0072015870244
sentinel-hub_sentinelhub-py;ac5977c66802891f88f5c41a1e2baea5acaf8305
sentinel-hub_sentinelhub-py;ac6de1a85720579a18ca72e543bb45ba7855e66c
sentinel-hub_sentinelhub-py;ac727100e7052a86faf79763b43d06b05ca283cc
sentinel-hub_sentinelhub-py;aca03d2b044941ef02e318b63252de5cb92b6141
sentinel-hub_sentinelhub-py;acc340f1977cb0358594da132df945d8acb006b3
sentinel-hub_sentinelhub-py;ad2fc52286fe16616de571e05904871eec2be896
sentinel-hub_sentinelhub-py;ad458641cf57f485d74a18a45f07b0d273bbe6b7
sentinel-hub_sentinelhub-py;ad533890b4e566ad5f6a816c3feb303e395fbe3a
sentinel-hub_sentinelhub-py;ad7847ffaa902bfcd9afbe505dd06b6f5ded36c6
sentinel-hub_sentinelhub-py;ad89dba832eda20329693c5022641cf9c21da3b4
sentinel-hub_sentinelhub-py;adb0d28e17fea2a952da804008496ebca875a60e
sentinel-hub_sentinelhub-py;adb5926955e624928cb5699366e4f24a8f7a7fb0
sentinel-hub_sentinelhub-py;ae0196cc8292055f8c524f6ad638f88938f39c6c
sentinel-hub_sentinelhub-py;ae206627ef6e716f24a5209cc699c2130d21ae02
sentinel-hub_sentinelhub-py;ae4f2e4b9ca3f620da7a1340cefa35a50ccaef3d
sentinel-hub_sentinelhub-py;ae69dfdd0d7e70749ac29983b740ded96b9f6b73
sentinel-hub_sentinelhub-py;ae8dd6fcd4bb3aded260bbd5a2b792c0995f5fe9
sentinel-hub_sentinelhub-py;aedf3635098982366f59c7c9becc880bfc32e5d8
sentinel-hub_sentinelhub-py;aef74f30fcb40cf490e5cf806fbef0942b61c278
sentinel-hub_sentinelhub-py;af15f2fc153f029d5a77b054d85dc63aef2f3d57
sentinel-hub_sentinelhub-py;af1c84106601486ed5b37b5cffe0ff437e666217
sentinel-hub_sentinelhub-py;af2a1ca780212d95623aa62e547d6bc5ae1aca45
sentinel-hub_sentinelhub-py;af4c5919d91fb36bbf1e8f63d27de1d7a8a1d779
sentinel-hub_sentinelhub-py;af858970536c979d750a9c5af7e5f7983aa9c88c
sentinel-hub_sentinelhub-py;afa3e3058a5528c1df85850fbe1d6e340a31d126
sentinel-hub_sentinelhub-py;afdcdb04bc90afde96f5990870f08401fa5be69f
sentinel-hub_sentinelhub-py;afeb287a7aa809776e713df75de2424175887518
sentinel-hub_sentinelhub-py;b0047403832c4defa3b5353cea3ede47a550004f
sentinel-hub_sentinelhub-py;b02dd840f7f05fd42e29c3e1cc9ff6276369ee5d
sentinel-hub_sentinelhub-py;b04cf72851205c3a9b0ada42b2480baa4056063a
sentinel-hub_sentinelhub-py;b071d16944398da85a7d00137408c5c29dee70c7
sentinel-hub_sentinelhub-py;b0a84f86c7cd014cd979e3c497c777eb6e1cd525
sentinel-hub_sentinelhub-py;b0c403e49bc39286ae87067bd86b7b3908cffe99
sentinel-hub_sentinelhub-py;b0fc1358a3d2e67ba74e026eb1a046a9e4bbf053
sentinel-hub_sentinelhub-py;b10ec81af06671f660fab8ffc6328b1d2617bf3b
sentinel-hub_sentinelhub-py;b13b1eb947e34be7c038ace383d5b71fe8f21c10
sentinel-hub_sentinelhub-py;b13da66d33c3f756021fc1c138281befebac8cca
sentinel-hub_sentinelhub-py;b16835e3813fcffb1b3c765be47c9074289fe52a
sentinel-hub_sentinelhub-py;b186fd34a0323c60e8c202b497e6521259782d6b
sentinel-hub_sentinelhub-py;b1a459f22274c9b0fa4dbef0125b547fdf50d002
sentinel-hub_sentinelhub-py;b1ada8ebde32e35bb0e044750f3a42593e6c4a10
sentinel-hub_sentinelhub-py;b1afefb9b762070cc40322a9be21f9cf2c21c48e
sentinel-hub_sentinelhub-py;b1b2807dde563b40f87bf202a8505ff0b749161b
sentinel-hub_sentinelhub-py;b1b3e58c387246924190a92f95123f08822789d4
sentinel-hub_sentinelhub-py;b1be3b852223015e1568796cfee0d43b1b76eb88
sentinel-hub_sentinelhub-py;b1c86ce8b9ba24f575e60c1745e4bfd82064fd07
sentinel-hub_sentinelhub-py;b1c8f4e0887c018773a95714b8a12ff6936f9961
sentinel-hub_sentinelhub-py;b1f3b2d18dfa94696eefbdfd12b5ec28c6e4c294
sentinel-hub_sentinelhub-py;b2132f05c6aa5ee884eed58ddbd3f4f9508aa30f
sentinel-hub_sentinelhub-py;b21bacdd50a47a023d868e88a41445510e490cc4
sentinel-hub_sentinelhub-py;b2614a203e2505b66c019ec5a0938c996fa463d1
sentinel-hub_sentinelhub-py;b2877b69c2d9212b093503e08c56ff01e21e1161
sentinel-hub_sentinelhub-py;b29f55d94c63d90199aeb830d9642977c8d11446
sentinel-hub_sentinelhub-py;b2bbad51f00a0cb04bf738efb42aa624ce1379d7
sentinel-hub_sentinelhub-py;b2ee88bee15be27cbfc0dea1baaa2f3833c6a6f9
sentinel-hub_sentinelhub-py;b32ba7ed24c94516034078708ca2b4f331419382
sentinel-hub_sentinelhub-py;b340f45d842151702ffcd04e1d35928c595197a6
sentinel-hub_sentinelhub-py;b355cddc8582917b2258a21c24b11cde8c4b937f
sentinel-hub_sentinelhub-py;b3672fff23687e4cd4baed2ea64e1fa9781d2742
sentinel-hub_sentinelhub-py;b36c4fd2e1db0fc4ece3244042be0991e2b808da
sentinel-hub_sentinelhub-py;b3d46970fc99dd3d6f05e468f1f2339139d85639
sentinel-hub_sentinelhub-py;b415cd56a41b1b7b0b25a29b5796bf377ca91613
sentinel-hub_sentinelhub-py;b431b3cd86376ace2d91f180d0db81b9c8c20460
sentinel-hub_sentinelhub-py;b48e7703a157531fedbaf8a6637c8e1a91b5b8d6
sentinel-hub_sentinelhub-py;b492ad77f1883c5f52de1226a776254b7e3f0d4b
sentinel-hub_sentinelhub-py;b4b61cd4aac52493ab5134bc448490e3c3035c73
sentinel-hub_sentinelhub-py;b4ba779f163f894f98c2fd6548256fa4701bad5c
sentinel-hub_sentinelhub-py;b4c4bba72197cc43140f4e94f060a1be619a210b
sentinel-hub_sentinelhub-py;b4c850bf9c5ee18d3497c93590fa8da4f40df4b8
sentinel-hub_sentinelhub-py;b4e6dfb638dfdfaf0c4fbd1e935b599be7119413
sentinel-hub_sentinelhub-py;b51cbb460843c5992f6510abf561535bc5f50734
sentinel-hub_sentinelhub-py;b53c4492dcef7673817059903e324d89555c5cca
sentinel-hub_sentinelhub-py;b5474d126138c83c3e3b4e71e7385a568d43aca0
sentinel-hub_sentinelhub-py;b548fca1a56846e0f6e3ddfb4ef86aeaa5a1faf1
sentinel-hub_sentinelhub-py;b54cf6a15a38a8e9cb1ecbe51fc9c703e83fef9e
sentinel-hub_sentinelhub-py;b574a6bbd55a6eed872f4c24ba96e55192a60198
sentinel-hub_sentinelhub-py;b5e4e511d255386e0f5eff0e34e76f31c3908d2b
sentinel-hub_sentinelhub-py;b64372ba5d731ecc5df0120fe5014b785fe8a03d
sentinel-hub_sentinelhub-py;b67d5dc6f3bcde1a9aa7b22382101676b6f49768
sentinel-hub_sentinelhub-py;b680ba86f1eb72d84e082591146b5e40644eccb1
sentinel-hub_sentinelhub-py;b684ab7a5a2daa6d416cdf7558fd58931b952e16
sentinel-hub_sentinelhub-py;b68bb7e4a0ee415c4bba0292ccb4525c9ba50925
sentinel-hub_sentinelhub-py;b6958ceeb8a03dea2e11cb6764283a87d08b5e02
sentinel-hub_sentinelhub-py;b6f37c0c184327b31e97236dc8dedc028926b9b9
sentinel-hub_sentinelhub-py;b70fee8fbdfad076ac5b7ed0fe78dae8e4e82138
sentinel-hub_sentinelhub-py;b71221158adc508d3f56b079fe23d3c4983d8ec6
sentinel-hub_sentinelhub-py;b72c22a8f26315cb26da54b98a5ef0ee6cb8f72e
sentinel-hub_sentinelhub-py;b73ce6d3978986ba63b24b682901227caba5dda3
sentinel-hub_sentinelhub-py;b74ff02b34fe9930c6fc7f0c88278e300b6bdb29
sentinel-hub_sentinelhub-py;b76cc58eca71961d8cae2157bf328146f4dc4f8b
sentinel-hub_sentinelhub-py;b77a7be4a7d84ef34fc64b807caa918fbb4ea299
sentinel-hub_sentinelhub-py;b77ce4d4b1ce388139f6ef6cc0ff29ff74ca1428
sentinel-hub_sentinelhub-py;b782e7bcd5c3c49850233541dd25b08acc64d526
sentinel-hub_sentinelhub-py;b783018342ed3fbac12d4ab769618b0d7b49f5e1
sentinel-hub_sentinelhub-py;b7cc5a64df25929d764729fcc45a4981a17d7793
sentinel-hub_sentinelhub-py;b7d5ecf61e13a57befefb0f53ff3e21e976ab00d
sentinel-hub_sentinelhub-py;b7ec012140a1aff91a46bea6f1c63db4c13f424c
sentinel-hub_sentinelhub-py;b818e709fcec3f0b4a8aeeaef19629c721bcc5c3
sentinel-hub_sentinelhub-py;b819b9d8cc62df01fb80efd9c61c7bcb941e8b5d
sentinel-hub_sentinelhub-py;b83dbe06c36a8e91cebf2f5b2b531ac44815cc3d
sentinel-hub_sentinelhub-py;b853b482af20c3fad5767ef57dac33548b396d2d
sentinel-hub_sentinelhub-py;b8c96e959229a16887a333afb0dbde7c59f4c21f
sentinel-hub_sentinelhub-py;b8ddf0b7cc5133ecb0c609a14ca6b3781123500f
sentinel-hub_sentinelhub-py;b8f2883ba57fa5820ec57694fae50c13859df290
sentinel-hub_sentinelhub-py;b90414d7fe85e0fec22746a4abadad07d519b795
sentinel-hub_sentinelhub-py;b90574838fafd9d71148918c550c73dd14ef4dd5
sentinel-hub_sentinelhub-py;b907192f50001ed387dcd9c3cfdaf893cb179a16
sentinel-hub_sentinelhub-py;b91467eb657e11791342e07f868ea347dc3f82ee
sentinel-hub_sentinelhub-py;b9210040265745f8c67ddb744e53d07b6b7a8379
sentinel-hub_sentinelhub-py;b92fc5cc1ed90b3cb300dde8cdc946291daf777f
sentinel-hub_sentinelhub-py;b931031ce0323ac19bff05b7d82330b51bb9c92d
sentinel-hub_sentinelhub-py;b93f987f04ef25fc9de6f8951cfd3014de27e382
sentinel-hub_sentinelhub-py;b940781071a3f5aa14acd2e09932f6519e8d54c3
sentinel-hub_sentinelhub-py;b953e8fcc1283bed3448b694bdf9d0a199ee40f3
sentinel-hub_sentinelhub-py;b9666c90263eb6407c6a2e2145da2eb4434a98ae
sentinel-hub_sentinelhub-py;b98f8967d15b81e667ff698ee411b67744d48f39
sentinel-hub_sentinelhub-py;b9bd865e23b75a2b5b5034282f7fc6b3b10d6702
sentinel-hub_sentinelhub-py;b9db62f0fcb3eeaeeafe8b0bbfc5c686941583c3
sentinel-hub_sentinelhub-py;ba494cb1c5b155814a6fb6eb18652c081148bffa
sentinel-hub_sentinelhub-py;ba611c0ec9ca21f0d0c2369b4ea9c93d7aef8068
sentinel-hub_sentinelhub-py;ba6f952eb5f097cdfdaab196be6befdd92805ca6
sentinel-hub_sentinelhub-py;ba9a1e08f66a85e53e00a85ad3df948734fa7479
sentinel-hub_sentinelhub-py;babc4c6eccde2020bb88433424bfd562f7f86649
sentinel-hub_sentinelhub-py;baff354a72285cf485f7ab321fd87f716e58c57d
sentinel-hub_sentinelhub-py;bb1253836349a98f2be33a5e10fc800e1ebff57e
sentinel-hub_sentinelhub-py;bb7215436e71233c009b3f7569afd97443f3b937
sentinel-hub_sentinelhub-py;bba71ff0c897aedd7cd3e0b4b2feba5689190e48
sentinel-hub_sentinelhub-py;bbbe184da4322712265d010eaf5f55bcd4d789e9
sentinel-hub_sentinelhub-py;bbe992ace25eadd68c4be1d08ded21301b8e2016
sentinel-hub_sentinelhub-py;bc03f8044e06302b0c6b83e3b19ba4acc89307b3
sentinel-hub_sentinelhub-py;bc15913ff6b2cf8b84ad51f0bf0a3c515e1e263a
sentinel-hub_sentinelhub-py;bc3b23ad957b9ebd377e612e1ab83bde25861aca
sentinel-hub_sentinelhub-py;bc5efd3782f16953512cca7cb20e8e37b287076d
sentinel-hub_sentinelhub-py;bc9a18c23fec33a908cbd752751e44e4b3f54ce3
sentinel-hub_sentinelhub-py;bc9abf118da39349811ad2c05c749db686e7824c
sentinel-hub_sentinelhub-py;bcd5454a1f69abb1798986fc8c7d3ee203980fc8
sentinel-hub_sentinelhub-py;bcdf84c6692f310ca55e29f65c747286831a50fc
sentinel-hub_sentinelhub-py;bcec36c97cbd8b409cda2620f56dc3e3e283ff72
sentinel-hub_sentinelhub-py;bcefe30c54c8989b5f95758741dc8fd8807918bd
sentinel-hub_sentinelhub-py;bd033a3930d4d5c1ede6b92193a544a6cb631bac
sentinel-hub_sentinelhub-py;bd3410022a78c895b6ab2faadf21f039185205c3
sentinel-hub_sentinelhub-py;bd704e25f311435de3d8bb2d2d903eda090a4924
sentinel-hub_sentinelhub-py;bd71f48c36a9a9262901192f224d51fe491c4178
sentinel-hub_sentinelhub-py;bd7f659b1af749981e04dfea089108546fa1466d
sentinel-hub_sentinelhub-py;bd8506df54c77ea7e2c01634e5541d5db4efbb86
sentinel-hub_sentinelhub-py;bda8d05e98c717a9e50ba6031681c48b6c871e09
sentinel-hub_sentinelhub-py;bdf8a502da9f5998692daa739b3a112405f89ffa
sentinel-hub_sentinelhub-py;be0262af2cf64161b4dc45c81d0fa36a8389ab63
sentinel-hub_sentinelhub-py;be2bc3007362c0e274ec7194241d394939b7e7d4
sentinel-hub_sentinelhub-py;be345553b08bffc0c0475cec643058686e6addc6
sentinel-hub_sentinelhub-py;be37afc4be11a38068d4a7d5d6942d00205d0100
sentinel-hub_sentinelhub-py;be472b2f81a2788759ce0e28303cad1a27f301ac
sentinel-hub_sentinelhub-py;be6798d7c6d4bcb29a5450a787e0beb320e63088
sentinel-hub_sentinelhub-py;bea89346cbd17b0818d216159c79cebdaf8941c3
sentinel-hub_sentinelhub-py;beafa15a225a1fcb28b91cbf0bdf115ebc973ae0
sentinel-hub_sentinelhub-py;beba9bb59c380b9bd53b9572b13a6870346955d2
sentinel-hub_sentinelhub-py;bef573ebeef34fc751a1fa306cb6eb5d52b9fede
sentinel-hub_sentinelhub-py;bef8a48ba9f8cf1f4bc47d8c079b36d378f8c656
sentinel-hub_sentinelhub-py;bf13658338177fc190bb86679dd808a7729a70c1
sentinel-hub_sentinelhub-py;bf1831a8e90e77fb11017eba4574b01291ec8246
sentinel-hub_sentinelhub-py;bf1daf40ccdb0ecbca0907f3c9a1515dc886e891
sentinel-hub_sentinelhub-py;bf4e39051a417464b6398f818f54b7620defc27c
sentinel-hub_sentinelhub-py;bf51452607e4d28c35716586860576e1f2895b21
sentinel-hub_sentinelhub-py;bf7384f82bdc48cca4bbb7004ade6ecf4f40ce1c
sentinel-hub_sentinelhub-py;bf79a1335300e6c54643014fc4b62137575547a5
sentinel-hub_sentinelhub-py;bf82526cb03ee1cbf9ef7bce65df1b6ea14ab071
sentinel-hub_sentinelhub-py;bfdabdcd096ea855085e0ce7d15418740880cf86
sentinel-hub_sentinelhub-py;bfe6dba852ed22cb3feb3253d6c17d34d1169c28
sentinel-hub_sentinelhub-py;c006fe89325472959e097cf9a3ef38b6b096ff24
sentinel-hub_sentinelhub-py;c008c1124e405e5f7b8223bed5c070a83d1110f1
sentinel-hub_sentinelhub-py;c03cfb1e7b77324e0ab06c571dbe2e448b53ee2b
sentinel-hub_sentinelhub-py;c066a6ab5577239d9cd97d2d9f7ea4f552a05ec0
sentinel-hub_sentinelhub-py;c084d2638d332a587af90abbaeec20a55369b9d2
sentinel-hub_sentinelhub-py;c09ff3740c635c83ce21a622c9ab3b896121ff61
sentinel-hub_sentinelhub-py;c0b333deb6e170112dbdfc6f554eb63496fbfd06
sentinel-hub_sentinelhub-py;c0b9a63c60597b7ebd9a65b3adebefb7c88f8824
sentinel-hub_sentinelhub-py;c0c35384f1da70bc41d8aaeee465295661c006c8
sentinel-hub_sentinelhub-py;c0e34e3cdebeea9d7878b2222960a98a5b5a8414
sentinel-hub_sentinelhub-py;c0e47c4179048e74b6797ce3a7a045f09944b30a
sentinel-hub_sentinelhub-py;c103b2c8fc0aed7fb54a6c746ea9db82b7f5573c
sentinel-hub_sentinelhub-py;c112f0f32d8d889604e7aa92413f0fdef46d6d9b
sentinel-hub_sentinelhub-py;c11db7c505711dbda16952f17476da9b1b4d2e3e
sentinel-hub_sentinelhub-py;c181f37ab55019c45f14f52cadeaa0161367fecf
sentinel-hub_sentinelhub-py;c182a79b2d4645a167f1581c3f03d5134d1de033
sentinel-hub_sentinelhub-py;c18f4c9d0061672f6a0588efc35118a5a96559af
sentinel-hub_sentinelhub-py;c19145e7563bfe90f82a7f72cda4191ba5068f22
sentinel-hub_sentinelhub-py;c1e5f18257a4f5ff60c0ec9358dc8ef6e0c809c3
sentinel-hub_sentinelhub-py;c1ece108aa35f84d02dbc294c1dc840660ed03de
sentinel-hub_sentinelhub-py;c22bd6de701d9d54d7ba1cc52504c1d63194ba9e
sentinel-hub_sentinelhub-py;c22ef97777cace2e63d70ee73d5dfe1e930c6667
sentinel-hub_sentinelhub-py;c284cc356dcf9799566ac0d8045053e56fd5a80f
sentinel-hub_sentinelhub-py;c287fc033f771df55885be0a793e18810b526a6a
sentinel-hub_sentinelhub-py;c299d88f231270094b1de83e67d7c0bf209a4e9e
sentinel-hub_sentinelhub-py;c2b0ed3341e6080c21ddb330dff612d70a89b517
sentinel-hub_sentinelhub-py;c2b283577d1f2f89e49936d07b7ce995749b8418
sentinel-hub_sentinelhub-py;c2d2696d9280e018e751d1d907e3c69455db6973
sentinel-hub_sentinelhub-py;c2d4eb7067bd578a04f162126f5cf66249977234
sentinel-hub_sentinelhub-py;c301c9f6a7295113473bd0a4675c3656a4108890
sentinel-hub_sentinelhub-py;c30aa55c50b04d5b01278888d76774553583ea2e
sentinel-hub_sentinelhub-py;c320ff6056dcdae82de33ea19f457d4c69d9c7a8
sentinel-hub_sentinelhub-py;c3a073cc7119965eb2c976fec560f769559bd93d
sentinel-hub_sentinelhub-py;c3b0be652e8f4fcc9d68b25add3fb3a4e2edb45b
sentinel-hub_sentinelhub-py;c3b508e263ccf7899996b05442a91aba23406ed4
sentinel-hub_sentinelhub-py;c3d6015bf8485b1f1f671774c42b219bbd4b76c4
sentinel-hub_sentinelhub-py;c3dcdd329e21aa4f5d03c016259633201b7ec89b
sentinel-hub_sentinelhub-py;c3e5f639c003735b45b7b79b2714f4e4363297f8
sentinel-hub_sentinelhub-py;c3f3b5a2e364112f99d8103a92d17e3f40fbdbc8
sentinel-hub_sentinelhub-py;c3fe3645e719197ba2e64464a34ba19f0f38bf33
sentinel-hub_sentinelhub-py;c42e6e7d6dd91aef99267d3d4cefb4b712d8c50b
sentinel-hub_sentinelhub-py;c492fad0636f9d1878e20b2e7c684397d7e6d6d3
sentinel-hub_sentinelhub-py;c4b2d834bd7e7ed8ffc6e8fcc52736ff21f1c6b0
sentinel-hub_sentinelhub-py;c4fdded462d2bfcfd46b43f15d9ff3ecd207ce39
sentinel-hub_sentinelhub-py;c521cd01e411c77c09315a07a563b77d10299531
sentinel-hub_sentinelhub-py;c55343064bd499106caf09aa5aa340645eab14a9
sentinel-hub_sentinelhub-py;c56b82ec7c0e0b940117dc5a20e4b05dbc7454c7
sentinel-hub_sentinelhub-py;c58f7329f3819a153d5988d2e2f6aac24bd846e8
sentinel-hub_sentinelhub-py;c5dea3c6e6f32661fd620728721d426526e4ea97
sentinel-hub_sentinelhub-py;c5e5850efeacccfcf14231c83f0df260b8816dd8
sentinel-hub_sentinelhub-py;c5f049dcad4d673131d0a543843852d0a53e1d81
sentinel-hub_sentinelhub-py;c62f5855cd0506793556d697a440d2317e155b3a
sentinel-hub_sentinelhub-py;c65102468442b8a491db6cbab3ea6596ae0158ac
sentinel-hub_sentinelhub-py;c6560bf47164189c3fe61cd70ae9fb4283597f1e
sentinel-hub_sentinelhub-py;c664efd5d1bcfb374fd8ad96d1f63837b5041bb6
sentinel-hub_sentinelhub-py;c676102daf5ad200633d64003705bbdfc2c6a78f
sentinel-hub_sentinelhub-py;c67d0ccff5f83ea194fee7ecc67a61208be45bb0
sentinel-hub_sentinelhub-py;c698436e8b3fca88e0d1d138ef3844981df2da88
sentinel-hub_sentinelhub-py;c6ab1eec5329c6b91228f0773fb1ff97f31f7cdc
sentinel-hub_sentinelhub-py;c6bd5c8a9764083c5932fdd2aa0f22394290ce31
sentinel-hub_sentinelhub-py;c6c324e47c1108f2f63cb9b49d3813b49f6959a4
sentinel-hub_sentinelhub-py;c7305afe4297d1ecf32be83d8e76f79ef8e9c979
sentinel-hub_sentinelhub-py;c7587fb3c5205c80b112fbb26b93847a527c3b94
sentinel-hub_sentinelhub-py;c798c04dd29701768c4e938100170588988be497
sentinel-hub_sentinelhub-py;c7abfd859ad82eebb0da08ceee5bf7c96d5121d1
sentinel-hub_sentinelhub-py;c7e272d8bd2fd3c843615178be142103398643cc
sentinel-hub_sentinelhub-py;c7ee9c6b98f3a0bacbbd2c4d2fbed26de26bcf57
sentinel-hub_sentinelhub-py;c7f59125b802873d28843f089ab177ebbd1d435b
sentinel-hub_sentinelhub-py;c7fee9388425edb0906be21a3a16bf51f5fdce02
sentinel-hub_sentinelhub-py;c82f5f1ff109f724c726299dc1ddc237dd344739
sentinel-hub_sentinelhub-py;c84adba721848c2ff473c51250c76e7d7cd6a628
sentinel-hub_sentinelhub-py;c86d5e7c90510f8cbf5712218d93ed696cf9c519
sentinel-hub_sentinelhub-py;c891970316fc41845304f0780838f3ecb53413d7
sentinel-hub_sentinelhub-py;c8a8a2816e09b644d6afce0a8fa79c97e059de86
sentinel-hub_sentinelhub-py;c8aa059fa52202ddfbdfef7af859d1ffd5f38c0c
sentinel-hub_sentinelhub-py;c8d4d14bc79227dc5926eca60b8ba3a2b2fde2a1
sentinel-hub_sentinelhub-py;c9094ddc930dc98754ce7c7f5d3514885efdf495
sentinel-hub_sentinelhub-py;c915e840240982142399fa903b33cd2b453c04b1
sentinel-hub_sentinelhub-py;c9bdbb954a20cb5d077c77a88a21e31953b47c9c
sentinel-hub_sentinelhub-py;c9be7ab670054aca51ba962018e88b53f0715168
sentinel-hub_sentinelhub-py;c9f7af94955d775ad5496657fcee74888608a974
sentinel-hub_sentinelhub-py;ca4103c2a52b1dd47ad624792c2063fea20e61b1
sentinel-hub_sentinelhub-py;ca56439ec1a684ba117ec8f384a5e3ee6cd3e1d9
sentinel-hub_sentinelhub-py;ca59ede28eedd4195b2ea99b5213e5be40a4106d
sentinel-hub_sentinelhub-py;ca68f04362c61e20781caca86ac3dc72c40903ca
sentinel-hub_sentinelhub-py;ca87c14d25936a7e65cab35f5c2f775f1c33c435
sentinel-hub_sentinelhub-py;caae6ae48d1b50037688209a975a93a37cfd6480
sentinel-hub_sentinelhub-py;cacd42d122aae23e6cd8baeb4aea0a3c303728ef
sentinel-hub_sentinelhub-py;cad0f69ed35e6cd05e485c3a999bf585876cf26b
sentinel-hub_sentinelhub-py;cafe6935ed096c08511a10b0d1a236f691badbc4
sentinel-hub_sentinelhub-py;cb01b2caca4407f0bf05dd0aff30713c7271a0bf
sentinel-hub_sentinelhub-py;cb053a39ce5de0d3cc32e450e0fbfb692c8e90d9
sentinel-hub_sentinelhub-py;cb21e2037df533e386e209978bec41d315e97578
sentinel-hub_sentinelhub-py;cb4653a9b4024fda4db56fdc93b866b36da177f0
sentinel-hub_sentinelhub-py;cb5332d3328af068173bd9d1101055622396a6c2
sentinel-hub_sentinelhub-py;cb586addbfcf215a7f18054e6595193c410e2e28
sentinel-hub_sentinelhub-py;cb8619819937a7c8f8f021bf76deb4f421e4e977
sentinel-hub_sentinelhub-py;cbc68ec6371ded6e6fa38e3fffb9729785d17594
sentinel-hub_sentinelhub-py;cbca8e29abe21b5dfd6a3e8ee3babfa416ad879d
sentinel-hub_sentinelhub-py;cbcbc63f48c5561e0b71f5beb4d313456e2b42ba
sentinel-hub_sentinelhub-py;cbfbd69eccb285e2affa63a99978e56d869ebcf1
sentinel-hub_sentinelhub-py;cbfd7671210f44e82d28952b82ab062b2c9bc81f
sentinel-hub_sentinelhub-py;cc058834e9180dfbdf62f455361fd208d5137bcf
sentinel-hub_sentinelhub-py;cc0d3a9bc1e4a2a028e5099d6eb77ba6e5b49485
sentinel-hub_sentinelhub-py;cc23e22c157c19cf8f9a3a37913034b469c2a634
sentinel-hub_sentinelhub-py;cc40ca678e288f302eba214011b3b17fea22a94b
sentinel-hub_sentinelhub-py;cc65c73cc3a6e8282cadd1b867ff1b7414e21595
sentinel-hub_sentinelhub-py;cca4696daaa075f2f05d940ba3ec38b15f6a59a6
sentinel-hub_sentinelhub-py;ccb83c31c23da753b93e2595d4a92f0caf026f34
sentinel-hub_sentinelhub-py;ccd0e1e88e6682a6bba18a2cc1e8ad2e5b069b72
sentinel-hub_sentinelhub-py;ccdcb4c56c1454f8f9b987555bec503d2e55c7e8
sentinel-hub_sentinelhub-py;ccfb3fef0f40b8bc9399deead3f2ff7519bf042e
sentinel-hub_sentinelhub-py;ccff8b9b498351c2e414b5bf561e83c1ec69078f
sentinel-hub_sentinelhub-py;cd185ab1398f33fb5683adf0e4b94bdcc1fafa02
sentinel-hub_sentinelhub-py;cd1c3034b9d1a4b2fc22fb041c1822e52264a5c9
sentinel-hub_sentinelhub-py;cd1e7e7f718007a485fc356ddf76720b1b2b17ed
sentinel-hub_sentinelhub-py;cd2cf15fed59a3a9cab4e400b1dd0650e945f2b3
sentinel-hub_sentinelhub-py;cd51b392b1ffe0b2a0e1c697e972d2fb6f18605c
sentinel-hub_sentinelhub-py;cd598be6342c6b2d207bf930b98ea6ae8726975e
sentinel-hub_sentinelhub-py;cd64385375ee4a989fb6b0ddf7c22eb8a6877a7f
sentinel-hub_sentinelhub-py;cd6a170927d5b7dca5762489b0f6ee77a4e2198e
sentinel-hub_sentinelhub-py;cd7eb012488847b9f5a5c4f11467b97dd9ed951a
sentinel-hub_sentinelhub-py;cd90bc7d52bde3bdc45cf975fcde1a069a656e53
sentinel-hub_sentinelhub-py;cdd082d1540beba10b55a985e2f958e2fb6157d8
sentinel-hub_sentinelhub-py;cdd2c0ce81926e7171bd6223cf9cbad38d7c22d0
sentinel-hub_sentinelhub-py;cdd758c8883ec809d965399696754c6080c78abc
sentinel-hub_sentinelhub-py;cdf31c8ae0d588677da973e8e0c18e2bfd5884b7
sentinel-hub_sentinelhub-py;cdfc886498ef6da8b567b4e9c0c63597ae7265d5
sentinel-hub_sentinelhub-py;ce3b70aa3adb51fd3a38246cf3517b839faa273e
sentinel-hub_sentinelhub-py;ce5214a97f6fc5b4853dd0feddbce563adf5d2c2
sentinel-hub_sentinelhub-py;ce668fb56fbc00e01cd1f45613e6b7f0da43ec4c
sentinel-hub_sentinelhub-py;ce67d060b4cb24fbe3ed97e1183f2597818c3b57
sentinel-hub_sentinelhub-py;ce81a77a92edc84e5a2cd0fbaa0631f81290a09f
sentinel-hub_sentinelhub-py;ce8da505945f1f7d0cabac9c060c69211537aa15
sentinel-hub_sentinelhub-py;ceffc5e18145473e9a94f4be043ebf14cdcc1a82
sentinel-hub_sentinelhub-py;cf313a820ce8e319a0a8e823a76c8b5951e671bc
sentinel-hub_sentinelhub-py;cf46a2dc87af4c46bd618caaab91bd5fae212ff3
sentinel-hub_sentinelhub-py;cf5efb00db2c8ef756c3faf3351a3a2bd0a7d409
sentinel-hub_sentinelhub-py;cf79d910b134d8d95954f4e9c538040ffd53ed16
sentinel-hub_sentinelhub-py;cf9b5b8c1029e4c0acb45a5de4dc8556682ab5c9
sentinel-hub_sentinelhub-py;cfae12610ea468bf3d86986bb0f28cb6499914b5
sentinel-hub_sentinelhub-py;d043dcb3b4a83059a449aa359307015ee7ed01ae
sentinel-hub_sentinelhub-py;d07ff2c2f3d93e8b670c48045d15709c4f0c2896
sentinel-hub_sentinelhub-py;d087a5bf6b18818d1caa5094d08a46fd2c7ca7ee
sentinel-hub_sentinelhub-py;d08e709155c3ee7211b37e5ee5165742d04dbce5
sentinel-hub_sentinelhub-py;d09b25b1278ce26737c519b600209cc7f36eab03
sentinel-hub_sentinelhub-py;d0ac88823629676a376e3b10fbc269c3f83d5282
sentinel-hub_sentinelhub-py;d0d96ad2f1478491f7e251aebf6064f03c33f9fe
sentinel-hub_sentinelhub-py;d0e4ae84b9ecc905fe56658129168443aae15c49
sentinel-hub_sentinelhub-py;d193b56b9a0e12661c24bb51baae8a3644fe50bd
sentinel-hub_sentinelhub-py;d1b838cfb7a0e715e31783650f385507a839c84a
sentinel-hub_sentinelhub-py;d1cbf2f1abedbbc7a6a3396da19fb62d48aae246
sentinel-hub_sentinelhub-py;d1d569683fee8076bec1994766814d98b1e9c59c
sentinel-hub_sentinelhub-py;d1f2054fa021033b8bd919dc4bc454dd418fa389
sentinel-hub_sentinelhub-py;d29cac9e9feb0485555c6d2a9f908518d1455674
sentinel-hub_sentinelhub-py;d2b5c726adf99af854a00ef5339f2cde5b72aa81
sentinel-hub_sentinelhub-py;d2c1ee013de2c761d47a04438411e6da9a6c82d9
sentinel-hub_sentinelhub-py;d2d50f9ade64bc8ad21db2712e449dd879d4ec85
sentinel-hub_sentinelhub-py;d2e61742b67e003380bcdf58d3a2c0e4f9ff2fc5
sentinel-hub_sentinelhub-py;d2f5fa2e4a8ca6128816f7b57eccde79ce5d175f
sentinel-hub_sentinelhub-py;d2fab5f8aba131cecfce0631f88d84469852afc7
sentinel-hub_sentinelhub-py;d2fb5fd7b3ce43716d8def73e5f19461061e616a
sentinel-hub_sentinelhub-py;d330f8a659ed699ff5c114087d721a2e76fad10c
sentinel-hub_sentinelhub-py;d39fd1995333ace99526f54317c3fc3339561b85
sentinel-hub_sentinelhub-py;d3b74201cbb613f6866e75e19527339967b9a2e1
sentinel-hub_sentinelhub-py;d3d35cceff815bd72657154bc6c2b64c9e82ce21
sentinel-hub_sentinelhub-py;d4335fc715bd4811dfe970bac671e71150eef675
sentinel-hub_sentinelhub-py;d439b21f329f4aebc78643bfe4a70a7c31cce159
sentinel-hub_sentinelhub-py;d4524e409ad2c6d7225ab194a2a53c16851a9389
sentinel-hub_sentinelhub-py;d47a3c477849c6e586e24128fda220c18e64fe74
sentinel-hub_sentinelhub-py;d48148a7fc62ae36592ea66e5e0c819da9bc35fe
sentinel-hub_sentinelhub-py;d4818bb389934d629397dcae91ae25b69e71103e
sentinel-hub_sentinelhub-py;d481afc21ec4e3d1b5d2b85d42a04ab7bbb9043a
sentinel-hub_sentinelhub-py;d4917c0e070520a9b0848c15e22605acad86d9e0
sentinel-hub_sentinelhub-py;d4ad409f2e5d37221c66cc8e911a68c5a787fd73
sentinel-hub_sentinelhub-py;d4ad47cf83e763b35dbf349cda2b27ef8f9efe77
sentinel-hub_sentinelhub-py;d4b428241b92db5d5e84455d54942d78f20c9ecb
sentinel-hub_sentinelhub-py;d4d7adfcb66dc223da803547a527d509fd0f77ee
sentinel-hub_sentinelhub-py;d4d913473ba3f89cdabcd49eb2e9b433d53ddefd
sentinel-hub_sentinelhub-py;d4d9fdeef72673ba0ea3fd0f516e6e136ffb6d8c
sentinel-hub_sentinelhub-py;d4fc9fe798459f88fc7ed33f7d97af01ee3139c5
sentinel-hub_sentinelhub-py;d52517c2a291c06187c9d4b5d756fd60045839bc
sentinel-hub_sentinelhub-py;d5274b51d6f8a63c03997a233320f48c1c4aa293
sentinel-hub_sentinelhub-py;d546ac67fb33026c2acc321329aac2862eb81140
sentinel-hub_sentinelhub-py;d54cc533d561e3c8da683f49bd487d8d4a482c11
sentinel-hub_sentinelhub-py;d55571207228031c7c395478c20af76fef97a5a8
sentinel-hub_sentinelhub-py;d56532e2dc14170b60d2734f82c1e7db1920d27d
sentinel-hub_sentinelhub-py;d59083b0423dfa2bf070135652897db0ba0e3918
sentinel-hub_sentinelhub-py;d5df20b80be7541905d4572a74f3d5e1ff638040
sentinel-hub_sentinelhub-py;d603132be1ddbc8759772f99a2642f819572e13f
sentinel-hub_sentinelhub-py;d60a2bee7977b3091a498f98fec32bf75771476a
sentinel-hub_sentinelhub-py;d60c9416303e4ba0976fc1af7f80a1b84b3615ba
sentinel-hub_sentinelhub-py;d61361ba3155565a766799973e8542a0acdd1d36
sentinel-hub_sentinelhub-py;d625cf761e8d01f80d1c9b66bd6c9d5c9c189667
sentinel-hub_sentinelhub-py;d62783e3a621d45daaccfb58e22bbad14f03abec
sentinel-hub_sentinelhub-py;d633aabc7d9473fff93905a85af4619c9174bedf
sentinel-hub_sentinelhub-py;d6379e2769bb05825df13d865425391e510d6250
sentinel-hub_sentinelhub-py;d6c103ccd5158d20fd9c95b67a72ff268caa2ae9
sentinel-hub_sentinelhub-py;d74bf1e4f5ae869803009651c65e153955cfa2c7
sentinel-hub_sentinelhub-py;d7526feeef2d036613fc7ccc2acc92f30d10195c
sentinel-hub_sentinelhub-py;d76c621d8360645d368eb54719a41507d2e50aa8
sentinel-hub_sentinelhub-py;d7a21497f224f8feb66ec1e00ddb5ac2eb074541
sentinel-hub_sentinelhub-py;d7ad283cf9d4bd4c8c1a8b169cdbe37c5bc8208a
sentinel-hub_sentinelhub-py;d7d8025e8e405b73b2cce9e4fab3a4396f3554e4
sentinel-hub_sentinelhub-py;d80d1510f3de6c5e7d41b544d66eab04467a0434
sentinel-hub_sentinelhub-py;d80f93994e5503c70993c44410e3d56ec6b8a688
sentinel-hub_sentinelhub-py;d80fbd2a41e175d9c3dc7b30f53fe52bf36a22c2
sentinel-hub_sentinelhub-py;d820f08ca08c0bbf1fc55ed24077d2184ad4c85e
sentinel-hub_sentinelhub-py;d86108d827d71d03a9b24f20604e1db4e967fbf1
sentinel-hub_sentinelhub-py;d87060b1c8a70eb1b6a49d6bbf28bd9c0694189d
sentinel-hub_sentinelhub-py;d87ab030db0269320fff6a44511382e5ecd041b5
sentinel-hub_sentinelhub-py;d8a5762615713f521efcc2139ec0b3a4bc5a60ac
sentinel-hub_sentinelhub-py;d8bd8af1ac5825858dddda27a7aadbaecae9fbf7
sentinel-hub_sentinelhub-py;d8e728f9dd3000eb179dc24b75279c7f90f553e4
sentinel-hub_sentinelhub-py;d8f6cc213616d1839ffb24ec9ff508f7fef0c88e
sentinel-hub_sentinelhub-py;d924bdd5a2bf32ed1aabbafd348ca9f3f5fc0ee4
sentinel-hub_sentinelhub-py;d93092c1f692b77bfd1854632ccd70cb451f978b
sentinel-hub_sentinelhub-py;d94dc5d07d27b2846adf438d9eb6b2d8eb350dfb
sentinel-hub_sentinelhub-py;d9745436adccf785eb99ffff9ef1472d6e115c29
sentinel-hub_sentinelhub-py;d97b92ed522ddd8a52090b7ee2a42a51df2b393d
sentinel-hub_sentinelhub-py;d98c2e9506162c2e708ce44611e9326dd8bdc3d8
sentinel-hub_sentinelhub-py;d9a2b40c80552c9d57b297ba612d2979baccde6a
sentinel-hub_sentinelhub-py;d9c042ad89b6ce8f0e6658ac5383b263f03bd1f5
sentinel-hub_sentinelhub-py;d9f64db383dbe5db65fa11469398eacfde42a21a
sentinel-hub_sentinelhub-py;da16ea9c79229bd3a9bf08c444f5ff7fd48b07c0
sentinel-hub_sentinelhub-py;da1bf26cbd2330cd0afce230df862809f1fe8e72
sentinel-hub_sentinelhub-py;da8cc0642f65f438423288cd7708a60cd11ab989
sentinel-hub_sentinelhub-py;daa5e8cb57c097456612ec4588394fdfa4c86f8d
sentinel-hub_sentinelhub-py;dac85dc9b9f95e612e08d16e29684c06eacaf0ae
sentinel-hub_sentinelhub-py;daead4a3187c32ba452cfce8f104e712cb0465a4
sentinel-hub_sentinelhub-py;db020ec8003ef88faa96c82b3b4c4f85b2ea9cb9
sentinel-hub_sentinelhub-py;db863981385d830d9b04b61d7797c81efc2d50aa
sentinel-hub_sentinelhub-py;db966a93f745327dd57ec06c6c78f225dd56e44d
sentinel-hub_sentinelhub-py;dbd09d370b92f9bd7620f240f147b002ffb30eed
sentinel-hub_sentinelhub-py;dbfa663ff4dc53173063554341ce80eff09d8422
sentinel-hub_sentinelhub-py;dbfcde8359b2b4fada8dc236f4500ff41f2e0e6a
sentinel-hub_sentinelhub-py;dc0bce882e208a6a6cd94418a344116addb9f30c
sentinel-hub_sentinelhub-py;dc58156b69b05e2d6230b51dddf2b870844890f4
sentinel-hub_sentinelhub-py;dcd53e211cafef97a688529ff337ae70dd7e112c
sentinel-hub_sentinelhub-py;dcd5cb8ea4d52196ed76c69759a5c417901fd43c
sentinel-hub_sentinelhub-py;dcfdefd1ab4cdefdbb2866f8102661623083fa2e
sentinel-hub_sentinelhub-py;dd1239cd54f35015c9e9ff444c3c7a4be9fa23c3
sentinel-hub_sentinelhub-py;dd244dcd940a1f5a72ec5c403906154fb65727e7
sentinel-hub_sentinelhub-py;dd27e3608867075b209c2ca997b8041188e3ede7
sentinel-hub_sentinelhub-py;dd3cf9ec47176231b84d49e28aeb7c24e99124c0
sentinel-hub_sentinelhub-py;dd67d2d479140ce16f6614b12aad0588ad3873d5
sentinel-hub_sentinelhub-py;dd77ddbf1949ae82a9c88981d1e034746e87bb95
sentinel-hub_sentinelhub-py;ddb8c9431906754d4b527a25685e9650c34a414e
sentinel-hub_sentinelhub-py;ddf595623c4b72578057194994c3cf27415560b0
sentinel-hub_sentinelhub-py;de16389228946e1bce4176e8e335491ec4ea8ed9
sentinel-hub_sentinelhub-py;de192f54f4d435c8891022fcb9d4bcdf12526b75
sentinel-hub_sentinelhub-py;de44d7b37826d9bfb8821e0d513417c3db7f86fc
sentinel-hub_sentinelhub-py;de58784a884a34854525b35ea8dc471c85156305
sentinel-hub_sentinelhub-py;de671070832110629198d2b1cc17c495aebd2f81
sentinel-hub_sentinelhub-py;deb60c1d044cead1d81db5a21ec98c390ed4abcc
sentinel-hub_sentinelhub-py;dec972968bb502f5d5ac78dc1d50d48d24a35d84
sentinel-hub_sentinelhub-py;df17608f861635df6c5cde2fda79d68ede367d42
sentinel-hub_sentinelhub-py;df2bbee8da09b0a24980e7daf05510dbc7a373bd
sentinel-hub_sentinelhub-py;df30b8a0eb5634e438870de856f18525fd550063
sentinel-hub_sentinelhub-py;df3286e22d9e8e7d88fb6ff7ea899995969fda5d
sentinel-hub_sentinelhub-py;df73e598310d07e8098989439e6bc0cf9f45b171
sentinel-hub_sentinelhub-py;df827830182e9618d7cd31a21d6889792129f8c5
sentinel-hub_sentinelhub-py;df858d81a6789afa9ab7768e193344e5267f1486
sentinel-hub_sentinelhub-py;df98871c8c0030665a83c3faa7d0967e30b1fa99
sentinel-hub_sentinelhub-py;dfa68996720dace1d78447584540c403d0c90f60
sentinel-hub_sentinelhub-py;dfae4e2ee92e8ddb71632683ee8bc7d32efd09ad
sentinel-hub_sentinelhub-py;dff342728e19acbacbb88516e5fe011b9ba22fdf
sentinel-hub_sentinelhub-py;dffecd6c630130cc49f0a011649a1145d22968fb
sentinel-hub_sentinelhub-py;e01a883341a542b1d5a98c2f780461f56b05ed3f
sentinel-hub_sentinelhub-py;e029ddee55ddde31aff3f7f294d068fdf553dc9c
sentinel-hub_sentinelhub-py;e0569d27795b80ba7c16ff7946a78f3e100570ae
sentinel-hub_sentinelhub-py;e0572d5f9efc99acc3b8c30200c53e6209656efb
sentinel-hub_sentinelhub-py;e06acda4bcc9f888a49f1054d06f395ae0cf923a
sentinel-hub_sentinelhub-py;e0e6bb5f54b43edcba20a77abaf409a58dd0c54f
sentinel-hub_sentinelhub-py;e10213d35e55ebfeffba62d32ab6fb1da3c065b7
sentinel-hub_sentinelhub-py;e10af666f317843698a24fa6566bd0eaa8d4a87d
sentinel-hub_sentinelhub-py;e11e57263fcd576ea515c88086b6de049d4e92b4
sentinel-hub_sentinelhub-py;e12f6f0aad08a390c91421376a7c8ce02a488cc4
sentinel-hub_sentinelhub-py;e154dfaac792609d4c124f2519db46dd00aa30d2
sentinel-hub_sentinelhub-py;e15c7efe04c8324491706c5b57714432a05182af
sentinel-hub_sentinelhub-py;e188f08c1f8e355d79dd6ce50892c04eb84b9122
sentinel-hub_sentinelhub-py;e1b4ee4147615dade59e60b07d3bf653c6bc58b0
sentinel-hub_sentinelhub-py;e1d7746dc174f9aa161519e94f65b05d7aaaec8c
sentinel-hub_sentinelhub-py;e1e87d26bec1cf48e2f7853e93f14f87981404bb
sentinel-hub_sentinelhub-py;e1ee9a887470b40e74069dad022d75afef73c646
sentinel-hub_sentinelhub-py;e2088569f95692969d25ae4f1d5c503b8213ae26
sentinel-hub_sentinelhub-py;e26080ac38675c3bdb9f0a583b656d6308668487
sentinel-hub_sentinelhub-py;e2821920ae5f606006df6d052828c4c4cb21d1a9
sentinel-hub_sentinelhub-py;e284fbefb6679ec10c12d95e768e636339f5cd58
sentinel-hub_sentinelhub-py;e297a2c4c85781745df707eed98a09d81fa32724
sentinel-hub_sentinelhub-py;e2a8865e426985406f595144d7c06276e52d418a
sentinel-hub_sentinelhub-py;e2b542b31d2ad045a8845186afeec8fbe77de72d
sentinel-hub_sentinelhub-py;e2e4eb8d50cf5156d58d0403b43e1efa25639431
sentinel-hub_sentinelhub-py;e30a2ce7fdec0adcbc4c06ea2560a45e832ef093
sentinel-hub_sentinelhub-py;e322494c54b1ed9c850376f337765f88606ea291
sentinel-hub_sentinelhub-py;e33b58d5e9193d2631ba1da4ecaa09498578513e
sentinel-hub_sentinelhub-py;e35c0fac7eaa7a9484918d7897d7fe8013d3ba70
sentinel-hub_sentinelhub-py;e3883678f6dd8051f988c0c4cb76784b5fef07a7
sentinel-hub_sentinelhub-py;e39a495182e7edd3935a0bdb11e991fe4f04009a
sentinel-hub_sentinelhub-py;e3a9add4a9f50c738cbe2718df4208ca0f8e8857
sentinel-hub_sentinelhub-py;e3bad2990aa716a6d77ba57497630e692789efdd
sentinel-hub_sentinelhub-py;e3c645142f01898cd50d52df52fcab2e8b4c2450
sentinel-hub_sentinelhub-py;e4050cfac8b4ac41cbcab6aec4c6f5923020602e
sentinel-hub_sentinelhub-py;e42e2ab513eee9c57d416ec5a1f5548a87828c78
sentinel-hub_sentinelhub-py;e443b1828ab139d62ad87fb622dd15c0b34f5526
sentinel-hub_sentinelhub-py;e458395ba0709ab6ff8e120101a4143cca1fd5cb
sentinel-hub_sentinelhub-py;e4606802e0fd68fb54b886dd82b7c770c70e1e93
sentinel-hub_sentinelhub-py;e46f720addcd03fe29773c3fdc0a95cb9be68b81
sentinel-hub_sentinelhub-py;e49e1d635bd95bf6e72a40924692cf8f5e7d8646
sentinel-hub_sentinelhub-py;e49ff6596f34b3a6a2447cb427909d9af780d3b4
sentinel-hub_sentinelhub-py;e4a3289289beb1f49ee6116639fae071552daeaa
sentinel-hub_sentinelhub-py;e4a686e1fa0c81e2951d5d4f5ae9bc5bc3e42e62
sentinel-hub_sentinelhub-py;e4a95e581259a810592cd3d14dae6a57cdd85809
sentinel-hub_sentinelhub-py;e4c0b2b30da681fffdba927cca3b7331a3f33f6c
sentinel-hub_sentinelhub-py;e4e8df661394d49a64272c5497ec6a23d25c6491
sentinel-hub_sentinelhub-py;e4ecbafcaa93bb6fee4a06d4a07fa79b8e4e1f32
sentinel-hub_sentinelhub-py;e4f93dbc91ba61f2c4cc78a17a1cdce3c81181ea
sentinel-hub_sentinelhub-py;e4f9a3189ac3d28ea2549924bf812b7a4bc70da7
sentinel-hub_sentinelhub-py;e4fb34f5e229fce905f93e2e8167e37651c6130b
sentinel-hub_sentinelhub-py;e53c6281becaf9cea218b331903da88316d0e5ee
sentinel-hub_sentinelhub-py;e57415c1209e640fe270a73d836d9a66496df0fd
sentinel-hub_sentinelhub-py;e58a80fc94596439111183e935762d4a2d7f3ff0
sentinel-hub_sentinelhub-py;e5a0818b393ab74ab67daef2372a98a1614cf446
sentinel-hub_sentinelhub-py;e5f339d8dff819686a8d8ce585f56ff712027be4
sentinel-hub_sentinelhub-py;e620b0e5d4049de8dcaf1520a8ebdc6e13a35d84
sentinel-hub_sentinelhub-py;e62142c9329a480c9cd18985ca3409c928ab9f58
sentinel-hub_sentinelhub-py;e624a883e51ee381a18e471030b165d8e38fdfe7
sentinel-hub_sentinelhub-py;e6427f1015f670e6712b6d5d8812d9e254a607b6
sentinel-hub_sentinelhub-py;e64e7ebd6271fbbd943a377cd95c106e3e3b1e73
sentinel-hub_sentinelhub-py;e67441928806294adc9a53c18cac10e8eec07fc9
sentinel-hub_sentinelhub-py;e6a5298f41b892865b0cf584b954ea4b124f85c6
sentinel-hub_sentinelhub-py;e6e39b48213674ac0099014bc1218ae0d413a3d0
sentinel-hub_sentinelhub-py;e6e8d166a142d3d5a8b035cd0d6f32bd184563d1
sentinel-hub_sentinelhub-py;e6ffb65bbe2be061ad3ef35de781994e581e453e
sentinel-hub_sentinelhub-py;e74178fbb6f26e63388f2bd0839e1039fbd0ca05
sentinel-hub_sentinelhub-py;e74c0aee37e19071012e4f703072686a23b716dd
sentinel-hub_sentinelhub-py;e751cf6681f4128e92a19e6b95d4fc0f77e064c0
sentinel-hub_sentinelhub-py;e75677a7ebe63584d4c6e03afec43c89dfbd3f93
sentinel-hub_sentinelhub-py;e7579995c925dcb52ae6f6f9732ba43aac28578c
sentinel-hub_sentinelhub-py;e7728903cd96214d5a70f941a63933fe656fcde5
sentinel-hub_sentinelhub-py;e7980c992f61f8aace895dac993252e6b1636171
sentinel-hub_sentinelhub-py;e82af9a31e231ec57ac9e80b28b34453f49e9a6a
sentinel-hub_sentinelhub-py;e82be7ab89825119ff4718f471fab07a85be155c
sentinel-hub_sentinelhub-py;e8454bef7e843c8cf2bc97400f96d7b92eb071dc
sentinel-hub_sentinelhub-py;e855e900aede65f6f92d994a69238b2435071279
sentinel-hub_sentinelhub-py;e876f3e6b353bd792b4682221ed66db6916d545c
sentinel-hub_sentinelhub-py;e8856292c01c55b8f3d3a211830e0a3e2a2d4f3d
sentinel-hub_sentinelhub-py;e8a5f327757e84f6e00707bdce02b288dda76be2
sentinel-hub_sentinelhub-py;e8ba61f83790d2ecfcd15f66282f1ccfb2b7317a
sentinel-hub_sentinelhub-py;e8d83cbf2390fcf293e51fb643d5b87a2d38f611
sentinel-hub_sentinelhub-py;e8edf2aeeafe2f65e6be3d341bcdcabd38c017d1
sentinel-hub_sentinelhub-py;e8f42efef55ee88ec572065be46f9d305e50a28a
sentinel-hub_sentinelhub-py;e8fb06b95723ee6d54bfa44513181d81cbb49bca
sentinel-hub_sentinelhub-py;e90c70c36eb87fbac73edbbafd75c0389d96b636
sentinel-hub_sentinelhub-py;e91121262246a58da5dff67a69562b2d7cc3637c
sentinel-hub_sentinelhub-py;e940b158b7c4ac666f2a56aa386916e3463b1c67
sentinel-hub_sentinelhub-py;e94696b9f0e65ccb1f67da73d3e2d8e9d7e00ab6
sentinel-hub_sentinelhub-py;e959a9227f9c5510a5f09302dc0f6962b44b8659
sentinel-hub_sentinelhub-py;e95e430e2eb83baad9c9b1f7fd1a3f19c17f5de2
sentinel-hub_sentinelhub-py;e97bed7f6dced9821e096cbaa23e897e625e39ce
sentinel-hub_sentinelhub-py;e989985ca042994bd8762d87aa9bad2bf2452515
sentinel-hub_sentinelhub-py;e98dd98a8cc7d2e536ae1df46d97437a1a589ce3
sentinel-hub_sentinelhub-py;ea204f50b639e8d55e37ff491ef2292494d3e872
sentinel-hub_sentinelhub-py;ea28053c07ca02aa9460ae26f7e3e487c0bd15e8
sentinel-hub_sentinelhub-py;ea33064ebd2297ccbf597234286375f285f26e72
sentinel-hub_sentinelhub-py;ea4b200857cb1e2581b608329007d098680d0149
sentinel-hub_sentinelhub-py;ea5f9e59fcc0005aa031ef7bd558684725e539eb
sentinel-hub_sentinelhub-py;ea6a7db749cbf1ddd1f0712297ebb7f74218535d
sentinel-hub_sentinelhub-py;ea77b60f2eb359dcf8663d819430858c19ac9f8b
sentinel-hub_sentinelhub-py;eaa65b91767325a287049232c0b6bf34ffd173e7
sentinel-hub_sentinelhub-py;eac73cf433c65b4509b665c9f9732ffc0024e6cc
sentinel-hub_sentinelhub-py;eacae8a4bb06048a302e49a18d8a6bc34341fe34
sentinel-hub_sentinelhub-py;ead909336d4e8880b5f9612d20266fe87486b393
sentinel-hub_sentinelhub-py;eadb91e65d86e6590fde7251fceedf74dd5cbd10
sentinel-hub_sentinelhub-py;eaeb06a791453040cfc318d2842889fb8ed7f236
sentinel-hub_sentinelhub-py;eaf8369733d0432af0aede854edc216ebec24622
sentinel-hub_sentinelhub-py;eb22e4cd3d5229b57828ea1699be9674d3ff5b20
sentinel-hub_sentinelhub-py;eb2699d1fe9974f191369ca82668513cfd8eddd0
sentinel-hub_sentinelhub-py;eb43007602dce7ebc5034a4fdb459ffe5cdb34a4
sentinel-hub_sentinelhub-py;eb60dac5e36a5649d3e74f6382aa1ce0ac414036
sentinel-hub_sentinelhub-py;eb6bee440b5eb8e0ec9e33063b0925cb361cae5c
sentinel-hub_sentinelhub-py;eb8969f82dca1248cd795253004b8e00f3c4f28d
sentinel-hub_sentinelhub-py;eb8ba9a84dbf1473933e4534bbdad186da1ac955
sentinel-hub_sentinelhub-py;eb8f6017ff21583d1eca6bf00a45c177bf74a9b3
sentinel-hub_sentinelhub-py;eb948c55cd8a18f95668dfcfe77a00d0b1d32c9c
sentinel-hub_sentinelhub-py;eb9a82458cbc98db398be418d1d5748f7c0677f7
sentinel-hub_sentinelhub-py;ebc0e340e16e711fcb245e1e1bd707d6a07913ef
sentinel-hub_sentinelhub-py;ebd7f6ee730a03c79e99564936c7a6a127fd97ae
sentinel-hub_sentinelhub-py;ebe0d14e75ca0e2f91c6e41403185534a97d1d9c
sentinel-hub_sentinelhub-py;ebe30c405fe495d955309006c40ff51dab6ddc50
sentinel-hub_sentinelhub-py;ec0d592898e4f09dbb70e1b972bbacb353499286
sentinel-hub_sentinelhub-py;ec81e942548fa8a8046922c6c36c5be07e8aa4d0
sentinel-hub_sentinelhub-py;eca215247019c7fedd3b231bd185def6abc7ccda
sentinel-hub_sentinelhub-py;eca6741c02db8143028221ced5f0098999032e99
sentinel-hub_sentinelhub-py;ecba3cc738901dbf6dbafd4ca4a7d419d128217a
sentinel-hub_sentinelhub-py;ecee3052d7de8c1ac0f0be485f3fa1a2291d552e
sentinel-hub_sentinelhub-py;ecf8c1df4ddebe76a3df22d7966ac84d303f96f5
sentinel-hub_sentinelhub-py;ecf9118b1fac8ce08ac03ad5a5070c351c9a8681
sentinel-hub_sentinelhub-py;ed08cdfc40a4d115490d8bbfb86494f422d38c9c
sentinel-hub_sentinelhub-py;ed19cad8c11fbec7918d9e89cc1aa90d11360840
sentinel-hub_sentinelhub-py;ed2ff0bf27c4c592b892a6f8a80973bba73fd17e
sentinel-hub_sentinelhub-py;ed308a3468faf4299dc78f220a7985ec9bb2eb30
sentinel-hub_sentinelhub-py;ed470b56eb5e522d7d983e00fc498a5601418697
sentinel-hub_sentinelhub-py;ed54efdb85ed250d8552191cc736c4f15da9fa48
sentinel-hub_sentinelhub-py;ed70fa979ca00c0f0d0069e1c86cb548992dbf34
sentinel-hub_sentinelhub-py;ed7a79d904bc3871d4f3a4f1edb9e6e26dfd3797
sentinel-hub_sentinelhub-py;ed886542c63d480387c175ea0a0721245b1c224b
sentinel-hub_sentinelhub-py;edb1f7f95e37e09be512435d592f1dd5fb941a30
sentinel-hub_sentinelhub-py;edceb43e364f5c5b9c457dd147d13ee9c3900b7b
sentinel-hub_sentinelhub-py;ee148c9b1c4fd5c296262f574db2aa70544971ce
sentinel-hub_sentinelhub-py;ee267aca2b11e9b13748e7acab6cb2e6fdde26d7
sentinel-hub_sentinelhub-py;ee40bcf1a4555a2627d007f5dfdeb3867f1479ce
sentinel-hub_sentinelhub-py;ee522fbb7a3e35fb94445ee955e1896de4b4b52a
sentinel-hub_sentinelhub-py;ee7547590fefe83cc63c00dc7b7702496139b96d
sentinel-hub_sentinelhub-py;ee8c194bdb001a14796b1ebbfc9acbcaaa0da110
sentinel-hub_sentinelhub-py;eea4f1432f77cec47c2683a4a9476bf801d1c7af
sentinel-hub_sentinelhub-py;eea8b93daac84fde7e61a20da02b4fb0eb569039
sentinel-hub_sentinelhub-py;eea9838d32a61c0080395e9cbc5a50ef9a5fc92a
sentinel-hub_sentinelhub-py;eece5550c53f8f362248974f02e7f4245740836f
sentinel-hub_sentinelhub-py;ef3af93899a1f8f5a152359f20de6cde3db3765c
sentinel-hub_sentinelhub-py;ef7e39d65dd96fc7b4947e197dc064901863d865
sentinel-hub_sentinelhub-py;ef8215859cc8ccf129c0a4e3a5425e312f553dad
sentinel-hub_sentinelhub-py;ef9be3ed246b59b577abd8c15d29d22b56f5d3fe
sentinel-hub_sentinelhub-py;efa689fbd8c774f6df45333fa258aaf5f4599036
sentinel-hub_sentinelhub-py;efc0ae090f6ae3c963e0ad27bbdd96cc6f04837b
sentinel-hub_sentinelhub-py;f009b1c3c348b26f2cbeadd802b42374dfa6bb8a
sentinel-hub_sentinelhub-py;f0641cca09536b944fba6f81392c9a2e9d05af36
sentinel-hub_sentinelhub-py;f067b48432d37d798935a5e60006216f9009b86d
sentinel-hub_sentinelhub-py;f0986b5b6fa8c1f3f9f2195f02846242b4db1ed4
sentinel-hub_sentinelhub-py;f0b23bbed74ae4196db86070ae0acbed7117fe0b
sentinel-hub_sentinelhub-py;f0e7ad6ca96709d645c91b5c338118e986fb7926
sentinel-hub_sentinelhub-py;f1565c07a28b3b83237b6679f14d40f10f3fb47e
sentinel-hub_sentinelhub-py;f157650c15238065f5e36fd40ac608b52f5ec6d4
sentinel-hub_sentinelhub-py;f1604743ff873b30ffd91a1db32fc047a1c5dacb
sentinel-hub_sentinelhub-py;f167103d82d506822c1053fa147f68a423c39bd8
sentinel-hub_sentinelhub-py;f188c2604b72adf58745768254a673502262729f
sentinel-hub_sentinelhub-py;f1c69e10e961133b1cc860887a0a8c416ff55892
sentinel-hub_sentinelhub-py;f1e6fbe640f0ddeeaa5cb6d9b0f3e322ddd1bb4d
sentinel-hub_sentinelhub-py;f21e394014ce7721e1fa9a829f80b3096d61b15d
sentinel-hub_sentinelhub-py;f22e628d71395abb9b51fa99798bd4de7a2ca6a3
sentinel-hub_sentinelhub-py;f2331d19f71e599111ade42b50e49e878ce1ac50
sentinel-hub_sentinelhub-py;f23d4e95a05be1749d9c749dece86de287562b02
sentinel-hub_sentinelhub-py;f23ef6104509afb57eb5dd8b97b849fd18aa6ce0
sentinel-hub_sentinelhub-py;f2418d7392438f11762b9598ef3ddbf3dbb7f291
sentinel-hub_sentinelhub-py;f25234aeddf71a3fe29da2716a8dd5ecb33c28bc
sentinel-hub_sentinelhub-py;f26fa5555a0006c51a8ec2a56268df0e8155e47b
sentinel-hub_sentinelhub-py;f281141991280dbce2c92a620122b11e2357f835
sentinel-hub_sentinelhub-py;f2b6ef99a7d57e00fbf6122e005d84f57736ab5c
sentinel-hub_sentinelhub-py;f2c395401ab49eeeb48346e3dd010b80a6bde863
sentinel-hub_sentinelhub-py;f2fff6f1608599e8d331563af2d1dd842b84acfb
sentinel-hub_sentinelhub-py;f32dfbea72874e8cb995a9b06a0b88905f08924b
sentinel-hub_sentinelhub-py;f339c07c925dd5c91b45fe0ffb3833653847dfcd
sentinel-hub_sentinelhub-py;f3477c6d909671b32d7538efd97deaecc1b33ead
sentinel-hub_sentinelhub-py;f355ad49e762c059eac38be1fe2d8bed8dbd3187
sentinel-hub_sentinelhub-py;f3752b1cef0fc8d09a702f2fe2dc9d2af497df76
sentinel-hub_sentinelhub-py;f379e4f9d95f750b75e9b838a371a28bd6832e63
sentinel-hub_sentinelhub-py;f37ab6cc9f83d3822fa25f4e80429c0a3b3cb9f6
sentinel-hub_sentinelhub-py;f3809a00a9c817f5c075bec0d89d241295e9aefe
sentinel-hub_sentinelhub-py;f39bc11ac9ec790b271f491fb76f03b74645fe02
sentinel-hub_sentinelhub-py;f3ab507fb8b497fda13c73e37ac9dea41081b021
sentinel-hub_sentinelhub-py;f3af4b25d80eb61490729dd421c2b04cf24be645
sentinel-hub_sentinelhub-py;f3c13fe76a777401064b39dde3b9420b3154ef45
sentinel-hub_sentinelhub-py;f3c9fc18641c145aeab9f52b4d466f7f2c9f86b2
sentinel-hub_sentinelhub-py;f3d85fa0b77007aaea1abb0b097e034318e9b553
sentinel-hub_sentinelhub-py;f3eab42bc3eaeeabe234ca731e22df6edee2e5f1
sentinel-hub_sentinelhub-py;f420262c826d894927f097bc63a5ed9df9d63945
sentinel-hub_sentinelhub-py;f42664f368c0a60223a248b5feb2be51f8a39464
sentinel-hub_sentinelhub-py;f432d8055abc7fc3df603d383e020d6343742563
sentinel-hub_sentinelhub-py;f465b54c6f52235a168313581b57d698688fefa1
sentinel-hub_sentinelhub-py;f49cfe40e8bad110aa48ab0d8c437253402f8a52
sentinel-hub_sentinelhub-py;f4aa6169c88e9cc3831fa4b7f05593eb3a903150
sentinel-hub_sentinelhub-py;f4cce7abc6505b4c4e6287a879cd4dc843127dc6
sentinel-hub_sentinelhub-py;f51eae1f451d65dfce0e0d87881be47f95dd61f0
sentinel-hub_sentinelhub-py;f52f415f8af0d44c0ea8ddf7f3eb98125df4b276
sentinel-hub_sentinelhub-py;f55f91f92c189d027e252752b98375c1223f817a
sentinel-hub_sentinelhub-py;f56dadaa54d1d29a9e68554d118ed908d37e0443
sentinel-hub_sentinelhub-py;f57e8d7f10d9c1d80c76e174199082396a81e49c
sentinel-hub_sentinelhub-py;f5a87a8ab055a26631392da1ab48bd1873e55e75
sentinel-hub_sentinelhub-py;f5ad0f21c8487e8f89e9ea883e5eec23bf7cdaf7
sentinel-hub_sentinelhub-py;f5d3658d632e2379640c67fd4bd2874db60f4d12
sentinel-hub_sentinelhub-py;f5e913e02130861a08758f682a7adffa509e18a7
sentinel-hub_sentinelhub-py;f5eb405078e23a7245da456e69e73b6088364222
sentinel-hub_sentinelhub-py;f600b26928d40e065e1006c9b593a10d5b539802
sentinel-hub_sentinelhub-py;f61a78f838ff1658d77a0d59027837ab8f8161b1
sentinel-hub_sentinelhub-py;f61f20f9d97d10b1657875d64fcb770e3b4928b0
sentinel-hub_sentinelhub-py;f64275041f5469fdbc6e3a5b0fe555f58bd712a3
sentinel-hub_sentinelhub-py;f64713a5b86de5f054dbc4bcfc526c3ad4366688
sentinel-hub_sentinelhub-py;f650edb45f5d5025ef59cd4df6f39cd5d24ddc23
sentinel-hub_sentinelhub-py;f6a949c8bf490a5916f1c91ee25dd929e924914a
sentinel-hub_sentinelhub-py;f6cdc6daa0746786aa11039ddc82c7a62bbf0096
sentinel-hub_sentinelhub-py;f7214a15949a4b7018a0e33dad244ffbd087bea4
sentinel-hub_sentinelhub-py;f72486df2e66ef216ecf0f83e9fed2a8e379308c
sentinel-hub_sentinelhub-py;f72c40b4a345ae06aa3df76e5572125a0a5bf9ab
sentinel-hub_sentinelhub-py;f751c12fd19b98f87230d80edebfdf7b99db6c38
sentinel-hub_sentinelhub-py;f774fcefaee74817c3f603fdcd2b948de0075021
sentinel-hub_sentinelhub-py;f77598aca0be61af44a28be667032185c00c604b
sentinel-hub_sentinelhub-py;f7d6d67efc8b79079d8dd2b48c6ea865f37ff825
sentinel-hub_sentinelhub-py;f803e6a2b19d394110cbb02fd374fa3f3aceb32c
sentinel-hub_sentinelhub-py;f80ae0da89d6a022fb0e078cebb16142c3670635
sentinel-hub_sentinelhub-py;f81b3556b8cc36a6308b6ee2f3d9cc6295154fa0
sentinel-hub_sentinelhub-py;f83abf8914aa725c0ca5ac5e9a8df61fe6a85489
sentinel-hub_sentinelhub-py;f85c36da35febe23e89f7c98b710d2b9fa566107
sentinel-hub_sentinelhub-py;f867ce43b586aa0239d0ebcaf3ecf50c00b4d1e8
sentinel-hub_sentinelhub-py;f89c14aacece6adc2f62076bb44647f8a67fa219
sentinel-hub_sentinelhub-py;f8c24f2598309dfdef1ac90a3245808d53221de9
sentinel-hub_sentinelhub-py;f8dff3ba6e85223bcc49ba5b1718f5ee4884be63
sentinel-hub_sentinelhub-py;f8e5dcab70a2a1dfea6e0fba806eb6a9b7790c72
sentinel-hub_sentinelhub-py;f8ea29c21ec66049d4426267fbcfa5bb2d459a05
sentinel-hub_sentinelhub-py;f8ff0a757dd497ce183a8b4162b1f25d3392bb45
sentinel-hub_sentinelhub-py;f912a6f16a7c8f5152477c17df39fd63b3e43804
sentinel-hub_sentinelhub-py;f93ce61f801753da0032f3bdcd8ae37ded17dd66
sentinel-hub_sentinelhub-py;f98f7d9fcd9d0680fa3910d01a4e808f1eca4265
sentinel-hub_sentinelhub-py;f9a736788e7a43186565604117b6c741269f8cdd
sentinel-hub_sentinelhub-py;f9b5c649e9d7f99371b25c64d4d8f838fdbdf699
sentinel-hub_sentinelhub-py;f9e7415941ee9d3cbb2a2981ed3566b3d49afb5c
sentinel-hub_sentinelhub-py;f9f29c909e15bae2be2768a29c312ed24acda83e
sentinel-hub_sentinelhub-py;fa110ec2cc440f451abbaffad6e9daf3430fe60a
sentinel-hub_sentinelhub-py;fa2cde9d231404d1bbc82025b95e34922b141292
sentinel-hub_sentinelhub-py;fa3ca1098fb5412d4611eed3555d1b2ee7cf1f2a
sentinel-hub_sentinelhub-py;fa68790fa9e82df002f73f0b1f8d136b52f550ed
sentinel-hub_sentinelhub-py;fa6f551fe3bc20735eeff21d931daf7c671d9d64
sentinel-hub_sentinelhub-py;fa8678000359ac66ada574b3d790ef95f82cb948
sentinel-hub_sentinelhub-py;faa2df3eae7ac17d6cee5d57037c7766c54fde1f
sentinel-hub_sentinelhub-py;faf07ee51a56cc2596d81aa7026c7710c699a177
sentinel-hub_sentinelhub-py;fafcfad94129290c2adfe1a4447426f01eb10010
sentinel-hub_sentinelhub-py;fb26122fa99658a0bfed745714581bf169ab4bf1
sentinel-hub_sentinelhub-py;fb287a57e45cbfe7600602a4867d938c6c0df417
sentinel-hub_sentinelhub-py;fb29c2730b6367d45780cf66c3f6997f537eaad0
sentinel-hub_sentinelhub-py;fb2fe70596cd089c70f6b1bc600ab10c7b6c3d05
sentinel-hub_sentinelhub-py;fb3af39cbfbe9006e6c0a9d6b908a5e648f99689
sentinel-hub_sentinelhub-py;fb454180392eb609379d5c2d433699dca4ff7fd0
sentinel-hub_sentinelhub-py;fb56c6fcac3db8bc0629811500d9120de19b7d6b
sentinel-hub_sentinelhub-py;fb6302580482b26df0ee4f9008723aaca0972533
sentinel-hub_sentinelhub-py;fb675ffdbba1f64db39f7e64b7aab9d3784a6ae7
sentinel-hub_sentinelhub-py;fb7f266cf2711ecc0ed8adf9e2d4d79834ed89d6
sentinel-hub_sentinelhub-py;fb83e0f488cd50ab8689399a44858679b58dd9f8
sentinel-hub_sentinelhub-py;fb856fe26710c6658f8f7036eed5f4aad65458d4
sentinel-hub_sentinelhub-py;fba99911a12492c4244abbeabc9283a5a49d72a4
sentinel-hub_sentinelhub-py;fbe11021c23d3499bd956797f9a2c90302132972
sentinel-hub_sentinelhub-py;fbe39a2ca2dc9c10585546ebc8f3ab7cd82eecaa
sentinel-hub_sentinelhub-py;fbea20c5514b17a5b45db6bc2eeb992599d33290
sentinel-hub_sentinelhub-py;fc35f6371e9b38d5deda55595e6b57af0d2e9657
sentinel-hub_sentinelhub-py;fcb331fd72d6bd1b0c537321b385d27237a2a970
sentinel-hub_sentinelhub-py;fcc7ab43598b88b9cdb8bb7a25c1238c1d3ffefa
sentinel-hub_sentinelhub-py;fcd5247c284e887acad28eae3a1e6c0a03fa8c7b
sentinel-hub_sentinelhub-py;fd1ecb23f5889ed771be98494abebf391df4d14e
sentinel-hub_sentinelhub-py;fd3222a8e6f3db2e3eca1c66ecc28c8c1f1e66b1
sentinel-hub_sentinelhub-py;fd670a81041f53b8da77a6dead1b06c11d21fadb
sentinel-hub_sentinelhub-py;fd7fa0ed8120cebf6492894ed322bbbf98b0ce40
sentinel-hub_sentinelhub-py;fd8e84d86aed878078a4a9906cd9c4f545685318
sentinel-hub_sentinelhub-py;fd911aa647facc39c8b7e160fb55d7e656ab12a6
sentinel-hub_sentinelhub-py;fda7fa0cc9e56eaf00001e36f0b4166bf9bf36df
sentinel-hub_sentinelhub-py;fdb275ccc61274785101dbd1fa393c685a27cf89
sentinel-hub_sentinelhub-py;fdd833370a94291579c5d4d0489514b401d01bab
sentinel-hub_sentinelhub-py;fde0d46a66dc7f259c2182cbb5adbaf256db2c36
sentinel-hub_sentinelhub-py;fdef52c466ba2d335859ac9fbbbef7315e132acc
sentinel-hub_sentinelhub-py;fe20e677810665ffd84d2eefb57390e3018b94b0
sentinel-hub_sentinelhub-py;fe37e7d061efbd20daebed6d5754678ee4556ed3
sentinel-hub_sentinelhub-py;fe4d04e86ad84ff13308b69303f11088f8c71441
sentinel-hub_sentinelhub-py;fe5db591d116673c1ea94f176b01d8f22e7545c6
sentinel-hub_sentinelhub-py;fe5e971c9552188d83d956b11db1bf35aa0a43c8
sentinel-hub_sentinelhub-py;fe6b8c20689092582756dddcc7c6493c898244f1
sentinel-hub_sentinelhub-py;fea0162968732c241a3c8d9ffe3eadb1e9d83ca9
sentinel-hub_sentinelhub-py;fead6499a13f8d4e613c4b9de854f03140cc3eeb
sentinel-hub_sentinelhub-py;fead9825fb2eb9a2319078d614101ba4d3acea85
sentinel-hub_sentinelhub-py;fecdb11066d293ca4044ddad74bc009cafe32531
sentinel-hub_sentinelhub-py;feeade0d257e06cc7354bad7e81dd1e4c4c23150
sentinel-hub_sentinelhub-py;fefe104f0919fcc646456e69be09aaeaa950080e
sentinel-hub_sentinelhub-py;ff424b391886f7e43d614416735b55523fa2727f
sentinel-hub_sentinelhub-py;ff74b6a059f5227d5ed065e5272d9dafe806adf2
sentinel-hub_sentinelhub-py;ff7b9199d29a5894573b39413602440689319248
sentinel-hub_sentinelhub-py;ffb6e35a8acc26eeb476d39ad1071b7bcf46189f
sentinel-hub_sentinelhub-py;ffca658a7ea756416381d829a2122c1cc9c32daa
sentinel-hub_sentinelhub-py;ffcd930ce371f83aa40de095ef293f5fffebf6c3
sentinel-hub_sentinelhub-py;ffd9c843fcbc3df29152c8c1b3dfb9616216f674
sentinel-hub_sentinelhub-py;ffed1af7ba19da68d73c6bafa79d777be6ff557a
grimbough_rhdf5lib;0100ea757dcbb366107f8fb29d4d7e184d88ec59
grimbough_rhdf5lib;011ecd1570da4b30f592f16fd300f1cb286fc38c
grimbough_rhdf5lib;0321377eb26d70f678ebde68397d6f0f29acaf33
grimbough_rhdf5lib;0349e1953bc6abc39cd425bbaaab802f998bbac6
grimbough_rhdf5lib;03d64218c5eb4db210eb0da426f1210c31b649fc
grimbough_rhdf5lib;04fdbb429d09e742d7d5981ae143cd3840b585d2
grimbough_rhdf5lib;05713c50da059c80d4148cee9c91087e3d1030d7
grimbough_rhdf5lib;05b679a411ce3988c0a90c2f54c5323bcd43013d
grimbough_rhdf5lib;05d4aabeb63ff409ac7c27f0ea74819c391374bf
grimbough_rhdf5lib;05dee6598bef0e8b0098e5059674735cad9bc460
grimbough_rhdf5lib;05f488d49b979f3e6d7c9f7c2e7680027af07a4b
grimbough_rhdf5lib;066b5c99cb53f1e8aa5b6447952a4ba19cea9369
grimbough_rhdf5lib;068c9bee3d64549d51ac0531ce1a573cd1c6bfc0
grimbough_rhdf5lib;0697dcd87dd6243726aa987d9b59bad58ad2a846
grimbough_rhdf5lib;0831333970db206f73c669aed8efa038406ddeff
grimbough_rhdf5lib;0913358824e748dfab77065c218e4ab308e4ff11
grimbough_rhdf5lib;094121a28e823cea66a6895e4e29eaca95837f93
grimbough_rhdf5lib;09cd3d017d0a196e51eb0dcf1a42cde708130184
grimbough_rhdf5lib;09d70f43093d023e16f4fd39e7a8c5e68e3f5923
grimbough_rhdf5lib;0a56f0439a0783deff92657ebbe81258d28af897
grimbough_rhdf5lib;0a71553ce5da07871592107038b6f778eccbf35f
grimbough_rhdf5lib;0be44bc5c76c25f0528a273fdea088283952a275
grimbough_rhdf5lib;0c3bf221deb075ed2ad257bec66786b21cf3e03e
grimbough_rhdf5lib;0cbd9ade775a30c7585d1b1654021cb49f494c24
grimbough_rhdf5lib;0cd34a62fe493e82292552b69dd55ded0dfee99a
grimbough_rhdf5lib;0df744733a50d739d6a1d1c21be29e9940b710d4
grimbough_rhdf5lib;0e8eaa0bc353578f03560043dba5279b0c3352e8
grimbough_rhdf5lib;0ee63c9a49410360536233cb92716a1f53d1550d
grimbough_rhdf5lib;0f46f9e81c33edbaed52bbc95ec042c8d47de35a
grimbough_rhdf5lib;0ff152d5d35d1e2c28ee8166fc20904b77d048fb
grimbough_rhdf5lib;10943b30b399e9fe5cf09c5bc4f260ffa0417ec4
grimbough_rhdf5lib;10a05246acbc495a45431271c3dc30e815105354
grimbough_rhdf5lib;10a0a7d4fadae37f11592efae7d0582d6d12bd22
grimbough_rhdf5lib;11714e8da421e77f7ea06a55f78bad41d9ea45ea
grimbough_rhdf5lib;11a538b8db0d66e0ccd3bc3969dbadca8b27271f
grimbough_rhdf5lib;13ec08d7469b071dc591fabe5b0bdcbbdc328204
grimbough_rhdf5lib;141af4444a332dfa84ea94eb4e0a9dca29022b3d
grimbough_rhdf5lib;144e8ae8f7262833afc03a0ab8bdce848e1626fe
grimbough_rhdf5lib;146afea721cb8a66d38d346333210874eb801560
grimbough_rhdf5lib;14d3e77bb9583f1cbe797a6a79cc4ea86e367231
grimbough_rhdf5lib;15021ffdc081edc17e44ed7ab491bc11dadc7cb9
grimbough_rhdf5lib;1527b3fcd913d477a7372a560b747f73146b6343
grimbough_rhdf5lib;1528c1c8c95b7c65d3ea7df946eb837a168419e8
grimbough_rhdf5lib;158b0aa3637de14db6e937b6c1f416d8cc102ab8
grimbough_rhdf5lib;15fa3867312692c80f783d589c783f96beb8d718
grimbough_rhdf5lib;169be7b496aa63977c57d7d201cb825c07a83d58
grimbough_rhdf5lib;16d91c4cedfd7b0618662ee16badc1d24459c8b4
grimbough_rhdf5lib;1706c625cfc76b7a230e5d6d62a832f5c60b0bc2
grimbough_rhdf5lib;1741ead0865580ab487a7f5e83ead376e544bc37
grimbough_rhdf5lib;175c74c6efd19cae0f8523e2815040336c6e20a3
grimbough_rhdf5lib;17c36f3e8c4f39b8d3f9a7abf59bf755d3266c39
grimbough_rhdf5lib;18bbcaa95756ed0ff9da4b1781d5b4235ecd04ea
grimbough_rhdf5lib;18d24aa1f16635ba55bc1cd9aad581a376fb2510
grimbough_rhdf5lib;191d9aaf5d7cd028beffd85e7455fc389df66fae
grimbough_rhdf5lib;1954e5c728dc1f91c6a3b111fa62523d18e8786c
grimbough_rhdf5lib;1a1a86e7ace1c7e2dda25f9ac976d075a06c2e82
grimbough_rhdf5lib;1a2e4c682c81f1aaf68284707c34130c935de83a
grimbough_rhdf5lib;1a3a35f88dfc92a30eafa44e80e17ccc4d07cb21
grimbough_rhdf5lib;1a6b36c0cf75a4ba2d64da02dce8376d07fa663e
grimbough_rhdf5lib;1b05e979a095d17a792be5868573776e1b69a9aa
grimbough_rhdf5lib;1cfc610ab16227015fdd96a63b972580f510ced8
grimbough_rhdf5lib;1d06dea009775ebc559e2e09adcbd71177ccdc4e
grimbough_rhdf5lib;1d49d04c54428ad1e3b48710fc266a2645478a1d
grimbough_rhdf5lib;1f477b10bbbcf2c37e5984c1f73d74152fd523bd
grimbough_rhdf5lib;1f771273f9425ccb0620109def02e7c0c783c9ff
grimbough_rhdf5lib;1fe31e7ad0c563a07f51990d4cef8dbab4f3577a
grimbough_rhdf5lib;2044161279154fa554d87698bfce199343907f41
grimbough_rhdf5lib;20dd6887f76542154aa0d414c7b3428d9c83231e
grimbough_rhdf5lib;21616552d3216473232083b2de80baf34b23f74d
grimbough_rhdf5lib;21a9ae5ea8623131fe10bb786327130ffc7b0137
grimbough_rhdf5lib;21c5af9ecc362b6a39f7695f9116fc5174b3e37e
grimbough_rhdf5lib;21d4092694dd3c0b5d70f9472a04adecc7ee8fbb
grimbough_rhdf5lib;21e8cf1070a8f8adb116ff16f9a210de0c334a4e
grimbough_rhdf5lib;23c752ec19efca71dc4d8db78666103d85635eb7
grimbough_rhdf5lib;23f02d3954a614f7e7699726ff91ffcc4d84e44d
grimbough_rhdf5lib;23f2e79ace98ae3ef47ac3d7460cb0ab9573dcf3
grimbough_rhdf5lib;24823db15bb9b40035f474cebcd4297ab6672e6d
grimbough_rhdf5lib;24f8a6606264d62faa6260c641f636eb62439cf0
grimbough_rhdf5lib;25b4c51f708fc5c7a9b554cf0f54bc18995eb7b6
grimbough_rhdf5lib;25c092ba195da79ac3917eaa79eed470f7bac67a
grimbough_rhdf5lib;267f623eb97a3104705490f0980668dd9aa5f782
grimbough_rhdf5lib;26c4f34f0f124919cbd3170a77907b5db4b56f12
grimbough_rhdf5lib;279554f86b988194761b30f497e0817a84f70d76
grimbough_rhdf5lib;27a50f8db2c31ae59764ea8f8482d45bf121cfef
grimbough_rhdf5lib;280f34bb509cef44a2ceab0eef3f9c2714079d17
grimbough_rhdf5lib;283de8c40c9224059143bfb493cbf19fed77c861
grimbough_rhdf5lib;28b3cc348596ff1cac919354cb9cbb4fd793977e
grimbough_rhdf5lib;29a2eb4d4c5f30a1b9f413d79b98de31c5f8104c
grimbough_rhdf5lib;29cb4e04c0ee2812356d6f18adfef7f209aad540
grimbough_rhdf5lib;29cc73b92813649b6883291836998ea6b9f59d81
grimbough_rhdf5lib;29dfb76f6df0bb517fe071c28ac502b6d45d73f2
grimbough_rhdf5lib;2a8651bc52a59aa852e49433c08cf461a41bad2f
grimbough_rhdf5lib;2b657c70f4beebfeb241ed6f5c6578bb2c21ab18
grimbough_rhdf5lib;2bf06b364e8d478549b07a298eaf60177a050dc9
grimbough_rhdf5lib;2c02c8ed1d4162c61263b0bbacb5081613fcd116
grimbough_rhdf5lib;2c1feb9e4bb50c332c60d35b440b9fc05ac96587
grimbough_rhdf5lib;2e4ac5a98397ebe40e1fdec1c8aa8be78009caf9
grimbough_rhdf5lib;2ea81c03887ff087148db6f01ca45a1abf03ab55
grimbough_rhdf5lib;2fc8f8642f29c97488f9c64876b57ce57bc1a637
grimbough_rhdf5lib;2ffcbecc12f219f26ff313097c29d62ac77b1256
grimbough_rhdf5lib;30d5009f83a465c5263580b9fc94951c5bbcb0e0
grimbough_rhdf5lib;318bc65dbc220685be2e37d7629fbff253f04df4
grimbough_rhdf5lib;33a1e37376b01245e499e34caa83541bd984a522
grimbough_rhdf5lib;34302908a6162b98fd6525708561b4cca3e9415e
grimbough_rhdf5lib;347b76af77739ff64a4fde0223fa1c91393785d5
grimbough_rhdf5lib;351bda2d4e05bd845f6d270fc2e0a014818ba722
grimbough_rhdf5lib;352e7572fb7ba32f8f18ce6e6728d85928f378df
grimbough_rhdf5lib;353942892983e86fb8477b989fd259c964654a51
grimbough_rhdf5lib;35d7aef25f8edec912a5abdf4d6338bbec9f587e
grimbough_rhdf5lib;3622480ec7dfb361aa5d76ec956981db2873b029
grimbough_rhdf5lib;3622526251f95c6f72e0e5c4964c7c5b5166c29a
grimbough_rhdf5lib;365ae8cb3dd07a5a5d103a51793478b268e9070a
grimbough_rhdf5lib;36cceccc5818b4d2783acb09aa07e3583175bd42
grimbough_rhdf5lib;37107bf900d91d95f0f4ef10176b6a4e372012b5
grimbough_rhdf5lib;37bb9cf246c379e769cdb56909f6b79b07bf91f7
grimbough_rhdf5lib;38d4e1676cb59a473382340b9154723701394c7b
grimbough_rhdf5lib;38e770337f149b0bcf913f99e7ce481d9f3e76d4
grimbough_rhdf5lib;3902f8f04f3ee11233b0853bff1b271440484223
grimbough_rhdf5lib;39d1763973acd9f5c0322b8687ff3f8442d116ef
grimbough_rhdf5lib;3a39c51ea942db13e7de4666bee366d4ea64fd61
grimbough_rhdf5lib;3a5862bac39009a83304dd69a4205ff8007ad79c
grimbough_rhdf5lib;3a8b1c6d9f6fc81dc1f32d2c10f0fe5ceceea478
grimbough_rhdf5lib;3ab53dd70b25eb4943af29b146aabd7cdbf6d39d
grimbough_rhdf5lib;3b84a00ff3b4a0dcca39802dc465dad6a449ec33
grimbough_rhdf5lib;3c8665b0ae569ba7d287d2aa3bc7291927619342
grimbough_rhdf5lib;3deded27dc97c2617ce965d2d70d6c2fba6bd608
grimbough_rhdf5lib;3e5b9f3b75385b47c2cebc7a42dd555c17ab84ef
grimbough_rhdf5lib;3e5d9e5d682f7567db2d38a99e62c4ac9afb8b09
grimbough_rhdf5lib;3e8db28499e83f98a88250dbfbd9193be93ced8b
grimbough_rhdf5lib;3e988bfd6db3133fe6b63507f88ddc4b3791bc66
grimbough_rhdf5lib;3f7e7c3a55053b15ece793b05cb8f8e5eb017d41
grimbough_rhdf5lib;3f9bd13267093406be5babd2805e27f61c556fd6
grimbough_rhdf5lib;406d49f4f7c8e2a3fd2b66b22a536cd2abf458a9
grimbough_rhdf5lib;415421d7e8a0efbf2d8a439b057aab017b0f3e33
grimbough_rhdf5lib;427890f5e0f92a6d0f2a6f57b531ca943a2547b2
grimbough_rhdf5lib;43b8c58e210eb197971d824b66a6e33474928a63
grimbough_rhdf5lib;44581fbe7e1a8bf85f6836c56fdd2d50d640a02d
grimbough_rhdf5lib;449eb96d5ceb3ed5d11c7aa8c9a89cddb8475d12
grimbough_rhdf5lib;44bff5886aa914a94a4e9914d216ba9af61a87c7
grimbough_rhdf5lib;45246e953cb00f5707c70fc89696def0f889a58e
grimbough_rhdf5lib;45448068fa8a7ade2d10ec9f4a09e159af7c7fff
grimbough_rhdf5lib;464d04e502ceaa16175b73c1fc76e83a65490647
grimbough_rhdf5lib;46cdceb4ad0de2211d992e737cd9252d195c00aa
grimbough_rhdf5lib;46e21c6c98a86e4df70b23a676b588967b7e5be2
grimbough_rhdf5lib;48b04f6acf8a4b7dca04332c94e171d1dc1c8253
grimbough_rhdf5lib;48ffe67888cc85ebf1a576ba0e83e5b4333d8a53
grimbough_rhdf5lib;49e05b7519169e74c52c78872248688c23f46c15
grimbough_rhdf5lib;4a17925d5bc014df01a5987f6bef1483a6955044
grimbough_rhdf5lib;4a35c1045d4ecea9f0f2886df37a93818792b4f1
grimbough_rhdf5lib;4ae161e4feb9f904e7471456c2e3cdfc8e26939e
grimbough_rhdf5lib;4b0847837d2765e25f8af3d7ac922436883ef728
grimbough_rhdf5lib;4b408ca12da57342a85d4edf40005a8765d70569
grimbough_rhdf5lib;4b8cb3e7aa8b7901f470f9c16aef35b7e36b3b95
grimbough_rhdf5lib;4b93660b03c735c5589ea0093895b19c3ea8438f
grimbough_rhdf5lib;4ba0c033fab1c3e6939d606f2e8e5a7a501d71ca
grimbough_rhdf5lib;4bb7760c31fd46c786564810d901515e6d50af49
grimbough_rhdf5lib;4c0499a896f31cb820309a4e5ab3e3954ac52ec4
grimbough_rhdf5lib;4d2e568b8bbbfbfc496773eb306ff9110ce4f6f4
grimbough_rhdf5lib;4e0d07147aad1355809777a0f2891e39fd7fd731
grimbough_rhdf5lib;4e83860b191f00dfb65dccf1c913ae8236cde007
grimbough_rhdf5lib;4ee7a1cac1a24b148ec1676c535418c830999171
grimbough_rhdf5lib;4f954ff9f68992fa0442c9ecb59a1337c7131fcd
grimbough_rhdf5lib;4ff36b75267ae3afb83273e51c6419878f96635b
grimbough_rhdf5lib;500fdf6714e577eec0b3b9878fcc4576f6c34181
grimbough_rhdf5lib;511632077dea4150cbf49e79323634cd3170415b
grimbough_rhdf5lib;51253447408e8a223a2a080e8a1ccb3cec60180f
grimbough_rhdf5lib;51470ef7bf9d5731829abc43aa8dc415f6a6b4ff
grimbough_rhdf5lib;525b92016a433aec440b8142f81b2069dfc3285b
grimbough_rhdf5lib;52e223f7f6e5627bf826b155b27ad7498a5575d8
grimbough_rhdf5lib;534c49705dbdb27ae0c564acff2c72df2b27b3f1
grimbough_rhdf5lib;54836d4a630150898a3559762ce2191cb3bbb6aa
grimbough_rhdf5lib;54f032bfb60638ccdc1ea43cf670076d2a87a505
grimbough_rhdf5lib;552ccd23297f3e3df757fc34977995d810a5a60d
grimbough_rhdf5lib;567355f6cdabac8822f58fea57d68937b6f30245
grimbough_rhdf5lib;56c1624623df31781eb043e39f21478f49e53eb5
grimbough_rhdf5lib;56ee8f9d3df4d5e82ad5e079228e3668113c7bb5
grimbough_rhdf5lib;593720e30926873a2ef04f9be791f3e2cc6bd720
grimbough_rhdf5lib;595045bfaf09dbf1384be6d90eef247b2114a2db
grimbough_rhdf5lib;59b1208aaae5c66d5d19ce04119766220158cd91
grimbough_rhdf5lib;59c8299c6f9b27b27f56f198ae4412324d98f227
grimbough_rhdf5lib;59fce7c892a2c0843c58ba620f67fdb446cb0fe2
grimbough_rhdf5lib;5a28083958d686b70f4c5181c41591f1912052e2
grimbough_rhdf5lib;5a6eaaeac20c7c5051ae83fa6aa4edbd5d1f72a8
grimbough_rhdf5lib;5b3fc67e209c66c5321015866046fbccff55e6b4
grimbough_rhdf5lib;5ba24a32241d826a11d3db16ba167c57a53273a5
grimbough_rhdf5lib;5d713237ff4ddfd230a0a911d6ff657ea1cb1daa
grimbough_rhdf5lib;5e0ccbb5d161d3033f8fdd04739d5ed545cb3178
grimbough_rhdf5lib;5f3196fe53e15d281df26152d86562422c7f7175
grimbough_rhdf5lib;5f745cc1c3dfc2dd32fe567118c757aa1fa40783
grimbough_rhdf5lib;60e3058a197735367848aa9b3d9229ccb0980417
grimbough_rhdf5lib;61119eca932d17b675df096a603b9a604dfe1bf0
grimbough_rhdf5lib;6148d8554e777a2319cf6a9a213d29a69e77cba1
grimbough_rhdf5lib;614dc0c73ec014e7075ed4a58ecb15e5e4fb6008
grimbough_rhdf5lib;61ddcabf1fceb9b6f55ae0027f476c0d7396673f
grimbough_rhdf5lib;62342111d99a573bb4f86ff0f7226566e07a0909
grimbough_rhdf5lib;6267ecec449e3d002556d0dcdf87a0c140f20cc3
grimbough_rhdf5lib;62aa71fdb68ea9424914045093aaa459fffc4732
grimbough_rhdf5lib;62cc70abab2b28f2fa34e8f92649297a17a8948a
grimbough_rhdf5lib;63abba0199408d5686bb846c08cd932ccb4bcad2
grimbough_rhdf5lib;6581de4d35a7515d72049a956d54e8e2b5366e81
grimbough_rhdf5lib;65a78ed0fc988b66618aa44fe2c89ef931ddb95f
grimbough_rhdf5lib;65b03faa1fb67e7224de880ad041b01c5eb3fa65
grimbough_rhdf5lib;661bfe736546ad554ebd1f88a13230ea81eaa06e
grimbough_rhdf5lib;664f77ea620d18a3bbb61608d19e93da322de7b3
grimbough_rhdf5lib;68792edc41c776cda20d50f87a1a0ac3e3a187aa
grimbough_rhdf5lib;68e7c1c298aa13540c83b3a9369e114bb8849696
grimbough_rhdf5lib;698492e18cff69f98adfe92dcc071492fb130ab5
grimbough_rhdf5lib;698fad55b3d6d395ee6eeae62e535a774816f856
grimbough_rhdf5lib;6a16628e8a1c1acad419f26bc96f0263673f4b80
grimbough_rhdf5lib;6bb92ac5cb47b51e9ef57a20e4a3a0b4e8362eeb
grimbough_rhdf5lib;6bc8ccb689a6fbaca662e0eab6ca6c1c072ba154
grimbough_rhdf5lib;6bef8cfa6e152e0f10f434bc859d6c315472eebe
grimbough_rhdf5lib;6d5d4d8ebae6285811c4f721380f64fae6f00c46
grimbough_rhdf5lib;6d5ed7f57cd3ac910b45f618d42cb3261024aa6c
grimbough_rhdf5lib;6dc3af938e0e30ff44cc71105f8c90d1ce7f35b7
grimbough_rhdf5lib;6e42131280e8c6e661a9641896fdc0a7d68822f7
grimbough_rhdf5lib;6f09c5d443a0f1753869e222431e1fcc5fedd155
grimbough_rhdf5lib;6f458fe913147ef42b79ac91133bb856c12c9129
grimbough_rhdf5lib;6f5b4cdf8d11e4422035d2a0525d380bcda408a2
grimbough_rhdf5lib;6f760a76d887b559ae1c2f551ca1052b563311e0
grimbough_rhdf5lib;6fde33e3107d30cf87e7db013cccd57d3b21818f
grimbough_rhdf5lib;713b1e3a835b084dd772dfbd80b7baecc6d43712
grimbough_rhdf5lib;71fe678efb1ec8ce4568470491b73cb7314a3357
grimbough_rhdf5lib;724684d2fe590a89c2f9e4d614f37f73e6bb6c13
grimbough_rhdf5lib;7263b505eb1f25bafff86f9d530e5b27011cdf89
grimbough_rhdf5lib;72c12df46000d525a3a0d26142ff9fe97b348088
grimbough_rhdf5lib;7322d566e85ccef6d43a40f7a59962ed85c8af53
grimbough_rhdf5lib;7374b644bf75d7c006a4f9f41370d35c81ffabfc
grimbough_rhdf5lib;73985381fd8b10d5f660c3a8977e866e06d2a993
grimbough_rhdf5lib;743c6f3f6343bdeddc7ef56c3a63312d9bf224e2
grimbough_rhdf5lib;745809b756e71e0e8f785844c0ccd24551463ee0
grimbough_rhdf5lib;760679995f17996a9de328cf7a8bcaa6c87286d4
grimbough_rhdf5lib;7625d5bedfa9a7f6f36581de85b8843d8c420066
grimbough_rhdf5lib;767bdfd78cc7dee09116d106756f13c9112aed10
grimbough_rhdf5lib;76dc15ccb494a649c04d1f2033a0662453b72bc6
grimbough_rhdf5lib;775d4cb6e0bcf7d1c57aa5db76140d80e84aa8c4
grimbough_rhdf5lib;77e4668fdf594601f8a62afe4b00d794556ccda3
grimbough_rhdf5lib;77ec4c64fcde931dfbcd16cd7cffbc4339505a4c
grimbough_rhdf5lib;78f34770d185b9c849c606a8efeab4d72c7fa758
grimbough_rhdf5lib;79371b83be7407ac0b39a7f1843cd12dc6a027f1
grimbough_rhdf5lib;79608038c2016a518ba747fe6a2bf02ce53a75f9
grimbough_rhdf5lib;79b98a7d39bc0b1a0f23aaa6e8314a7b7c34320d
grimbough_rhdf5lib;7a5fdb1e521a3e89598c0189b3880adc647a7a9d
grimbough_rhdf5lib;7ab92040dd8451587a3af26de6f50ad2b4da83d4
grimbough_rhdf5lib;7acc8c7da0e7460b38ee936b4dadea1514d2d354
grimbough_rhdf5lib;7b411e1478e43ebfe0ca201c5b8c12640bd9e18d
grimbough_rhdf5lib;7b6a0b4e2985b317ae78a3ebfa9b92e4fe765017
grimbough_rhdf5lib;7c5c5497aecc513404eceda134b9bc126df5108a
grimbough_rhdf5lib;7c5e9c654210f5d083f554465013d13f0388fe0d
grimbough_rhdf5lib;7db99a25fc4f064629436d6f8cf572bac8143524
grimbough_rhdf5lib;7dd608c198380efeb4647419d09f91edb29ab95d
grimbough_rhdf5lib;7e6390326d03b302a9cbb753ccb8566eebfabcbd
grimbough_rhdf5lib;7e6957c97a8b63c933f4149cdcfe1bbb35888f07
grimbough_rhdf5lib;7f370349899ec26009aca75edeae27e41c0c9080
grimbough_rhdf5lib;805c3b9435369ad49d6ba74d7a114357ee1f178f
grimbough_rhdf5lib;80a4c4ab3693b5f5537519dbcb94f03b2f1f3604
grimbough_rhdf5lib;80ad689210dc57de98cffae8cbb4e232a0ac1030
grimbough_rhdf5lib;81109922619bdfd9e1786ee5a0f514367f25363c
grimbough_rhdf5lib;81adf8e86f6435557e8785ab14fba4e216b82389
grimbough_rhdf5lib;8293f228653930b6ec859b9422c53696f2fbe182
grimbough_rhdf5lib;83c609e651cf6a40ed53700d980af976708350f3
grimbough_rhdf5lib;83ec63a7429693889fef328820dde07b0af0c1e1
grimbough_rhdf5lib;8400cb2dff33c1cc6bb44d901e0b301ec75753ee
grimbough_rhdf5lib;848bfa9d18be662f8c02655742a5c2038e7a2734
grimbough_rhdf5lib;84f4182a4688866c9b8e7912e8dac7139129cebf
grimbough_rhdf5lib;852aa0fc290c92a643112f0478c2772b507ad734
grimbough_rhdf5lib;8599d4ba12d781cf4883accf4eb6632de6000c8c
grimbough_rhdf5lib;8602cfc79d4ada0701302d3ee3803d7549afdc8f
grimbough_rhdf5lib;871e650de463cfb38b3bee150430d13afee1b7ca
grimbough_rhdf5lib;873fed95504479a421f1c1982df4303f016fa040
grimbough_rhdf5lib;8799fb0c0a7a867ea261911565979649b8f839e3
grimbough_rhdf5lib;8804a01fb39b5d0a1cbeff3423be254bd17d66de
grimbough_rhdf5lib;89a19cccfad6394ede764d6238ffe89bb2e0c65d
grimbough_rhdf5lib;8b5342e4dd09ff935094e5a73d66be4258ed3525
grimbough_rhdf5lib;8cd3c053d52d5c95e5c9d5ee32a4ee04e4b81739
grimbough_rhdf5lib;8cd8613161daa0d7c04d91cc56b98f7db57f51ab
grimbough_rhdf5lib;8d1570b2b20060112355a12ebb46ed574eb3f68e
grimbough_rhdf5lib;8d5d948db9f4491678419f9dd63c68fbac92b8ad
grimbough_rhdf5lib;8e2e837805c59799a852df5e4289e9f48501285d
grimbough_rhdf5lib;8f746db5d37273b8fe36e5a43001e90593674da4
grimbough_rhdf5lib;9142e4b11a6cfd65046a3d71a34741eb1ce3cffa
grimbough_rhdf5lib;91f779ea856335a80ad1564f34105e0195cfb730
grimbough_rhdf5lib;937af2c64e5e3fe322d59eb956eced9f687ce3bc
grimbough_rhdf5lib;943693048c6fa3c9a9ddbcb5b4911fbbeb8091dd
grimbough_rhdf5lib;94731ee27a691a8eeb5e718405472dfc589b9403
grimbough_rhdf5lib;9484fe69bda9a5cc850bef44c0d66b4e02a44195
grimbough_rhdf5lib;9755392be030de6749f3c34ced23367cf936b00a
grimbough_rhdf5lib;976f6ede8cf1e48e7fd76da400a846ea72185242
grimbough_rhdf5lib;9798bd3636833124e529cdcc3c506e4567aad7ff
grimbough_rhdf5lib;9899e04b218862dd74125ee14c282e81daa9a828
grimbough_rhdf5lib;98da38559e55fd7e2a6dfe0b403ea6e654d92e8f
grimbough_rhdf5lib;996fd4ebcabb6efd35d561db123c30fd25540ce1
grimbough_rhdf5lib;9a298d42c44a67692e264be46f3f8d8492e49357
grimbough_rhdf5lib;9a7aee72a858e7ef543302d3f5d0adb6d8719c69
grimbough_rhdf5lib;9a9e9b6896ee19c01f3b0454a25eaf59d6bde6c1
grimbough_rhdf5lib;9ad3307442ce230cb6f5cc7dbaeeca8ca3ceaded
grimbough_rhdf5lib;9b94305fe9fc641e058df9257c2ad6b911a99993
grimbough_rhdf5lib;9bf88874a7e65a2207a5d4967202c8da2f73dcc7
grimbough_rhdf5lib;9bfd9ea3d2261c532717d541bcbff83418637e98
grimbough_rhdf5lib;9c5160d70b125340198db8a12a1f663de2482d00
grimbough_rhdf5lib;9cf354336f775ae059b65a1e07c04ff473d40a98
grimbough_rhdf5lib;9cff9d05c9dc8aa08200da1d4d15627108f5114b
grimbough_rhdf5lib;9d8785f7e8e2e73e89b1c75036efc250c53349d0
grimbough_rhdf5lib;9e0d8c09d0d70548dca51632b1b8a844840eca83
grimbough_rhdf5lib;9f5dd4a0d091756f3ba6a70599e360fc5657597e
grimbough_rhdf5lib;9fb74a9e15f8e1fd66c5e5e47e65796ccf23f814
grimbough_rhdf5lib;a09fed0a56f3bd15b87090e2c4493d5a18beda4c
grimbough_rhdf5lib;a0bad693535f27e102f456f5a5b831a8c2963686
grimbough_rhdf5lib;a125a73821a4a03981ffb4553693e76e1825ba60
grimbough_rhdf5lib;a14b764cb392e57292ce42d998c98928130c30ec
grimbough_rhdf5lib;a192e3292c35ed3d4504c11a0f71987f50083f6f
grimbough_rhdf5lib;a26bbda1b5d5cc95c2a17f8c6278b1fec2f8b8c0
grimbough_rhdf5lib;a27197859d4bac74d997f2bba007a50ed221bc8d
grimbough_rhdf5lib;a47151d41b82a55db99e525b5721a3996b6908e9
grimbough_rhdf5lib;a4c9a80e11d017727ce0eb51e24f693cae77e322
grimbough_rhdf5lib;a50859151fa474c94d16134d8c29ace6739ef1fb
grimbough_rhdf5lib;a66d832456aa7e5703e7f11094ba04e2ddc90dea
grimbough_rhdf5lib;a6ca5005774137d4924e2ac3374b30975868b3f3
grimbough_rhdf5lib;a76002744ccfd988f7001ccbf55d270898021343
grimbough_rhdf5lib;a8a89db5c7ba116412527ca528f1d32eb18bc322
grimbough_rhdf5lib;a8b4761da62e81059f8b83528d55d995f1aaa3c3
grimbough_rhdf5lib;a9016d3a2d2a6f103878abfcfdfbc174ef97a50e
grimbough_rhdf5lib;a97262019e6ac86cf04d513147ae6f0ecf3507a7
grimbough_rhdf5lib;a9ca2eede35d72bea339961737604ae60e39b247
grimbough_rhdf5lib;a9df117c7796a8a79d5ce73d7e12bac09a87933d
grimbough_rhdf5lib;aa2b5e651a0277ac21317540cc517d7abab312cf
grimbough_rhdf5lib;aac1b91d49b5d37d6fb6bb795abf62690893fd56
grimbough_rhdf5lib;aac6c0688c3c341795176ed6ad14e1b29536a9fb
grimbough_rhdf5lib;ab62b503c4cbe37fc1c400bd911fa3a8b105380a
grimbough_rhdf5lib;ab6af8c491d7416a8cd10a96e6bc7cda6e7da936
grimbough_rhdf5lib;ab9aaea30f4934f101ddcd786a25b14a2711403a
grimbough_rhdf5lib;abaa32b7a334422e5afad6675f87d965b0f6b008
grimbough_rhdf5lib;ac950bc820dca96e8f527395c4b91d113db57889
grimbough_rhdf5lib;ac9ee7ea7ad54bb18b82a7a5bc124a359b8a106b
grimbough_rhdf5lib;acbff6248872c05f43130004d05bb61a29a6e353
grimbough_rhdf5lib;ad1e69821b033e4fd4a9b70e76395ffc428cc68c
grimbough_rhdf5lib;ad609d53b159843add2ccb04763f85324492ed47
grimbough_rhdf5lib;adb4fbbd3caae88f93f8fd345f518cf528ee0b77
grimbough_rhdf5lib;adf9757d8286b0af482b8f2678bbfe2f694f4b1d
grimbough_rhdf5lib;ae3a306682932f2de46683ea414895adfb2ffe9c
grimbough_rhdf5lib;aefc9c92d5b916a2e872e4aba1960ab835c3f7da
grimbough_rhdf5lib;afba431b861a7b5187edeba7c8eb0cd9e7a91314
grimbough_rhdf5lib;b012f918b8b5090781ebd315ebebcb1147fedf0a
grimbough_rhdf5lib;b04b07ff4bf1eb9165a2873130e32ad0f3f3662e
grimbough_rhdf5lib;b04f2722b853b8276cf341eaa6d139967b44102e
grimbough_rhdf5lib;b0d494992e1429059fd03d4e208f83c04a997c8a
grimbough_rhdf5lib;b13c2721184817c13b08ee56162b87d33bb1670f
grimbough_rhdf5lib;b1933d2b05598e0c834c0d7c328160e05800c8a4
grimbough_rhdf5lib;b26071c3caee853ccf7f84e4fe8168accad76c96
grimbough_rhdf5lib;b339d77e356d25ec388a0a99ce3db7914ef9d089
grimbough_rhdf5lib;b3a3aabd2ac41294947df10381c4d8971ad77f4a
grimbough_rhdf5lib;b3d00e6adbd5ea39ddf26050b705a41e7c38020c
grimbough_rhdf5lib;b3e4d1b6ab7c08f3339312d12024d5fe4815edde
grimbough_rhdf5lib;b406adedc325b14f8611031fccf430f98bf4e686
grimbough_rhdf5lib;b572691b15ec3011add95a9334d04f0870d4d0e8
grimbough_rhdf5lib;b5f13744a5a503f431e2df8140e73e3e72dddf76
grimbough_rhdf5lib;b6ef869314b0a79cb886c8704138ddd25c6d5d74
grimbough_rhdf5lib;b70ff53580e3133427381c6abdcdb38913a7031c
grimbough_rhdf5lib;b72044c21722a72aee1e403c69a17d0fd65ee525
grimbough_rhdf5lib;b8b5ff2a9f4f364ea84863a80009c3a8350699b8
grimbough_rhdf5lib;b8ca5475afb1354562b750685d098a3803b6c96a
grimbough_rhdf5lib;bbb2023f1bb243cbab0c7a00104bc040707e9ee4
grimbough_rhdf5lib;bbb83984dff341581e75e0dbd802f0e338810ca0
grimbough_rhdf5lib;bbe36d4e579c23b57f87977042f07ddcb5ef33b5
grimbough_rhdf5lib;bbfe6b55a0cb04fc90d0b3f2f9bedfe3154231c3
grimbough_rhdf5lib;bcb20b5b579e70825c9b458522d8722415681c07
grimbough_rhdf5lib;bcbb82b47c80014fd318da98a01a9eaa5e96e2fe
grimbough_rhdf5lib;bcdc836361bfb24487dfa84378031b3045ce2d98
grimbough_rhdf5lib;bdb5d6b4cf1c4a41ee69ffe5a70ab6de44c6b008
grimbough_rhdf5lib;be77e5a7de681b21d9a3bd11bd1419dfae8604d1
grimbough_rhdf5lib;beff42e95dda339ecd7b45aa9023672c2076f4ff
grimbough_rhdf5lib;bf84801ae195a1863063144dede1decba89beb86
grimbough_rhdf5lib;c03fd441746e4a6dc439f759339f6207b4e0effe
grimbough_rhdf5lib;c14c23d68cdb25306572b1c7b978c99d82b75606
grimbough_rhdf5lib;c177e08e974c201b3558c0aa809819ddfe926a46
grimbough_rhdf5lib;c2254bdfc251e71d6781d0731a25f03ccbd0e466
grimbough_rhdf5lib;c4a55f5001d02a2f44471b759cd2df7021efc799
grimbough_rhdf5lib;c4d5cc57f9fc00664c8b62e2fac5beab1f6a5984
grimbough_rhdf5lib;c64e312d69df8d2c92bbe1b68c48e480c19989f4
grimbough_rhdf5lib;c7385a5ad719ccc2ae8a2ca989af30cb2f2ea38c
grimbough_rhdf5lib;c82f0b6434d80d61fc015c12017c38ab6f9f65ec
grimbough_rhdf5lib;c8788162b39cceec3ac34a74c25d3b2f22b4d73f
grimbough_rhdf5lib;c9da1026d6f2c27dec2fb0ad9404932494d74789
grimbough_rhdf5lib;caeec78d13979ffa58454d67723c6fdd6bcd05a7
grimbough_rhdf5lib;cbbd7f9795fafd899f71e66d9d13e3ea02e6de69
grimbough_rhdf5lib;cbe2a42207d43b715023dfcd77a557409f50a2ee
grimbough_rhdf5lib;cc47c6b1a38bbcca7fb003b1dc1c06feec474c3d
grimbough_rhdf5lib;cc4b417e34150c415635c3054b080564fa307845
grimbough_rhdf5lib;ccacf3c78368c01345588ed4685c0692a70ac29e
grimbough_rhdf5lib;cd622efa82ef9c5b56ba80536aefae6a03012dd7
grimbough_rhdf5lib;cdd9dee0d01a2026cf9442e9bbdc0f9faa90a7fc
grimbough_rhdf5lib;cde66fc824ee2be41bfe0a626e2b663404d43ddc
grimbough_rhdf5lib;cf464f40fd95274d0d351cf28b586c49307c4f0b
grimbough_rhdf5lib;cfdabf96a082411547c31355ed046a1c9fdca134
grimbough_rhdf5lib;d0e5db660df0ea6747abe5367d05d75176621967
grimbough_rhdf5lib;d104bbfdb91ac5ec7db3c453f23e4d1d6feb671f
grimbough_rhdf5lib;d1309fdabadf78415db234b31795c13cb50ea32e
grimbough_rhdf5lib;d1676166f0424ff75380689bd145f61a21e84bf1
grimbough_rhdf5lib;d1820e93e8c94b7229898916738f42886cea664d
grimbough_rhdf5lib;d1866e986bd3b75b482b9562f65cd64042811de1
grimbough_rhdf5lib;d293b0cce3e16a6f13307cdf2a5f1b470d821c9e
grimbough_rhdf5lib;d30d50295a170d1c750dbc053117ae11043a7545
grimbough_rhdf5lib;d3408b6b7031dacbb31df5b27b35434530eb0be8
grimbough_rhdf5lib;d669b59e3ce9ca1305e9752bb045ce9612ad045d
grimbough_rhdf5lib;d6bef58554876e071ecc2d32456a03688bf8e290
grimbough_rhdf5lib;d7c4f89c28e77ad22951e511d3449e66dcfc6836
grimbough_rhdf5lib;d898728651cd6042a410feac865618cc3d6b32ba
grimbough_rhdf5lib;d8b08e1fdc90dc54c7c1468b97f9873217e0458d
grimbough_rhdf5lib;d91b9b7119b361f1a618d84386e22c525fd639fb
grimbough_rhdf5lib;da1ccd132badfe6d801b1e63a377b6c90aafcf09
grimbough_rhdf5lib;da734d2dfbf877d10bcccd7895541ea6bbc308fe
grimbough_rhdf5lib;db3b2f2f18d97438fa90b87efed60e6554fae711
grimbough_rhdf5lib;dba037defcfa155129a375ae382f3246a2f4764c
grimbough_rhdf5lib;dbec92f4c839501a30ef8eca80212375c24884b3
grimbough_rhdf5lib;dc7d3937648b238c9c91558515950fdf88785c76
grimbough_rhdf5lib;dc9648c587dfd27252612b0fde59685e5a2090f3
grimbough_rhdf5lib;dd8a0491fe4fa8b07a813de064dab724eec60407
grimbough_rhdf5lib;dd8c74a37026221f6d2eee7fedd326f2b559f61e
grimbough_rhdf5lib;ddaa1a5cff3fad98889552b476b101dbd2991279
grimbough_rhdf5lib;de6d8d22409d3125ee46ed69e53cbbcda535eab8
grimbough_rhdf5lib;de6e24590b557f6c67614aff0ffcbfe7d26a6fde
grimbough_rhdf5lib;dec0699b46627164526d14d315df2739884bd5d9
grimbough_rhdf5lib;ded1c410a46fb988c23e71abeb63e9b01a7eb1b6
grimbough_rhdf5lib;df7f94e250e259f9dfc1a21eef383fbc9045b98d
grimbough_rhdf5lib;dfb8f44941c98f95299642e35f64342123d41b4b
grimbough_rhdf5lib;e02030e14a939a891c81ea7d153415918923612d
grimbough_rhdf5lib;e04fa39bb8a494f6b2ae02d651284e2efe68dc9a
grimbough_rhdf5lib;e05fc657cb8d7ac865e69f028c35e29dad3aa67f
grimbough_rhdf5lib;e0eb2e7cf499addd67d09daa6210ab14098541f7
grimbough_rhdf5lib;e13178ba4aa5127d13eda63966021517dae6ab94
grimbough_rhdf5lib;e1eecbec092291cf36ec83182d1dd30a9857e346
grimbough_rhdf5lib;e2a63fca8d526baa7a4790f3cbc7bfe18a5aebb6
grimbough_rhdf5lib;e385f9d455acc14af33070583b25d7e472e76a0a
grimbough_rhdf5lib;e41cc4362325b6c487496207beb62d3c124c0a6a
grimbough_rhdf5lib;e59ec596d70d5401ba732c92f694abeadf8a46ac
grimbough_rhdf5lib;e5a70ffd4a05af1377938b5415d3dd8a870bcbbb
grimbough_rhdf5lib;e60e82a78edd3ca6494c5b44ed80521766d4ae86
grimbough_rhdf5lib;e6546ad4a69fec626f59e292aeb68491b191d514
grimbough_rhdf5lib;e6f2f196175c4b914d632948dd2fd72205da36c7
grimbough_rhdf5lib;e739cadb9f86fe363d2facea2d1fd8d1bb5eb5a0
grimbough_rhdf5lib;e74d3cf72416226b7ebbbbcdfa21c7b167c050e6
grimbough_rhdf5lib;e7a1a03e857ee4c60f9569b44ab12d4c5589a593
grimbough_rhdf5lib;e7bbcf1e3131bd96c38a52d1fd2b32d79f925052
grimbough_rhdf5lib;e851e4d71def24c175543526803c33efa9ae4d19
grimbough_rhdf5lib;e92b33b458cb2cb13776da852d846de5b029c0be
grimbough_rhdf5lib;e92b7d57b2a17e2ac957757dbeef980d3922b274
grimbough_rhdf5lib;e98c3af1105dd11ad09ed6fd60794528ffa96533
grimbough_rhdf5lib;ea9d159e03e8fe35bcbd3da1272f183e4cda2b88
grimbough_rhdf5lib;eac1b1e844e6a0032d04ab39afc92a8cf0b8171c
grimbough_rhdf5lib;eb00b22438cba3b5659da3cb681af1cb1794e03f
grimbough_rhdf5lib;eb94d90f50fe199d8e5f3cc8df7a98b35b94c5ba
grimbough_rhdf5lib;ebf9c4becc63de9a6ff127c4c0d7b0f9bea03307
grimbough_rhdf5lib;ec93594b755198295ec69702f0adc5817742f6bf
grimbough_rhdf5lib;ecb743727e675827a1f2d6462f8cfbcb9aaef5cf
grimbough_rhdf5lib;ee53e7d027640c97e974b9b6f2b571cec8b8f38b
grimbough_rhdf5lib;eef9fe32d306c2c05f7206236a0ef4670606b56b
grimbough_rhdf5lib;ef517b786c2800c9b7a9a07f1c7d644f10007cf3
grimbough_rhdf5lib;ef878e9ee4f6c6663dd476cfb795a6350b2237c5
grimbough_rhdf5lib;efaf49d4d2c048b5735d795087dbf2b58f8ffa83
grimbough_rhdf5lib;f0176d17aea787ab2b90011e4261784bde1fb5e9
grimbough_rhdf5lib;f032b08294a3f94bd7601e3c39d486e21a8e04d6
grimbough_rhdf5lib;f05db549701c6802d8ae3892b2951c4e2d0bb947
grimbough_rhdf5lib;f103e2f5300e3720d26a22d9046d4766aa68efae
grimbough_rhdf5lib;f120b6653e4b1e71714a59397558277cb4c7ebf5
grimbough_rhdf5lib;f149c5f1da91e4898798f8cbf27b20ad21585cd4
grimbough_rhdf5lib;f1e1a9baa043af2bafbddfcd4806ed4989889757
grimbough_rhdf5lib;f2bdcc76ebb5d9ce0fd94ae4a941cb58e50cc641
grimbough_rhdf5lib;f2c08f9a3a0a658bcdd01d8de3c0a9f16bbf5273
grimbough_rhdf5lib;f37cb76cbc278ca63dc7718005ac278fbec4856d
grimbough_rhdf5lib;f3b26029774d401b8b9c2caf304d593bad32f64b
grimbough_rhdf5lib;f4936f46399aaf89809e3c67ffb9558f508cec40
grimbough_rhdf5lib;f4cab37161e0f35a172bba47c275647b1d78b425
grimbough_rhdf5lib;f50349cb0522a62cda99ed554eb51a2325c049aa
grimbough_rhdf5lib;f51538bb1faaca83073c6ea67a9f6f6c1f52c24e
grimbough_rhdf5lib;f540a85b561f979b60126d58cfeb6a1cff1b1c38
grimbough_rhdf5lib;f577ab9485536028c5ef479d4ba6a9c299e6be74
grimbough_rhdf5lib;f583bf1ff2bc48e4fa88c82d398257e4c4af0448
grimbough_rhdf5lib;f6026d6cb0b9227fe54a158600e4750e72ccaa0a
grimbough_rhdf5lib;f8001fcb758c981219c7c122fbc8184504e7e93b
grimbough_rhdf5lib;f86b022774c318c0de6ce4b18eb349b3309fd489
grimbough_rhdf5lib;f93f83f42f9f858df81e397ac5e49aad3cc04cc5
grimbough_rhdf5lib;f9513454ddd1123ed9abe6614044d093b1a0fd31
grimbough_rhdf5lib;fa65522ad00b91dbd2fd25884d6575655551e2ba
grimbough_rhdf5lib;fb2b6661e653024f059338267ea17a24c059d680
grimbough_rhdf5lib;fb6bc71feb7815ba40fbe54091dad5fdc8fea8c4
grimbough_rhdf5lib;fba480b2e882b8dcab27968272080140803f6646
grimbough_rhdf5lib;fceac76675e3ed76fd1f5d0a5efb3fb40356c8b2
grimbough_rhdf5lib;fd6ba0a68bd0cc612e35fe29f8501e31f27a1021
grimbough_rhdf5lib;fd776a75cf140ab07ab1d3185d446ade0c720c02
grimbough_rhdf5lib;fdf6b185815c2d7533b44590df5f2061343ac626
grimbough_rhdf5lib;fe44c37286f47130f95aee5f062217c8bf8331bb
grimbough_rhdf5lib;feabfa5c2af351887b436153bfb03686c8b9073c
